# metadata: {"data_age":"2025-09-19 23:30:00 EAT","spread_convention":"XAUUSD: static $0.20 per ounce parser-compatibility estimate; not calibrated and not applied to OHLC.","atr_method":"Wilder ATR(14) is computed from the generated OHLC by the consumer; no ATR column is written.","similar_swing_selection_rule":"Not generated; synth-v2 exports OHLC only and does not create strategy context.","section_marker_convention":"No section markers.","turtle_tick_size":0.01}
datetime,open,high,low,close,is_reliable
2025-07-10 01:00:00,1956.79,1956.81,1956.71,1956.73,true
2025-07-10 01:30:00,1956.72,1956.75,1956.72,1956.75,true
2025-07-10 02:00:00,1956.74,1957.72,1954.59,1955.72,true
2025-07-10 02:30:00,1955.75,1957.11,1954.93,1956.53,true
2025-07-10 03:00:00,1956.63,1956.74,1956.55,1956.70,true
2025-07-10 03:30:00,1956.79,1956.82,1955.03,1955.03,true
2025-07-10 04:00:00,1955.07,1958.95,1953.94,1956.95,true
2025-07-10 04:30:00,1956.96,1982.82,1946.82,1954.86,true
2025-07-10 05:00:00,1954.82,1954.82,1951.76,1951.77,true
2025-07-10 05:30:00,1951.83,1952.60,1948.73,1948.99,true
2025-07-10 06:00:00,1949.04,1949.04,1945.74,1946.66,true
2025-07-10 06:30:00,1946.63,1946.83,1944.48,1945.60,true
2025-07-10 07:00:00,1945.72,1946.01,1944.01,1944.70,true
2025-07-10 07:30:00,1944.70,1948.46,1930.37,1939.37,true
2025-07-10 08:00:00,1939.37,1942.86,1938.96,1942.77,true
2025-07-10 08:30:00,1942.77,1943.53,1940.62,1941.11,true
2025-07-10 09:00:00,1941.04,1946.31,1940.44,1944.19,true
2025-07-10 09:30:00,1944.45,1958.34,1924.01,1941.75,true
2025-07-10 10:00:00,1941.23,1942.21,1929.42,1933.76,true
2025-07-10 10:30:00,1933.39,1934.40,1933.31,1934.26,true
2025-07-10 11:00:00,1934.22,1936.42,1932.84,1933.66,true
2025-07-10 11:30:00,1933.32,1933.73,1923.99,1926.92,true
2025-07-10 12:00:00,1927.14,1927.23,1919.98,1921.41,true
2025-07-10 12:30:00,1921.55,1922.59,1921.36,1922.59,true
2025-07-10 13:00:00,1922.53,1926.95,1916.85,1924.83,true
2025-07-10 13:30:00,1924.67,1934.30,1924.12,1927.42,true
2025-07-10 14:00:00,1927.41,1927.41,1926.61,1926.62,true
2025-07-10 14:30:00,1926.62,1926.62,1924.10,1924.19,true
2025-07-10 15:00:00,1923.99,1925.16,1919.71,1921.05,true
2025-07-10 15:30:00,1921.01,1922.23,1913.52,1916.51,true
2025-07-10 16:00:00,1916.59,1927.66,1903.57,1909.73,true
2025-07-10 16:30:00,1909.60,1911.76,1907.50,1910.53,true
2025-07-10 17:00:00,1910.70,1914.74,1908.01,1913.16,true
2025-07-10 17:30:00,1913.27,1920.75,1911.33,1917.69,true
2025-07-10 18:00:00,1917.69,1918.00,1909.98,1915.11,true
2025-07-10 18:30:00,1915.11,1915.20,1911.48,1911.66,true
2025-07-10 19:00:00,1911.59,1913.59,1910.59,1912.21,true
2025-07-10 19:30:00,1912.05,1912.52,1912.05,1912.46,true
2025-07-10 20:00:00,1912.62,1914.55,1911.75,1914.09,true
2025-07-10 20:30:00,1914.57,1916.89,1909.23,1911.47,true
2025-07-10 21:00:00,1911.45,1912.68,1911.31,1912.17,true
2025-07-10 21:30:00,1912.25,1913.34,1911.05,1911.05,true
2025-07-10 22:00:00,1911.21,1912.50,1910.02,1912.18,true
2025-07-10 22:30:00,1912.11,1914.67,1907.91,1911.47,true
2025-07-10 23:00:00,1911.61,1912.10,1908.49,1911.13,true
2025-07-10 23:30:00,1911.15,1911.30,1911.15,1911.30,true
2025-07-11 01:00:00,1911.31,1912.08,1911.16,1911.68,true
2025-07-11 01:30:00,1911.50,1913.98,1909.33,1909.98,true
2025-07-11 02:00:00,1910.04,1910.50,1907.23,1908.10,true
2025-07-11 02:30:00,1908.07,1915.27,1904.00,1905.92,true
2025-07-11 03:00:00,1905.92,1905.94,1905.92,1905.94,true
2025-07-11 03:30:00,1905.92,1909.45,1905.39,1907.99,true
2025-07-11 04:00:00,1908.28,1912.11,1906.63,1907.24,true
2025-07-11 04:30:00,1907.33,1907.33,1905.31,1905.65,true
2025-07-11 05:00:00,1906.10,1906.25,1905.91,1905.96,true
2025-07-11 05:30:00,1905.97,1906.02,1905.80,1905.84,true
2025-07-11 06:00:00,1905.84,1905.98,1904.90,1905.31,true
2025-07-11 06:30:00,1905.36,1905.53,1904.86,1904.99,true
2025-07-11 07:00:00,1904.91,1906.94,1902.68,1903.57,true
2025-07-11 07:30:00,1903.61,1908.95,1901.05,1906.99,true
2025-07-11 08:00:00,1906.93,1906.99,1905.94,1906.17,true
2025-07-11 08:30:00,1906.20,1906.20,1902.08,1904.31,true
2025-07-11 09:00:00,1904.32,1904.38,1904.06,1904.13,true
2025-07-11 09:30:00,1904.06,1907.04,1904.06,1905.93,true
2025-07-11 10:00:00,1905.95,1906.52,1904.04,1904.19,true
2025-07-11 10:30:00,1904.22,1906.04,1904.17,1905.84,true
2025-07-11 11:00:00,1906.02,1908.77,1900.11,1906.91,true
2025-07-11 11:30:00,1906.95,1907.17,1903.89,1904.01,true
2025-07-11 12:00:00,1904.02,1904.02,1901.52,1901.84,true
2025-07-11 12:30:00,1901.84,1901.84,1900.64,1900.85,true
2025-07-11 13:00:00,1900.88,1904.49,1892.23,1900.04,true
2025-07-11 13:30:00,1900.03,1900.72,1899.50,1900.69,true
2025-07-11 14:00:00,1900.55,1901.52,1897.98,1898.26,true
2025-07-11 14:30:00,1898.31,1898.47,1894.29,1896.30,true
2025-07-11 15:00:00,1896.32,1899.35,1890.65,1892.75,true
2025-07-11 15:30:00,1892.77,1892.80,1892.10,1892.20,true
2025-07-11 16:00:00,1892.27,1893.67,1892.07,1893.64,true
2025-07-11 16:30:00,1893.61,1893.87,1892.10,1892.30,true
2025-07-11 17:00:00,1892.35,1892.81,1890.08,1890.19,true
2025-07-11 17:30:00,1890.16,1926.35,1880.02,1892.95,true
2025-07-11 18:00:00,1892.98,1893.91,1891.33,1892.01,true
2025-07-11 18:30:00,1892.03,1893.85,1892.03,1892.97,true
2025-07-11 19:00:00,1892.66,1893.52,1892.23,1893.47,true
2025-07-11 19:30:00,1893.54,1896.79,1883.05,1892.31,true
2025-07-11 20:00:00,1892.36,1907.26,1888.16,1894.61,true
2025-07-11 20:30:00,1894.28,1896.98,1893.99,1896.75,true
2025-07-11 21:00:00,1896.66,1899.50,1890.99,1891.16,true
2025-07-11 21:30:00,1890.60,1891.50,1888.50,1889.06,true
2025-07-11 22:00:00,1889.14,1890.85,1885.20,1886.57,true
2025-07-11 22:30:00,1886.73,1887.18,1870.31,1876.78,true
2025-07-11 23:00:00,1876.54,1897.29,1857.40,1873.72,true
2025-07-11 23:30:00,1873.69,1877.75,1871.07,1871.51,true
2025-07-14 01:00:00,1870.55,1870.63,1868.53,1869.03,true
2025-07-14 01:30:00,1869.03,1869.03,1865.63,1867.20,true
2025-07-14 02:00:00,1867.21,1867.51,1863.85,1865.84,true
2025-07-14 02:30:00,1865.78,1865.78,1865.12,1865.31,true
2025-07-14 03:00:00,1865.29,1865.40,1859.76,1860.21,true
2025-07-14 03:30:00,1860.24,1860.34,1859.65,1859.91,true
2025-07-14 04:00:00,1859.86,1860.08,1859.55,1859.65,true
2025-07-14 04:30:00,1859.57,1859.57,1859.16,1859.16,true
2025-07-14 05:00:00,1859.29,1859.32,1858.80,1858.83,true
2025-07-14 05:30:00,1858.73,1858.80,1858.71,1858.79,true
2025-07-14 06:00:00,1858.91,1868.64,1858.32,1866.06,true
2025-07-14 06:30:00,1865.97,1872.69,1857.43,1864.85,true
2025-07-14 07:00:00,1864.63,1865.97,1862.54,1863.86,true
2025-07-14 07:30:00,1863.96,1865.22,1863.85,1865.03,true
2025-07-14 08:00:00,1864.73,1864.82,1861.79,1863.45,true
2025-07-14 08:30:00,1863.27,1868.54,1861.23,1866.73,true
2025-07-14 09:00:00,1866.73,1878.38,1837.07,1870.04,true
2025-07-14 09:30:00,1869.71,1869.83,1869.67,1869.74,true
2025-07-14 10:00:00,1869.94,1871.49,1859.95,1862.96,true
2025-07-14 10:30:00,1862.81,1867.52,1855.94,1856.76,true
2025-07-14 11:00:00,1856.92,1858.04,1851.29,1858.01,true
2025-07-14 11:30:00,1858.01,1858.64,1854.31,1856.39,true
2025-07-14 12:00:00,1856.08,1867.20,1848.74,1851.93,true
2025-07-14 12:30:00,1851.90,1855.86,1850.12,1853.77,true
2025-07-14 13:00:00,1853.03,1857.10,1830.74,1851.24,true
2025-07-14 13:30:00,1850.81,1863.73,1844.73,1848.53,true
2025-07-14 14:00:00,1848.54,1852.27,1848.04,1851.50,true
2025-07-14 14:30:00,1851.60,1851.80,1850.63,1851.09,true
2025-07-14 15:00:00,1851.03,1853.40,1848.71,1852.79,true
2025-07-14 15:30:00,1852.94,1854.08,1851.19,1851.29,true
2025-07-14 16:00:00,1851.07,1851.48,1850.86,1851.35,true
2025-07-14 16:30:00,1851.31,1851.66,1845.43,1846.15,true
2025-07-14 17:00:00,1846.02,1890.29,1822.20,1841.75,true
2025-07-14 17:30:00,1842.55,1843.98,1835.65,1837.95,true
2025-07-14 18:00:00,1837.95,1838.96,1833.10,1834.90,true
2025-07-14 18:30:00,1835.05,1837.64,1833.55,1833.62,true
2025-07-14 19:00:00,1833.60,1833.61,1832.01,1832.47,true
2025-07-14 19:30:00,1832.33,1852.44,1816.82,1837.01,true
2025-07-14 20:00:00,1837.49,1838.40,1831.10,1836.11,true
2025-07-14 20:30:00,1836.08,1840.83,1826.15,1838.13,true
2025-07-14 21:00:00,1837.87,1849.03,1824.68,1840.35,true
2025-07-14 21:30:00,1839.58,1839.91,1838.80,1839.14,true
2025-07-14 22:00:00,1839.16,1846.12,1822.94,1832.07,true
2025-07-14 22:30:00,1831.43,1835.52,1829.51,1829.93,true
2025-07-14 23:00:00,1829.77,1830.25,1829.03,1829.28,true
2025-07-14 23:30:00,1829.76,1829.78,1829.33,1829.33,true
2025-07-15 01:00:00,1829.81,1831.77,1808.82,1827.60,true
2025-07-15 01:30:00,1827.56,1827.56,1809.44,1823.96,true
2025-07-15 02:00:00,1824.29,1825.10,1788.09,1820.42,true
2025-07-15 02:30:00,1820.42,1833.18,1812.90,1823.48,true
2025-07-15 03:00:00,1823.34,1824.02,1817.24,1820.22,true
2025-07-15 03:30:00,1820.27,1820.74,1818.38,1819.08,true
2025-07-15 04:00:00,1818.70,1818.70,1807.28,1814.17,true
2025-07-15 04:30:00,1814.08,1819.12,1812.04,1812.29,true
2025-07-15 05:00:00,1812.72,1830.44,1798.96,1811.00,true
2025-07-15 05:30:00,1811.07,1811.07,1805.29,1808.33,true
2025-07-15 06:00:00,1808.14,1809.13,1808.13,1808.36,true
2025-07-15 06:30:00,1808.66,1812.09,1808.32,1810.87,true
2025-07-15 07:00:00,1810.68,1811.38,1806.43,1807.33,true
2025-07-15 07:30:00,1807.90,1808.51,1804.04,1805.96,true
2025-07-15 08:00:00,1806.17,1812.51,1799.76,1799.76,true
2025-07-15 08:30:00,1799.74,1802.60,1799.32,1802.50,true
2025-07-15 09:00:00,1802.22,1805.77,1796.30,1798.06,true
2025-07-15 09:30:00,1797.96,1807.03,1787.08,1795.24,true
2025-07-15 10:00:00,1795.39,1797.79,1795.09,1797.11,true
2025-07-15 10:30:00,1797.50,1810.21,1792.15,1805.57,true
2025-07-15 11:00:00,1805.52,1819.55,1797.91,1803.30,true
2025-07-15 11:30:00,1802.17,1803.98,1790.19,1798.86,true
2025-07-15 12:00:00,1799.64,1801.52,1794.75,1801.26,true
2025-07-15 12:30:00,1801.33,1802.27,1795.60,1798.31,true
2025-07-15 13:00:00,1797.89,1797.99,1793.88,1796.31,true
2025-07-15 13:30:00,1795.16,1795.58,1794.43,1794.64,true
2025-07-15 14:00:00,1795.12,1795.32,1786.21,1789.21,true
2025-07-15 14:30:00,1789.08,1789.66,1788.73,1789.65,true
2025-07-15 15:00:00,1789.65,1790.30,1789.55,1790.08,true
2025-07-15 15:30:00,1790.40,1796.42,1787.59,1793.67,true
2025-07-15 16:00:00,1793.20,1794.82,1789.17,1790.04,true
2025-07-15 16:30:00,1789.95,1818.45,1785.61,1786.13,true
2025-07-15 17:00:00,1786.10,1786.39,1783.74,1783.90,true
2025-07-15 17:30:00,1783.99,1790.85,1781.57,1788.25,true
2025-07-15 18:00:00,1788.33,1789.81,1787.91,1789.31,true
2025-07-15 18:30:00,1789.73,1790.27,1788.63,1788.82,true
2025-07-15 19:00:00,1788.91,1789.09,1783.04,1787.70,true
2025-07-15 19:30:00,1787.79,1789.93,1786.94,1788.23,true
2025-07-15 20:00:00,1788.09,1789.60,1785.99,1786.26,true
2025-07-15 20:30:00,1786.42,1786.85,1785.50,1786.11,true
2025-07-15 21:00:00,1786.97,1797.52,1781.07,1791.71,true
2025-07-15 21:30:00,1791.48,1793.09,1790.72,1792.21,true
2025-07-15 22:00:00,1792.35,1794.06,1788.65,1789.85,true
2025-07-15 22:30:00,1789.85,1790.71,1789.37,1790.25,true
2025-07-15 23:00:00,1790.23,1791.05,1790.22,1790.78,true
2025-07-15 23:30:00,1790.60,1791.57,1786.96,1787.24,true
2025-07-16 01:00:00,1786.92,1786.95,1785.98,1786.52,true
2025-07-16 01:30:00,1786.49,1786.50,1786.42,1786.46,true
2025-07-16 02:00:00,1786.46,1787.82,1786.39,1787.62,true
2025-07-16 02:30:00,1787.50,1787.70,1787.36,1787.36,true
2025-07-16 03:00:00,1787.34,1795.62,1784.69,1795.24,true
2025-07-16 03:30:00,1795.13,1796.25,1794.01,1794.58,true
2025-07-16 04:00:00,1794.60,1801.83,1787.82,1795.84,true
2025-07-16 04:30:00,1796.24,1797.81,1790.97,1795.67,true
2025-07-16 05:00:00,1795.65,1804.12,1794.71,1797.61,true
2025-07-16 05:30:00,1797.68,1797.85,1797.20,1797.63,true
2025-07-16 06:00:00,1797.55,1797.55,1790.08,1797.12,true
2025-07-16 06:30:00,1797.05,1797.10,1796.85,1796.95,true
2025-07-16 07:00:00,1796.85,1797.84,1796.67,1797.07,true
2025-07-16 07:30:00,1796.56,1796.57,1794.27,1794.68,true
2025-07-16 08:00:00,1794.91,1798.46,1792.74,1794.52,true
2025-07-16 08:30:00,1794.52,1800.26,1789.43,1793.42,true
2025-07-16 09:00:00,1793.47,1793.55,1793.47,1793.55,true
2025-07-16 09:30:00,1793.42,1795.45,1781.24,1791.60,true
2025-07-16 10:00:00,1791.59,1792.09,1788.21,1788.54,true
2025-07-16 10:30:00,1788.68,1797.17,1783.84,1792.26,true
2025-07-16 11:00:00,1792.70,1792.75,1792.69,1792.69,true
2025-07-16 11:30:00,1792.56,1792.64,1787.87,1787.91,true
2025-07-16 12:00:00,1787.93,1788.44,1786.46,1787.47,true
2025-07-16 12:30:00,1787.41,1787.71,1787.35,1787.56,true
2025-07-16 13:00:00,1787.76,1787.81,1787.19,1787.39,true
2025-07-16 13:30:00,1787.38,1789.08,1785.65,1786.45,true
2025-07-16 14:00:00,1786.30,1794.38,1784.34,1784.69,true
2025-07-16 14:30:00,1784.69,1787.49,1781.41,1783.81,true
2025-07-16 15:00:00,1783.80,1784.39,1783.66,1784.29,true
2025-07-16 15:30:00,1784.32,1785.12,1783.61,1783.82,true
2025-07-16 16:00:00,1783.88,1784.28,1783.76,1783.76,true
2025-07-16 16:30:00,1783.72,1784.20,1776.04,1777.55,true
2025-07-16 17:00:00,1777.68,1780.53,1775.02,1780.20,true
2025-07-16 17:30:00,1779.88,1780.64,1776.13,1777.04,true
2025-07-16 18:00:00,1777.04,1777.13,1777.01,1777.06,true
2025-07-16 18:30:00,1777.33,1781.90,1776.86,1778.62,true
2025-07-16 19:00:00,1779.15,1779.41,1778.23,1778.41,true
2025-07-16 19:30:00,1778.38,1778.86,1775.16,1776.03,true
2025-07-16 20:00:00,1776.17,1776.45,1776.07,1776.07,true
2025-07-16 20:30:00,1776.00,1780.81,1776.00,1779.79,true
2025-07-16 21:00:00,1779.75,1782.93,1776.40,1782.40,true
2025-07-16 21:30:00,1782.40,1782.41,1781.98,1782.10,true
2025-07-16 22:00:00,1782.14,1782.56,1781.33,1781.90,true
2025-07-16 22:30:00,1781.99,1782.24,1781.99,1782.20,true
2025-07-16 23:00:00,1782.19,1783.92,1780.78,1781.21,true
2025-07-16 23:30:00,1781.11,1781.72,1775.82,1777.64,true
2025-07-17 00:00:00,1777.64,1777.64,1777.52,1777.53,true
2025-07-17 00:30:00,1777.55,1780.41,1775.26,1776.59,true
2025-07-17 02:00:00,1776.72,1777.13,1776.66,1777.02,true
2025-07-17 02:30:00,1777.20,1777.93,1776.36,1776.97,true
2025-07-17 03:00:00,1776.97,1778.11,1773.57,1777.68,true
2025-07-17 03:30:00,1777.65,1778.21,1777.62,1777.80,true
2025-07-17 04:00:00,1777.25,1778.18,1775.63,1775.90,true
2025-07-17 04:30:00,1775.73,1776.04,1775.52,1775.87,true
2025-07-17 05:00:00,1775.90,1776.61,1773.57,1774.33,true
2025-07-17 05:30:00,1774.36,1774.45,1773.29,1773.34,true
2025-07-17 06:00:00,1773.38,1774.05,1773.02,1773.86,true
2025-07-17 06:30:00,1773.90,1775.48,1773.18,1774.62,true
2025-07-17 07:00:00,1774.59,1776.16,1774.02,1775.11,true
2025-07-17 07:30:00,1775.10,1775.34,1774.18,1774.62,true
2025-07-17 08:00:00,1774.64,1774.78,1774.54,1774.72,true
2025-07-17 08:30:00,1774.70,1774.70,1772.68,1772.91,true
2025-07-17 09:00:00,1772.84,1773.58,1771.44,1772.52,true
2025-07-17 09:30:00,1772.52,1775.50,1772.09,1773.21,true
2025-07-17 10:00:00,1773.18,1773.34,1770.52,1770.74,true
2025-07-17 10:30:00,1770.75,1774.61,1768.41,1768.76,true
2025-07-17 11:00:00,1768.77,1771.85,1768.77,1769.11,true
2025-07-17 11:30:00,1769.09,1769.10,1768.90,1768.90,true
2025-07-17 12:00:00,1768.96,1770.99,1762.22,1768.18,true
2025-07-17 12:30:00,1768.19,1769.63,1766.22,1768.99,true
2025-07-17 13:00:00,1769.00,1769.00,1767.97,1768.25,true
2025-07-17 13:30:00,1768.25,1770.09,1767.80,1768.52,true
2025-07-17 14:00:00,1768.39,1769.30,1768.03,1769.04,true
2025-07-17 14:30:00,1769.13,1769.25,1769.00,1769.02,true
2025-07-17 15:00:00,1769.07,1769.20,1768.03,1768.65,true
2025-07-17 15:30:00,1768.73,1772.33,1766.56,1767.96,true
2025-07-17 16:00:00,1767.97,1768.06,1767.80,1767.86,true
2025-07-17 16:30:00,1767.72,1768.15,1766.76,1767.17,true
2025-07-17 17:00:00,1767.22,1767.88,1767.20,1767.48,true
2025-07-17 17:30:00,1767.40,1768.45,1763.05,1764.22,true
2025-07-17 18:00:00,1764.26,1764.36,1763.41,1763.41,true
2025-07-17 18:30:00,1763.33,1763.46,1763.30,1763.40,true
2025-07-17 19:00:00,1763.41,1767.43,1762.03,1762.75,true
2025-07-17 19:30:00,1762.75,1764.85,1762.33,1762.54,true
2025-07-17 20:00:00,1762.53,1762.60,1761.47,1761.49,true
2025-07-17 20:30:00,1761.48,1761.51,1761.41,1761.43,true
2025-07-17 21:00:00,1761.41,1761.74,1760.64,1761.67,true
2025-07-17 21:30:00,1761.68,1762.03,1759.47,1760.16,true
2025-07-17 22:00:00,1760.07,1761.78,1759.67,1760.64,true
2025-07-17 22:30:00,1760.64,1762.19,1760.64,1761.41,true
2025-07-17 23:00:00,1761.42,1761.73,1758.95,1760.72,true
2025-07-17 23:30:00,1760.69,1760.70,1760.66,1760.66,true
2025-07-18 01:00:00,1761.68,1763.12,1761.56,1762.84,true
2025-07-18 01:30:00,1762.86,1762.91,1762.52,1762.53,true
2025-07-18 02:00:00,1762.52,1762.72,1762.50,1762.70,true
2025-07-18 02:30:00,1762.72,1764.16,1762.46,1764.04,true
2025-07-18 03:00:00,1764.27,1765.18,1763.84,1764.58,true
2025-07-18 03:30:00,1764.61,1765.05,1762.36,1762.92,true
2025-07-18 04:00:00,1762.92,1764.95,1760.25,1761.04,true
2025-07-18 04:30:00,1761.08,1761.90,1760.48,1761.72,true
2025-07-18 05:00:00,1761.76,1761.93,1760.12,1760.40,true
2025-07-18 05:30:00,1760.38,1760.87,1760.24,1760.81,true
2025-07-18 06:00:00,1760.82,1761.21,1760.82,1761.11,true
2025-07-18 06:30:00,1760.97,1762.53,1755.98,1759.63,true
2025-07-18 07:00:00,1759.65,1760.04,1756.49,1758.91,true
2025-07-18 07:30:00,1758.85,1759.52,1758.81,1759.22,true
2025-07-18 08:00:00,1759.30,1760.51,1758.36,1758.68,true
2025-07-18 08:30:00,1758.64,1763.43,1755.95,1758.22,true
2025-07-18 09:00:00,1758.21,1782.56,1750.89,1755.48,true
2025-07-18 09:30:00,1755.48,1755.87,1753.90,1754.24,true
2025-07-18 10:00:00,1754.24,1754.24,1749.00,1752.65,true
2025-07-18 10:30:00,1752.48,1755.08,1751.53,1755.08,true
2025-07-18 11:00:00,1754.92,1754.94,1754.60,1754.79,true
2025-07-18 11:30:00,1754.65,1754.72,1751.47,1751.78,true
2025-07-18 12:00:00,1751.69,1751.74,1751.67,1751.67,true
2025-07-18 12:30:00,1751.67,1753.03,1750.24,1751.12,true
2025-07-18 13:00:00,1751.13,1756.02,1749.97,1754.81,true
2025-07-18 13:30:00,1754.77,1754.88,1748.37,1750.27,true
2025-07-18 14:00:00,1750.29,1752.44,1749.62,1752.35,true
2025-07-18 14:30:00,1752.41,1756.80,1751.16,1753.75,true
2025-07-18 15:00:00,1753.67,1754.89,1749.52,1752.73,true
2025-07-18 15:30:00,1752.74,1752.75,1748.40,1749.32,true
2025-07-18 16:00:00,1749.13,1754.03,1746.79,1747.36,true
2025-07-18 16:30:00,1747.11,1751.11,1744.40,1751.03,true
2025-07-18 17:00:00,1750.97,1751.50,1746.33,1748.15,true
2025-07-18 17:30:00,1748.22,1750.33,1743.72,1745.77,true
2025-07-18 18:00:00,1745.70,1746.14,1743.86,1744.24,true
2025-07-18 18:30:00,1744.30,1749.00,1742.05,1742.85,true
2025-07-18 19:00:00,1742.79,1743.29,1742.49,1743.22,true
2025-07-18 19:30:00,1743.50,1744.12,1742.96,1743.24,true
2025-07-18 20:00:00,1743.23,1743.69,1741.03,1741.05,true
2025-07-18 20:30:00,1741.26,1741.42,1741.02,1741.29,true
2025-07-18 21:00:00,1737.51,1737.51,1733.04,1735.00,true
2025-07-18 21:30:00,1734.72,1743.51,1725.49,1727.24,true
2025-07-18 22:00:00,1727.19,1728.10,1724.96,1725.50,true
2025-07-18 22:30:00,1725.44,1728.88,1724.50,1728.64,true
2025-07-18 23:00:00,1728.85,1730.59,1726.70,1727.38,true
2025-07-18 23:30:00,1727.51,1727.75,1727.27,1727.36,true
2025-07-21 02:00:00,1728.73,1731.69,1728.73,1729.48,true
2025-07-21 02:30:00,1729.79,1732.94,1729.18,1731.67,true
2025-07-21 03:00:00,1731.51,1735.41,1726.57,1728.20,true
2025-07-21 03:30:00,1728.30,1735.52,1721.70,1732.48,true
2025-07-21 04:00:00,1731.87,1731.95,1725.31,1729.59,true
2025-07-21 04:30:00,1729.62,1730.54,1724.93,1727.43,true
2025-07-21 05:00:00,1727.29,1727.41,1726.86,1727.18,true
2025-07-21 05:30:00,1727.07,1727.71,1725.88,1725.99,true
2025-07-21 06:00:00,1726.19,1726.19,1724.18,1725.57,true
2025-07-21 06:30:00,1725.71,1726.35,1723.59,1723.84,true
2025-07-21 07:00:00,1724.02,1725.84,1723.92,1725.49,true
2025-07-21 07:30:00,1725.46,1726.36,1721.44,1721.89,true
2025-07-21 08:00:00,1721.93,1724.46,1721.29,1723.44,true
2025-07-21 08:30:00,1723.44,1723.81,1722.51,1722.65,true
2025-07-21 09:00:00,1722.76,1723.24,1721.31,1723.10,true
2025-07-21 09:30:00,1723.07,1723.23,1721.55,1721.71,true
2025-07-21 10:00:00,1721.85,1721.86,1719.47,1720.06,true
2025-07-21 10:30:00,1720.05,1726.31,1715.05,1722.28,true
2025-07-21 11:00:00,1722.28,1729.11,1721.66,1724.27,true
2025-07-21 11:30:00,1724.18,1726.40,1723.03,1725.38,true
2025-07-21 12:00:00,1725.23,1739.69,1714.20,1721.34,true
2025-07-21 12:30:00,1721.03,1723.83,1716.68,1718.31,true
2025-07-21 13:00:00,1718.53,1718.53,1717.99,1718.32,true
2025-07-21 13:30:00,1718.32,1718.94,1718.32,1718.84,true
2025-07-21 14:00:00,1718.81,1719.41,1716.36,1718.11,true
2025-07-21 14:30:00,1718.39,1719.37,1713.33,1714.36,true
2025-07-21 15:00:00,1714.11,1714.63,1713.33,1713.69,true
2025-07-21 15:30:00,1713.63,1717.20,1710.10,1714.38,true
2025-07-21 16:00:00,1714.26,1715.99,1702.49,1709.07,true
2025-07-21 16:30:00,1708.99,1711.35,1708.99,1710.90,true
2025-07-21 17:00:00,1711.01,1712.75,1704.81,1706.82,true
2025-07-21 17:30:00,1706.90,1707.31,1705.01,1706.01,true
2025-07-21 18:00:00,1705.93,1707.92,1704.81,1706.60,true
2025-07-21 18:30:00,1706.52,1709.02,1697.93,1704.86,true
2025-07-21 19:00:00,1705.30,1705.30,1701.91,1703.31,true
2025-07-21 19:30:00,1703.43,1704.27,1702.57,1704.04,true
2025-07-21 20:00:00,1703.87,1706.47,1703.53,1706.20,true
2025-07-21 20:30:00,1705.79,1705.89,1705.03,1705.04,true
2025-07-21 21:00:00,1705.07,1705.98,1702.85,1703.11,true
2025-07-21 21:30:00,1702.87,1703.04,1702.83,1702.83,true
2025-07-21 22:00:00,1702.70,1704.63,1701.54,1703.32,true
2025-07-22 01:00:00,1703.32,1704.44,1701.30,1702.84,true
2025-07-22 01:30:00,1702.80,1704.14,1702.66,1704.14,true
2025-07-22 02:00:00,1704.14,1704.43,1702.67,1702.70,true
2025-07-22 02:30:00,1702.64,1709.24,1700.51,1703.94,true
2025-07-22 03:00:00,1704.12,1705.51,1701.70,1701.98,true
2025-07-22 03:30:00,1701.92,1702.40,1701.91,1702.37,true
2025-07-22 04:00:00,1702.49,1707.61,1701.29,1706.92,true
2025-07-22 04:30:00,1706.67,1709.12,1704.05,1704.74,true
2025-07-22 05:00:00,1704.58,1704.58,1702.75,1702.89,true
2025-07-22 05:30:00,1702.89,1703.02,1696.68,1697.82,true
2025-07-22 06:00:00,1697.63,1698.44,1695.70,1696.50,true
2025-07-22 06:30:00,1696.37,1696.63,1696.29,1696.53,true
2025-07-22 07:00:00,1696.52,1696.61,1696.47,1696.61,true
2025-07-22 07:30:00,1696.46,1699.03,1695.96,1698.24,true
2025-07-22 08:00:00,1698.51,1698.51,1693.22,1694.45,true
2025-07-22 08:30:00,1694.07,1695.87,1694.07,1695.81,true
2025-07-22 09:00:00,1695.91,1700.37,1695.89,1700.19,true
2025-07-22 09:30:00,1700.19,1700.31,1699.72,1700.01,true
2025-07-22 10:00:00,1700.00,1700.60,1699.98,1700.59,true
2025-07-22 10:30:00,1700.66,1702.79,1700.66,1702.31,true
2025-07-22 11:00:00,1702.31,1702.48,1702.27,1702.36,true
2025-07-22 11:30:00,1702.44,1702.48,1702.43,1702.48,true
2025-07-22 12:00:00,1702.48,1702.72,1702.29,1702.70,true
2025-07-22 12:30:00,1702.72,1709.09,1702.71,1706.12,true
2025-07-22 13:00:00,1706.10,1706.60,1703.76,1704.53,true
2025-07-22 13:30:00,1704.40,1705.97,1704.36,1705.85,true
2025-07-22 14:00:00,1705.96,1706.30,1705.87,1706.30,true
2025-07-22 14:30:00,1706.28,1709.08,1703.18,1708.46,true
2025-07-22 15:00:00,1708.53,1728.22,1704.11,1712.00,true
2025-07-22 15:30:00,1711.96,1719.98,1692.58,1716.28,true
2025-07-22 16:00:00,1716.37,1716.81,1715.26,1715.89,true
2025-07-22 16:30:00,1715.99,1718.50,1714.94,1716.86,true
2025-07-22 17:00:00,1716.82,1717.06,1715.86,1716.28,true
2025-07-22 17:30:00,1716.18,1716.35,1715.39,1715.83,true
2025-07-22 18:00:00,1715.92,1717.88,1712.03,1712.28,true
2025-07-22 18:30:00,1712.25,1712.80,1706.38,1710.02,true
2025-07-22 19:00:00,1709.68,1709.77,1707.01,1707.01,true
2025-07-22 19:30:00,1706.89,1707.91,1705.68,1707.13,true
2025-07-22 20:00:00,1706.99,1709.50,1704.32,1704.85,true
2025-07-22 20:30:00,1704.84,1704.90,1702.26,1702.70,true
2025-07-22 21:00:00,1702.70,1702.80,1702.34,1702.75,true
2025-07-22 21:30:00,1702.78,1702.95,1700.36,1701.86,true
2025-07-22 22:00:00,1701.73,1702.25,1701.69,1702.23,true
2025-07-22 22:30:00,1702.16,1705.74,1692.01,1698.50,true
2025-07-22 23:00:00,1698.47,1701.43,1695.31,1696.99,true
2025-07-22 23:30:00,1697.01,1697.79,1696.60,1697.49,true
2025-07-23 01:00:00,1696.88,1696.94,1686.60,1687.51,true
2025-07-23 01:30:00,1687.27,1689.69,1687.07,1689.30,true
2025-07-23 02:00:00,1689.29,1694.78,1688.31,1694.26,true
2025-07-23 02:30:00,1695.17,1695.30,1692.97,1693.29,true
2025-07-23 03:00:00,1693.35,1697.15,1689.79,1695.90,true
2025-07-23 03:30:00,1695.94,1697.69,1693.04,1693.19,true
2025-07-23 04:00:00,1693.19,1693.96,1617.66,1679.79,true
2025-07-23 04:30:00,1680.09,1681.35,1669.21,1677.52,true
2025-07-23 05:00:00,1677.51,1691.55,1673.15,1675.25,true
2025-07-23 05:30:00,1675.21,1678.38,1666.42,1669.71,true
2025-07-23 06:00:00,1670.13,1675.13,1668.13,1670.13,true
2025-07-23 06:30:00,1668.48,1669.00,1667.07,1668.76,true
2025-07-23 07:00:00,1668.09,1670.96,1661.21,1664.52,true
2025-07-23 07:30:00,1664.31,1664.44,1664.25,1664.37,true
2025-07-23 08:00:00,1663.99,1664.86,1663.18,1663.80,true
2025-07-23 08:30:00,1664.33,1664.79,1662.70,1662.85,true
2025-07-23 09:00:00,1663.76,1663.76,1663.68,1663.68,true
2025-07-23 09:30:00,1663.21,1663.21,1661.06,1662.45,true
2025-07-23 10:00:00,1662.42,1664.00,1662.08,1663.38,true
2025-07-23 10:30:00,1663.34,1663.89,1661.49,1662.52,true
2025-07-23 11:00:00,1662.93,1663.47,1662.92,1663.46,true
2025-07-23 11:30:00,1663.59,1663.69,1662.53,1662.63,true
2025-07-23 12:00:00,1662.68,1676.22,1635.82,1665.11,true
2025-07-23 12:30:00,1664.96,1666.34,1660.46,1661.69,true
2025-07-23 13:00:00,1661.57,1663.99,1661.27,1663.32,true
2025-07-23 13:30:00,1663.24,1664.25,1660.45,1662.83,true
2025-07-23 14:00:00,1663.15,1663.63,1662.57,1662.96,true
2025-07-23 14:30:00,1662.88,1668.32,1661.61,1666.32,true
2025-07-23 15:00:00,1666.30,1671.73,1664.56,1668.39,true
2025-07-23 15:30:00,1668.08,1669.17,1666.45,1666.50,true
2025-07-23 16:00:00,1666.45,1669.81,1656.09,1664.77,true
2025-07-23 16:30:00,1664.65,1668.98,1663.30,1666.83,true
2025-07-23 17:00:00,1666.83,1674.75,1666.83,1673.88,true
2025-07-23 17:30:00,1673.88,1686.32,1672.26,1681.57,true
2025-07-23 18:00:00,1681.54,1683.29,1681.08,1682.00,true
2025-07-23 18:30:00,1681.96,1685.27,1679.80,1684.63,true
2025-07-23 19:00:00,1684.64,1695.87,1682.54,1691.59,true
2025-07-23 19:30:00,1691.70,1694.47,1687.38,1693.74,true
2025-07-23 20:00:00,1694.26,1694.42,1679.99,1688.85,true
2025-07-23 20:30:00,1688.88,1688.94,1688.51,1688.66,true
2025-07-23 21:00:00,1688.00,1691.54,1676.03,1684.91,true
2025-07-23 21:30:00,1684.95,1685.67,1684.11,1685.52,true
2025-07-23 22:00:00,1685.61,1686.50,1683.71,1684.39,true
2025-07-23 22:30:00,1684.68,1687.02,1681.49,1683.89,true
2025-07-23 23:00:00,1683.83,1683.96,1683.01,1683.69,true
2025-07-23 23:30:00,1684.18,1684.52,1681.21,1681.46,true
2025-07-24 00:00:00,1681.72,1684.38,1679.30,1683.56,true
2025-07-24 00:30:00,1683.33,1690.25,1679.91,1685.19,true
2025-07-24 01:00:00,1685.19,1687.02,1683.37,1686.64,true
2025-07-24 01:30:00,1686.71,1687.95,1683.22,1685.15,true
2025-07-24 02:00:00,1685.10,1686.29,1683.29,1686.06,true
2025-07-24 02:30:00,1686.03,1690.67,1684.53,1688.90,true
2025-07-24 03:00:00,1688.97,1690.79,1688.11,1688.16,true
2025-07-24 03:30:00,1687.91,1688.06,1687.21,1687.44,true
2025-07-24 04:00:00,1686.96,1688.08,1686.66,1687.30,true
2025-07-24 04:30:00,1687.16,1687.76,1687.11,1687.42,true
2025-07-24 05:00:00,1687.68,1688.09,1686.80,1687.34,true
2025-07-24 05:30:00,1687.23,1687.33,1684.77,1685.13,true
2025-07-24 06:00:00,1685.29,1685.60,1683.37,1684.22,true
2025-07-24 06:30:00,1684.28,1686.19,1684.13,1684.96,true
2025-07-24 07:00:00,1685.04,1685.66,1682.06,1683.69,true
2025-07-24 07:30:00,1683.70,1683.70,1682.01,1682.17,true
2025-07-24 08:00:00,1682.29,1682.29,1679.68,1680.71,true
2025-07-24 08:30:00,1680.72,1685.70,1680.49,1683.46,true
2025-07-24 09:00:00,1683.47,1688.87,1680.76,1680.76,true
2025-07-24 09:30:00,1679.80,1685.58,1677.38,1685.01,true
2025-07-24 10:00:00,1685.19,1686.54,1678.21,1681.02,true
2025-07-24 10:30:00,1681.03,1681.08,1680.42,1680.52,true
2025-07-24 11:00:00,1680.43,1681.36,1672.64,1676.41,true
2025-07-24 11:30:00,1676.29,1677.21,1676.20,1677.21,true
2025-07-24 12:00:00,1677.08,1684.07,1670.38,1679.41,true
2025-07-24 12:30:00,1679.36,1679.45,1673.52,1675.56,true
2025-07-24 13:00:00,1674.87,1677.92,1672.07,1672.77,true
2025-07-24 13:30:00,1672.84,1673.45,1671.53,1671.76,true
2025-07-24 14:00:00,1671.76,1671.76,1664.39,1665.48,true
2025-07-24 14:30:00,1665.35,1673.80,1651.15,1667.04,true
2025-07-24 15:00:00,1667.22,1668.23,1666.89,1668.13,true
2025-07-24 15:30:00,1668.09,1668.68,1655.49,1659.07,true
2025-07-24 16:00:00,1659.07,1676.64,1642.17,1663.31,true
2025-07-24 16:30:00,1663.31,1666.54,1656.10,1665.05,true
2025-07-24 17:00:00,1665.16,1668.13,1642.50,1644.65,true
2025-07-24 17:30:00,1644.75,1650.49,1639.04,1649.40,true
2025-07-24 18:00:00,1649.74,1652.12,1636.54,1639.94,true
2025-07-24 18:30:00,1641.08,1642.46,1637.81,1641.88,true
2025-07-24 19:00:00,1641.76,1643.11,1639.11,1640.19,true
2025-07-24 19:30:00,1639.85,1639.91,1639.18,1639.47,true
2025-07-24 20:00:00,1639.41,1640.73,1625.55,1628.66,true
2025-07-24 20:30:00,1628.59,1644.73,1619.20,1634.85,true
2025-07-24 21:00:00,1634.63,1634.78,1631.28,1631.84,true
2025-07-24 21:30:00,1631.38,1641.54,1616.07,1626.78,true
2025-07-24 22:00:00,1626.87,1627.48,1621.56,1623.83,true
2025-07-24 22:30:00,1623.87,1623.94,1619.93,1620.83,true
2025-07-24 23:00:00,1620.87,1620.98,1620.86,1620.95,true
2025-07-24 23:30:00,1620.31,1624.88,1619.48,1622.59,true
2025-07-25 00:00:00,1622.53,1623.76,1620.99,1621.45,true
2025-07-25 00:30:00,1621.50,1622.60,1620.47,1621.13,true
2025-07-25 02:00:00,1620.76,1621.74,1619.77,1620.02,true
2025-07-25 02:30:00,1619.59,1633.13,1616.29,1622.46,true
2025-07-25 03:00:00,1622.69,1623.25,1615.40,1619.99,true
2025-07-25 03:30:00,1620.91,1620.97,1620.37,1620.43,true
2025-07-25 04:00:00,1620.24,1621.62,1615.75,1618.36,true
2025-07-25 04:30:00,1618.54,1621.26,1616.72,1620.22,true
2025-07-25 05:00:00,1620.09,1623.35,1611.40,1619.30,true
2025-07-25 05:30:00,1619.16,1625.03,1615.02,1616.26,true
2025-07-25 06:00:00,1616.19,1620.45,1608.86,1613.47,true
2025-07-25 06:30:00,1613.47,1615.98,1611.81,1612.16,true
2025-07-25 07:00:00,1612.25,1622.93,1604.40,1609.42,true
2025-07-25 07:30:00,1601.32,1603.64,1601.32,1603.36,true
2025-07-25 08:00:00,1603.49,1603.84,1601.29,1603.02,true
2025-07-25 08:30:00,1602.63,1603.04,1602.44,1603.00,true
2025-07-25 09:00:00,1603.02,1603.46,1602.29,1602.55,true
2025-07-25 09:30:00,1602.68,1612.48,1600.02,1607.39,true
2025-07-25 10:00:00,1607.49,1607.58,1599.48,1599.56,true
2025-07-25 10:30:00,1599.57,1603.18,1585.73,1602.78,true
2025-07-25 11:00:00,1609.32,1615.52,1603.68,1610.38,true
2025-07-25 11:30:00,1610.32,1610.39,1610.30,1610.37,true
2025-07-25 12:00:00,1610.47,1610.91,1610.00,1610.73,true
2025-07-25 12:30:00,1611.18,1612.67,1603.45,1608.84,true
2025-07-25 13:00:00,1609.00,1616.82,1608.40,1614.04,true
2025-07-25 13:30:00,1614.18,1619.43,1613.42,1619.22,true
2025-07-25 14:00:00,1619.22,1623.78,1611.30,1614.03,true
2025-07-25 14:30:00,1614.02,1620.68,1612.09,1614.59,true
2025-07-25 15:00:00,1614.35,1626.01,1612.25,1619.53,true
2025-07-25 15:30:00,1619.91,1624.27,1619.60,1623.00,true
2025-07-25 16:00:00,1622.97,1624.00,1622.06,1623.90,true
2025-07-25 16:30:00,1624.91,1625.94,1621.35,1622.10,true
2025-07-25 17:00:00,1622.10,1624.69,1621.02,1624.38,true
2025-07-25 17:30:00,1624.33,1626.88,1617.77,1620.91,true
2025-07-25 18:00:00,1621.18,1621.20,1618.67,1620.43,true
2025-07-25 18:30:00,1620.38,1622.27,1619.49,1621.58,true
2025-07-25 19:00:00,1621.60,1637.79,1618.39,1627.22,true
2025-07-25 19:30:00,1627.12,1630.23,1623.43,1625.15,true
2025-07-25 20:00:00,1625.12,1632.22,1624.25,1627.17,true
2025-07-25 20:30:00,1625.87,1628.12,1623.21,1627.12,true
2025-07-25 21:00:00,1636.54,1638.86,1632.64,1635.32,true
2025-07-25 21:30:00,1636.09,1637.92,1632.58,1634.64,true
2025-07-25 22:00:00,1633.62,1634.27,1632.43,1633.01,true
2025-07-25 22:30:00,1633.25,1634.10,1631.10,1632.47,true
2025-07-25 23:00:00,1632.82,1633.47,1631.66,1631.82,true
2025-07-25 23:30:00,1631.54,1634.85,1628.28,1628.56,true
2025-07-28 02:00:00,1624.37,1624.45,1623.59,1623.62,true
2025-07-28 02:30:00,1623.60,1623.94,1623.50,1623.65,true
2025-07-28 03:00:00,1623.63,1623.80,1620.45,1622.00,true
2025-07-28 03:30:00,1621.95,1622.03,1621.56,1621.86,true
2025-07-28 04:00:00,1621.86,1623.10,1620.34,1622.24,true
2025-07-28 04:30:00,1622.24,1624.40,1621.71,1624.19,true
2025-07-28 05:00:00,1624.57,1626.67,1622.53,1624.04,true
2025-07-28 05:30:00,1624.18,1624.32,1619.78,1621.78,true
2025-07-28 06:00:00,1621.78,1623.21,1617.09,1620.77,true
2025-07-28 06:30:00,1620.82,1620.89,1619.87,1620.26,true
2025-07-28 07:00:00,1620.08,1620.72,1616.66,1617.90,true
2025-07-28 07:30:00,1617.96,1618.33,1617.96,1618.12,true
2025-07-28 08:00:00,1618.11,1628.38,1617.95,1619.68,true
2025-07-28 08:30:00,1619.61,1619.62,1619.23,1619.29,true
2025-07-28 09:00:00,1619.25,1621.19,1598.52,1613.77,true
2025-07-28 09:30:00,1613.75,1613.84,1613.53,1613.53,true
2025-07-28 10:00:00,1613.53,1613.84,1600.87,1608.83,true
2025-07-28 10:30:00,1609.04,1616.69,1608.84,1610.81,true
2025-07-28 11:00:00,1610.91,1611.43,1610.53,1611.42,true
2025-07-28 11:30:00,1611.45,1620.43,1606.25,1609.98,true
2025-07-28 12:00:00,1610.35,1614.96,1610.07,1611.74,true
2025-07-28 12:30:00,1611.72,1619.57,1604.54,1613.06,true
2025-07-28 13:00:00,1612.91,1613.40,1612.21,1612.51,true
2025-07-28 13:30:00,1612.56,1612.60,1612.50,1612.50,true
2025-07-28 14:00:00,1612.50,1612.73,1610.87,1610.92,true
2025-07-28 14:30:00,1610.60,1616.31,1610.15,1614.72,true
2025-07-28 15:00:00,1614.72,1615.54,1609.96,1610.53,true
2025-07-28 15:30:00,1610.42,1611.96,1590.39,1599.81,true
2025-07-28 16:00:00,1599.89,1600.73,1598.64,1598.69,true
2025-07-28 16:30:00,1598.90,1599.07,1598.05,1598.29,true
2025-07-28 17:00:00,1598.24,1606.99,1582.79,1595.15,true
2025-07-28 17:30:00,1595.47,1596.76,1590.30,1594.71,true
2025-07-28 18:00:00,1593.93,1594.40,1592.38,1593.01,true
2025-07-28 18:30:00,1592.61,1593.00,1592.42,1592.92,true
2025-07-28 19:00:00,1593.12,1593.12,1590.33,1591.79,true
2025-07-28 19:30:00,1591.88,1594.71,1580.63,1590.44,true
2025-07-28 20:00:00,1590.49,1590.66,1590.01,1590.16,true
2025-07-28 20:30:00,1590.19,1590.96,1588.72,1588.87,true
2025-07-28 21:00:00,1588.81,1588.94,1588.16,1588.28,true
2025-07-28 21:30:00,1588.25,1589.33,1586.84,1588.54,true
2025-07-28 22:00:00,1588.39,1589.79,1587.75,1588.99,true
2025-07-28 22:30:00,1588.99,1589.37,1588.30,1588.76,true
2025-07-28 23:00:00,1588.75,1590.95,1587.08,1589.41,true
2025-07-28 23:30:00,1589.41,1589.96,1589.23,1589.25,true
2025-07-29 00:00:00,1589.10,1590.86,1586.59,1587.66,true
2025-07-29 00:30:00,1587.60,1588.38,1586.53,1586.56,true
2025-07-29 02:00:00,1586.47,1586.64,1585.22,1585.92,true
2025-07-29 02:30:00,1585.71,1588.82,1583.03,1584.58,true
2025-07-29 03:00:00,1584.66,1589.93,1580.77,1585.92,true
2025-07-29 03:30:00,1585.92,1585.92,1584.94,1585.11,true
2025-07-29 04:00:00,1585.07,1585.82,1585.04,1585.34,true
2025-07-29 04:30:00,1585.33,1585.33,1585.06,1585.08,true
2025-07-29 05:00:00,1585.08,1586.29,1580.31,1584.03,true
2025-07-29 05:30:00,1583.95,1585.63,1578.31,1583.34,true
2025-07-29 06:00:00,1583.38,1584.49,1580.92,1582.30,true
2025-07-29 06:30:00,1582.21,1582.28,1580.69,1580.77,true
2025-07-29 07:00:00,1580.74,1583.80,1580.74,1581.88,true
2025-07-29 07:30:00,1581.42,1585.91,1575.67,1580.48,true
2025-07-29 08:00:00,1580.54,1580.66,1580.54,1580.66,true
2025-07-29 08:30:00,1580.68,1581.27,1580.35,1581.14,true
2025-07-29 09:00:00,1581.16,1586.04,1579.90,1584.60,true
2025-07-29 09:30:00,1584.49,1584.89,1584.37,1584.85,true
2025-07-29 10:00:00,1585.00,1588.89,1583.07,1587.80,true
2025-07-29 10:30:00,1587.80,1590.26,1586.37,1589.10,true
2025-07-29 11:00:00,1589.18,1589.29,1589.13,1589.25,true
2025-07-29 11:30:00,1589.39,1591.88,1580.84,1586.27,true
2025-07-29 12:00:00,1586.29,1586.35,1585.80,1586.02,true
2025-07-29 12:30:00,1585.77,1587.06,1584.94,1587.06,true
2025-07-29 13:00:00,1587.13,1589.35,1586.67,1589.12,true
2025-07-29 13:30:00,1589.18,1590.95,1589.15,1589.49,true
2025-07-29 14:00:00,1589.35,1589.55,1588.21,1588.67,true
2025-07-29 14:30:00,1588.58,1588.58,1588.56,1588.57,true
2025-07-29 15:00:00,1588.56,1588.66,1586.15,1587.13,true
2025-07-29 15:30:00,1587.17,1587.17,1584.79,1585.48,true
2025-07-29 16:00:00,1585.35,1588.47,1582.63,1587.73,true
2025-07-29 16:30:00,1587.75,1589.41,1587.75,1589.14,true
2025-07-29 17:00:00,1589.05,1598.53,1585.10,1589.84,true
2025-07-29 17:30:00,1590.00,1596.58,1578.39,1584.97,true
2025-07-29 18:00:00,1585.18,1586.02,1585.18,1585.92,true
2025-07-29 18:30:00,1585.90,1586.16,1583.46,1585.09,true
2025-07-29 19:00:00,1584.89,1585.88,1584.22,1585.25,true
2025-07-29 19:30:00,1585.34,1595.50,1582.68,1590.12,true
2025-07-29 20:00:00,1590.12,1591.43,1589.02,1591.43,true
2025-07-29 20:30:00,1591.44,1591.85,1591.18,1591.19,true
2025-07-29 21:00:00,1590.89,1591.07,1590.55,1590.56,true
2025-07-29 21:30:00,1590.68,1595.91,1583.78,1587.28,true
2025-07-29 22:00:00,1587.30,1587.63,1585.79,1586.16,true
2025-07-29 22:30:00,1586.18,1586.18,1585.53,1585.66,true
2025-07-29 23:00:00,1585.63,1585.91,1580.43,1582.16,true
2025-07-29 23:30:00,1582.14,1582.40,1582.11,1582.27,true
2025-07-30 00:00:00,1582.17,1582.73,1582.02,1582.67,true
2025-07-30 00:30:00,1582.66,1582.76,1581.76,1581.76,true
2025-07-30 01:00:00,1581.75,1581.83,1581.38,1581.53,true
2025-07-30 01:30:00,1581.18,1581.44,1579.13,1579.55,true
2025-07-30 02:00:00,1579.71,1580.03,1579.54,1579.87,true
2025-07-30 02:30:00,1579.84,1582.19,1570.14,1579.12,true
2025-07-30 03:00:00,1579.14,1582.40,1574.77,1577.32,true
2025-07-30 03:30:00,1577.75,1579.54,1577.11,1577.11,true
2025-07-30 04:00:00,1577.07,1578.67,1576.85,1577.72,true
2025-07-30 04:30:00,1577.51,1578.89,1576.79,1578.68,true
2025-07-30 05:00:00,1578.80,1579.68,1577.50,1577.90,true
2025-07-30 05:30:00,1577.85,1583.50,1575.95,1576.99,true
2025-07-30 06:00:00,1577.16,1577.21,1576.05,1576.40,true
2025-07-30 06:30:00,1576.39,1577.30,1575.04,1575.90,true
2025-07-30 07:00:00,1576.02,1576.03,1575.97,1576.00,true
2025-07-30 07:30:00,1576.00,1577.02,1574.22,1574.67,true
2025-07-30 08:00:00,1574.62,1574.99,1572.46,1573.30,true
2025-07-30 08:30:00,1573.47,1575.10,1571.58,1572.91,true
2025-07-30 09:00:00,1572.74,1575.02,1571.44,1573.92,true
2025-07-30 09:30:00,1573.84,1574.78,1572.29,1572.70,true
2025-07-30 10:00:00,1572.65,1572.65,1572.32,1572.33,true
2025-07-30 10:30:00,1572.28,1573.64,1571.59,1573.61,true
2025-07-30 11:00:00,1573.62,1574.69,1573.07,1574.20,true
2025-07-30 11:30:00,1574.20,1574.40,1572.48,1573.41,true
2025-07-30 12:00:00,1573.45,1575.48,1566.38,1572.68,true
2025-07-30 12:30:00,1572.68,1572.88,1570.62,1571.48,true
2025-07-30 13:00:00,1571.52,1571.57,1570.68,1570.70,true
2025-07-30 13:30:00,1570.73,1573.64,1568.75,1569.90,true
2025-07-30 14:00:00,1569.84,1570.08,1569.74,1569.99,true
2025-07-30 14:30:00,1569.96,1571.21,1567.91,1571.15,true
2025-07-30 15:00:00,1571.05,1571.16,1570.84,1570.84,true
2025-07-30 15:30:00,1570.88,1580.13,1566.85,1574.52,true
2025-07-30 16:00:00,1574.47,1574.60,1573.30,1573.44,true
2025-07-30 16:30:00,1573.68,1606.81,1551.97,1564.17,true
2025-07-30 17:00:00,1564.35,1564.44,1563.34,1563.53,true
2025-07-30 17:30:00,1563.18,1566.90,1562.25,1564.11,true
2025-07-30 18:00:00,1564.15,1566.41,1563.25,1565.10,true
2025-07-30 18:30:00,1564.94,1567.17,1564.66,1566.68,true
2025-07-30 19:00:00,1566.29,1566.52,1565.88,1566.00,true
2025-07-30 19:30:00,1566.13,1572.37,1564.46,1568.88,true
2025-07-30 20:00:00,1568.89,1575.09,1567.99,1570.02,true
2025-07-30 20:30:00,1570.00,1570.26,1569.86,1570.25,true
2025-07-30 21:00:00,1570.35,1571.22,1567.61,1568.65,true
2025-07-30 21:30:00,1568.63,1569.43,1562.46,1567.87,true
2025-07-30 22:00:00,1567.73,1570.66,1560.07,1560.12,true
2025-07-30 22:30:00,1560.13,1560.13,1559.65,1559.95,true
2025-07-30 23:00:00,1559.93,1560.01,1555.45,1558.38,true
2025-07-30 23:30:00,1558.45,1561.35,1556.71,1558.74,true
2025-07-31 00:00:00,1558.77,1558.78,1558.42,1558.48,true
2025-07-31 00:30:00,1558.54,1558.79,1557.68,1557.72,true
2025-07-31 02:00:00,1558.05,1559.96,1556.25,1556.87,true
2025-07-31 02:30:00,1557.41,1557.54,1557.30,1557.37,true
2025-07-31 03:00:00,1557.48,1559.18,1556.44,1558.29,true
2025-07-31 03:30:00,1558.06,1558.26,1557.36,1557.72,true
2025-07-31 04:00:00,1557.66,1558.16,1555.37,1556.31,true
2025-07-31 04:30:00,1556.21,1557.26,1551.92,1555.86,true
2025-07-31 05:00:00,1555.88,1556.04,1555.69,1555.96,true
2025-07-31 05:30:00,1555.95,1566.10,1551.31,1556.82,true
2025-07-31 06:00:00,1556.86,1557.26,1555.25,1556.12,true
2025-07-31 06:30:00,1556.13,1557.53,1552.62,1553.97,true
2025-07-31 07:00:00,1553.59,1554.24,1553.53,1554.01,true
2025-07-31 07:30:00,1554.02,1559.35,1548.86,1552.66,true
2025-07-31 08:00:00,1552.53,1554.20,1550.16,1553.59,true
2025-07-31 08:30:00,1553.44,1553.50,1553.36,1553.38,true
2025-07-31 09:00:00,1553.42,1555.72,1553.42,1555.46,true
2025-07-31 09:30:00,1555.46,1558.07,1553.75,1557.81,true
2025-07-31 10:00:00,1557.83,1560.92,1554.61,1558.86,true
2025-07-31 10:30:00,1558.88,1559.75,1556.92,1557.59,true
2025-07-31 11:00:00,1557.48,1560.98,1555.82,1556.50,true
2025-07-31 11:30:00,1556.53,1556.67,1555.99,1556.14,true
2025-07-31 12:00:00,1556.33,1556.35,1551.87,1553.55,true
2025-07-31 12:30:00,1553.50,1554.53,1552.42,1552.42,true
2025-07-31 13:00:00,1552.24,1552.61,1552.22,1552.60,true
2025-07-31 13:30:00,1552.60,1552.67,1550.74,1551.21,true
2025-07-31 14:00:00,1551.30,1556.08,1544.16,1547.60,true
2025-07-31 14:30:00,1547.68,1556.17,1531.46,1551.07,true
2025-07-31 15:00:00,1550.87,1551.18,1548.17,1548.84,true
2025-07-31 15:30:00,1548.76,1549.52,1542.86,1545.44,true
2025-07-31 16:00:00,1546.21,1551.76,1546.21,1547.90,true
2025-07-31 16:30:00,1547.84,1550.60,1546.44,1549.01,true
2025-07-31 17:00:00,1548.99,1552.16,1548.87,1551.36,true
2025-07-31 17:30:00,1551.42,1551.44,1550.06,1550.60,true
2025-07-31 18:00:00,1550.62,1550.74,1549.33,1549.49,true
2025-07-31 18:30:00,1549.56,1551.75,1549.26,1550.93,true
2025-07-31 19:00:00,1553.83,1554.56,1553.80,1554.24,true
2025-07-31 19:30:00,1554.30,1554.52,1551.00,1552.40,true
2025-07-31 20:00:00,1552.31,1554.20,1545.88,1549.84,true
2025-07-31 20:30:00,1549.79,1549.79,1549.77,1549.78,true
2025-07-31 21:00:00,1549.55,1551.48,1547.01,1548.33,true
2025-07-31 21:30:00,1548.41,1550.84,1548.00,1549.62,true
2025-07-31 22:00:00,1549.81,1549.83,1549.45,1549.63,true
2025-07-31 22:30:00,1549.63,1553.01,1547.86,1550.24,true
2025-07-31 23:00:00,1550.24,1550.24,1549.57,1549.57,true
2025-07-31 23:30:00,1548.05,1557.12,1530.69,1543.88,true
2025-08-01 01:00:00,1543.42,1543.67,1542.42,1542.48,true
2025-08-01 01:30:00,1542.45,1543.03,1542.34,1542.94,true
2025-08-01 02:00:00,1542.71,1544.38,1542.27,1544.32,true
2025-08-01 02:30:00,1544.28,1544.32,1544.28,1544.30,true
2025-08-01 03:00:00,1544.33,1544.35,1542.98,1543.33,true
2025-08-01 03:30:00,1543.33,1550.66,1527.78,1538.13,true
2025-08-01 04:00:00,1538.01,1545.97,1537.88,1545.48,true
2025-08-01 04:30:00,1545.18,1545.19,1544.29,1544.36,true
2025-08-01 05:00:00,1544.41,1546.89,1542.58,1545.51,true
2025-08-01 05:30:00,1545.48,1546.68,1545.48,1545.94,true
2025-08-01 06:00:00,1545.89,1545.89,1541.70,1542.61,true
2025-08-01 06:30:00,1542.68,1548.34,1540.61,1545.28,true
2025-08-01 07:00:00,1545.24,1545.85,1545.14,1545.44,true
2025-08-01 07:30:00,1545.22,1546.06,1538.84,1544.07,true
2025-08-01 08:00:00,1544.03,1544.21,1542.68,1543.63,true
2025-08-01 08:30:00,1543.68,1543.83,1540.58,1540.71,true
2025-08-01 09:00:00,1540.61,1540.90,1539.12,1539.90,true
2025-08-01 09:30:00,1539.85,1540.95,1538.05,1538.97,true
2025-08-01 10:00:00,1538.97,1545.06,1538.48,1542.83,true
2025-08-01 10:30:00,1542.79,1548.55,1540.33,1546.61,true
2025-08-01 11:00:00,1546.40,1546.56,1544.81,1545.55,true
2025-08-01 11:30:00,1545.39,1545.90,1540.98,1544.03,true
2025-08-01 12:00:00,1543.89,1543.98,1540.11,1543.26,true
2025-08-01 12:30:00,1543.23,1543.79,1530.93,1539.52,true
2025-08-01 13:00:00,1539.25,1542.40,1517.35,1534.29,true
2025-08-01 13:30:00,1534.11,1534.11,1528.17,1529.90,true
2025-08-01 14:00:00,1529.85,1530.29,1528.36,1528.72,true
2025-08-01 14:30:00,1528.56,1528.58,1528.40,1528.40,true
2025-08-01 15:00:00,1528.68,1528.83,1509.74,1526.55,true
2025-08-01 15:30:00,1526.65,1526.79,1523.50,1523.90,true
2025-08-01 16:00:00,1523.86,1525.03,1519.38,1519.41,true
2025-08-01 16:30:00,1519.43,1521.18,1518.13,1521.00,true
2025-08-01 17:00:00,1521.00,1521.56,1518.75,1519.27,true
2025-08-01 17:30:00,1519.25,1520.44,1505.82,1514.59,true
2025-08-01 18:00:00,1514.17,1516.80,1512.05,1514.51,true
2025-08-01 18:30:00,1514.42,1515.00,1514.10,1514.96,true
2025-08-01 19:00:00,1514.57,1514.60,1514.55,1514.56,true
2025-08-01 19:30:00,1514.57,1514.93,1514.48,1514.80,true
2025-08-01 20:00:00,1514.87,1514.93,1506.85,1508.75,true
2025-08-01 20:30:00,1508.72,1513.46,1508.03,1510.87,true
2025-08-01 21:00:00,1511.43,1513.46,1507.23,1513.44,true
2025-08-01 21:30:00,1513.44,1513.71,1513.27,1513.67,true
2025-08-01 22:00:00,1513.60,1516.28,1513.57,1513.79,true
2025-08-01 22:30:00,1513.80,1514.48,1510.92,1510.93,true
2025-08-01 23:00:00,1511.09,1513.02,1510.47,1511.90,true
2025-08-01 23:30:00,1511.68,1514.13,1511.39,1513.83,true
2025-08-04 02:00:00,1514.51,1516.59,1511.64,1513.80,true
2025-08-04 02:30:00,1513.55,1513.66,1512.42,1512.60,true
2025-08-04 03:00:00,1512.53,1512.58,1512.53,1512.56,true
2025-08-04 03:30:00,1512.66,1514.14,1509.73,1513.08,true
2025-08-04 04:00:00,1513.17,1517.21,1507.85,1509.92,true
2025-08-04 04:30:00,1509.93,1511.06,1508.27,1510.76,true
2025-08-04 05:00:00,1510.73,1512.56,1508.60,1509.75,true
2025-08-04 05:30:00,1509.82,1509.93,1506.91,1508.53,true
2025-08-04 06:00:00,1508.54,1509.35,1505.04,1509.20,true
2025-08-04 06:30:00,1509.18,1511.23,1508.33,1508.93,true
2025-08-04 07:00:00,1508.89,1509.11,1507.35,1507.91,true
2025-08-04 07:30:00,1507.89,1508.00,1507.86,1507.98,true
2025-08-04 08:00:00,1507.87,1507.87,1507.34,1507.40,true
2025-08-04 08:30:00,1507.39,1507.89,1505.08,1505.33,true
2025-08-04 09:00:00,1505.36,1505.39,1504.36,1504.89,true
2025-08-04 09:30:00,1504.87,1505.53,1504.17,1504.45,true
2025-08-04 10:00:00,1504.44,1504.48,1504.42,1504.45,true
2025-08-04 10:30:00,1504.39,1504.94,1504.31,1504.80,true
2025-08-04 11:00:00,1507.20,1508.29,1504.36,1504.77,true
2025-08-04 11:30:00,1504.76,1507.91,1501.41,1503.41,true
2025-08-04 12:00:00,1503.40,1503.58,1503.34,1503.58,true
2025-08-04 12:30:00,1503.44,1504.80,1500.72,1502.97,true
2025-08-04 13:00:00,1502.97,1503.87,1498.58,1499.34,true
2025-08-04 13:30:00,1499.22,1499.22,1499.21,1499.21,true
2025-08-04 14:00:00,1499.26,1499.44,1497.96,1498.19,true
2025-08-04 14:30:00,1498.15,1498.16,1497.61,1497.70,true
2025-08-04 15:00:00,1497.62,1497.81,1493.77,1495.59,true
2025-08-04 15:30:00,1495.49,1495.49,1483.31,1485.36,true
2025-08-04 16:00:00,1485.56,1489.50,1484.77,1486.42,true
2025-08-04 16:30:00,1486.42,1487.31,1486.00,1486.99,true
2025-08-04 17:00:00,1486.91,1491.47,1455.43,1473.92,true
2025-08-04 17:30:00,1473.72,1473.94,1472.24,1473.32,true
2025-08-04 18:00:00,1473.44,1481.03,1466.90,1470.82,true
2025-08-04 18:30:00,1470.64,1473.01,1467.14,1471.16,true
2025-08-04 19:00:00,1470.96,1471.73,1470.31,1471.37,true
2025-08-04 19:30:00,1471.27,1473.79,1470.46,1472.82,true
2025-08-04 20:00:00,1472.94,1473.45,1472.82,1472.98,true
2025-08-04 20:30:00,1473.22,1473.34,1472.67,1472.75,true
2025-08-04 21:00:00,1472.68,1472.94,1467.24,1469.91,true
2025-08-04 21:30:00,1469.98,1476.07,1468.83,1474.20,true
2025-08-04 22:00:00,1474.39,1477.52,1474.20,1476.59,true
2025-08-04 22:30:00,1476.51,1477.72,1476.40,1477.71,true
2025-08-04 23:00:00,1477.71,1478.17,1477.11,1477.91,true
2025-08-04 23:30:00,1477.76,1478.63,1474.85,1476.45,true
2025-08-05 01:00:00,1476.29,1476.36,1476.13,1476.18,true
2025-08-05 01:30:00,1476.11,1476.77,1475.50,1475.68,true
2025-08-05 02:00:00,1475.42,1475.97,1475.34,1475.97,true
2025-08-05 02:30:00,1475.96,1475.96,1475.72,1475.76,true
2025-08-05 03:00:00,1475.79,1475.83,1475.68,1475.76,true
2025-08-05 03:30:00,1475.68,1476.68,1473.65,1475.10,true
2025-08-05 04:00:00,1474.96,1476.99,1474.80,1476.27,true
2025-08-05 04:30:00,1476.27,1481.94,1474.88,1475.64,true
2025-08-05 05:00:00,1475.72,1475.74,1473.54,1474.46,true
2025-08-05 05:30:00,1474.46,1474.51,1471.37,1473.39,true
2025-08-05 06:00:00,1473.26,1473.63,1473.24,1473.63,true
2025-08-05 06:30:00,1473.59,1473.88,1473.09,1473.46,true
2025-08-05 07:00:00,1473.47,1473.96,1473.47,1473.80,true
2025-08-05 07:30:00,1473.68,1473.72,1473.52,1473.53,true
2025-08-05 08:00:00,1473.58,1474.99,1469.64,1472.92,true
2025-08-05 08:30:00,1472.90,1473.44,1467.55,1471.59,true
2025-08-05 09:00:00,1471.59,1471.59,1468.92,1469.92,true
2025-08-05 09:30:00,1469.88,1469.94,1469.87,1469.94,true
2025-08-05 10:00:00,1469.98,1469.98,1467.49,1467.49,true
2025-08-05 10:30:00,1467.69,1470.15,1465.07,1465.97,true
2025-08-05 11:00:00,1466.27,1467.22,1465.52,1466.53,true
2025-08-05 11:30:00,1466.42,1480.34,1458.13,1468.40,true
2025-08-05 12:00:00,1468.38,1468.38,1465.78,1465.79,true
2025-08-05 12:30:00,1465.60,1465.90,1465.46,1465.88,true
2025-08-05 13:00:00,1465.88,1466.27,1465.34,1465.50,true
2025-08-05 13:30:00,1465.51,1465.55,1464.70,1465.09,true
2025-08-05 14:00:00,1465.09,1466.48,1464.64,1466.07,true
2025-08-05 14:30:00,1466.12,1466.53,1461.41,1464.52,true
2025-08-05 15:00:00,1464.50,1465.10,1464.42,1465.10,true
2025-08-05 15:30:00,1465.16,1470.82,1459.46,1469.10,true
2025-08-05 16:00:00,1469.10,1472.79,1462.46,1466.80,true
2025-08-05 16:30:00,1466.82,1468.38,1465.80,1467.66,true
2025-08-05 17:00:00,1467.75,1472.18,1467.20,1471.30,true
2025-08-05 17:30:00,1471.61,1472.26,1462.06,1468.89,true
2025-08-05 18:00:00,1469.02,1470.25,1463.97,1466.78,true
2025-08-05 18:30:00,1467.03,1470.04,1466.85,1469.33,true
2025-08-05 19:00:00,1469.31,1470.50,1468.32,1468.32,true
2025-08-05 19:30:00,1468.63,1468.91,1468.57,1468.77,true
2025-08-05 20:00:00,1468.77,1469.74,1464.20,1469.15,true
2025-08-05 20:30:00,1469.07,1469.86,1467.98,1468.92,true
2025-08-05 21:00:00,1469.00,1469.49,1467.47,1468.48,true
2025-08-05 21:30:00,1468.48,1469.07,1465.91,1467.70,true
2025-08-05 22:00:00,1467.68,1467.83,1466.13,1466.37,true
2025-08-05 22:30:00,1466.43,1467.05,1466.26,1466.65,true
2025-08-05 23:00:00,1466.64,1469.88,1465.71,1468.79,true
2025-08-05 23:30:00,1468.97,1468.97,1467.43,1468.21,true
2025-08-06 01:00:00,1469.75,1470.55,1468.61,1469.37,true
2025-08-06 01:30:00,1469.48,1469.74,1469.23,1469.35,true
2025-08-06 02:00:00,1469.23,1469.24,1467.62,1468.01,true
2025-08-06 02:30:00,1466.74,1466.81,1461.50,1465.18,true
2025-08-06 03:00:00,1465.29,1466.20,1464.70,1466.07,true
2025-08-06 03:30:00,1466.00,1466.13,1465.99,1466.12,true
2025-08-06 04:00:00,1466.12,1466.31,1465.00,1465.07,true
2025-08-06 04:30:00,1465.15,1465.32,1464.25,1464.32,true
2025-08-06 05:00:00,1464.34,1465.30,1464.32,1464.48,true
2025-08-06 05:30:00,1464.46,1464.53,1462.55,1462.66,true
2025-08-06 06:00:00,1462.55,1462.55,1461.14,1461.98,true
2025-08-06 06:30:00,1461.94,1462.91,1459.33,1461.02,true
2025-08-06 07:00:00,1461.02,1463.51,1459.18,1459.27,true
2025-08-06 07:30:00,1459.57,1460.23,1458.81,1459.12,true
2025-08-06 08:00:00,1459.13,1459.25,1457.33,1457.95,true
2025-08-06 08:30:00,1458.17,1459.63,1455.76,1456.91,true
2025-08-06 09:00:00,1456.94,1458.13,1456.87,1457.57,true
2025-08-06 09:30:00,1457.59,1457.78,1453.34,1454.27,true
2025-08-06 10:00:00,1454.33,1454.37,1453.15,1453.31,true
2025-08-06 10:30:00,1453.34,1453.64,1451.14,1451.67,true
2025-08-06 11:00:00,1451.69,1451.99,1451.69,1451.93,true
2025-08-06 11:30:00,1451.89,1451.90,1451.89,1451.90,true
2025-08-06 12:00:00,1451.91,1452.30,1451.90,1452.27,true
2025-08-06 12:30:00,1452.17,1455.42,1449.94,1450.64,true
2025-08-06 13:00:00,1450.59,1451.00,1450.22,1450.22,true
2025-08-06 13:30:00,1450.21,1450.23,1450.06,1450.08,true
2025-08-06 14:00:00,1450.20,1450.39,1449.96,1450.06,true
2025-08-06 14:30:00,1450.11,1451.80,1449.77,1451.14,true
2025-08-06 15:00:00,1451.15,1451.27,1447.46,1448.48,true
2025-08-06 15:30:00,1448.47,1449.53,1447.87,1449.48,true
2025-08-06 16:00:00,1449.50,1453.61,1446.26,1447.53,true
2025-08-06 16:30:00,1447.51,1447.57,1445.29,1445.86,true
2025-08-06 17:00:00,1445.90,1445.93,1445.90,1445.92,true
2025-08-06 17:30:00,1445.93,1445.93,1432.71,1437.99,true
2025-08-06 18:00:00,1437.90,1438.68,1436.60,1438.68,true
2025-08-06 18:30:00,1438.65,1439.63,1435.88,1437.44,true
2025-08-06 19:00:00,1437.61,1438.82,1435.44,1436.81,true
2025-08-06 19:30:00,1436.79,1436.84,1435.75,1436.12,true
2025-08-06 20:00:00,1436.11,1441.28,1435.20,1435.35,true
2025-08-06 20:30:00,1435.50,1435.81,1433.87,1434.21,true
2025-08-06 21:00:00,1434.55,1434.55,1433.17,1433.17,true
2025-08-06 21:30:00,1433.09,1438.12,1432.73,1436.60,true
2025-08-06 22:00:00,1436.68,1437.17,1432.60,1432.98,true
2025-08-06 22:30:00,1432.98,1438.60,1431.21,1431.54,true
2025-08-06 23:00:00,1431.50,1433.41,1430.57,1431.02,true
2025-08-06 23:30:00,1431.00,1431.00,1430.96,1430.98,true
2025-08-07 01:00:00,1430.98,1430.99,1430.05,1430.18,true
2025-08-07 01:30:00,1430.18,1430.41,1429.18,1430.18,true
2025-08-07 02:00:00,1430.13,1430.29,1427.98,1428.48,true
2025-08-07 02:30:00,1428.76,1428.81,1428.49,1428.56,true
2025-08-07 03:00:00,1428.56,1428.81,1427.38,1427.97,true
2025-08-07 03:30:00,1428.08,1428.80,1426.66,1428.75,true
2025-08-07 04:00:00,1428.77,1428.87,1428.41,1428.68,true
2025-08-07 04:30:00,1428.63,1429.62,1424.93,1427.84,true
2025-08-07 05:00:00,1427.84,1427.91,1427.74,1427.82,true
2025-08-07 05:30:00,1427.80,1428.47,1427.80,1428.39,true
2025-08-07 06:00:00,1428.31,1429.15,1427.88,1427.93,true
2025-08-07 06:30:00,1427.93,1427.93,1427.61,1427.61,true
2025-08-07 07:00:00,1427.62,1427.74,1427.05,1427.24,true
2025-08-07 07:30:00,1427.11,1427.39,1426.12,1426.24,true
2025-08-07 08:00:00,1426.28,1426.92,1426.22,1426.28,true
2025-08-07 08:30:00,1426.28,1427.64,1424.64,1425.07,true
2025-08-07 09:00:00,1425.10,1425.77,1423.25,1423.58,true
2025-08-07 09:30:00,1423.51,1423.61,1423.24,1423.44,true
2025-08-07 10:00:00,1423.44,1428.40,1422.07,1422.45,true
2025-08-07 10:30:00,1422.49,1428.81,1401.44,1424.85,true
2025-08-07 11:00:00,1424.67,1425.11,1423.50,1424.16,true
2025-08-07 11:30:00,1424.22,1430.03,1422.59,1423.29,true
2025-08-07 12:00:00,1422.44,1424.95,1422.02,1423.72,true
2025-08-07 12:30:00,1423.86,1424.41,1423.35,1423.44,true
2025-08-07 13:00:00,1423.45,1423.59,1422.81,1423.20,true
2025-08-07 13:30:00,1423.16,1423.35,1422.82,1422.98,true
2025-08-07 14:00:00,1422.90,1423.57,1421.11,1421.52,true
2025-08-07 14:30:00,1421.48,1422.18,1421.35,1422.02,true
2025-08-07 15:00:00,1422.03,1422.04,1421.72,1421.77,true
2025-08-07 15:30:00,1421.59,1422.35,1419.80,1420.52,true
2025-08-07 16:00:00,1420.33,1420.42,1419.74,1419.84,true
2025-08-07 16:30:00,1419.83,1420.20,1418.46,1419.03,true
2025-08-07 17:00:00,1419.07,1420.03,1417.41,1419.72,true
2025-08-07 17:30:00,1419.37,1421.25,1416.42,1418.55,true
2025-08-07 18:00:00,1418.44,1418.50,1417.82,1418.01,true
2025-08-07 18:30:00,1417.99,1418.19,1416.49,1416.83,true
2025-08-07 19:00:00,1416.83,1416.84,1416.70,1416.77,true
2025-08-07 19:30:00,1416.77,1417.04,1415.59,1416.41,true
2025-08-07 20:00:00,1416.29,1417.15,1415.90,1416.71,true
2025-08-07 20:30:00,1416.75,1418.12,1411.81,1413.17,true
2025-08-07 21:00:00,1412.91,1413.36,1411.54,1412.21,true
2025-08-07 21:30:00,1412.20,1412.24,1411.88,1411.99,true
2025-08-07 22:00:00,1412.18,1412.91,1409.13,1410.47,true
2025-08-07 22:30:00,1410.37,1410.63,1410.01,1410.02,true
2025-08-07 23:00:00,1409.97,1411.23,1408.34,1409.41,true
2025-08-07 23:30:00,1409.38,1414.26,1406.58,1408.75,true
2025-08-08 01:00:00,1409.10,1409.12,1408.98,1409.01,true
2025-08-08 01:30:00,1408.97,1409.85,1406.22,1408.59,true
2025-08-08 02:00:00,1408.58,1408.72,1408.09,1408.15,true
2025-08-08 02:30:00,1408.29,1408.50,1407.59,1407.83,true
2025-08-08 03:00:00,1407.56,1407.82,1406.79,1407.50,true
2025-08-08 03:30:00,1407.55,1407.61,1407.51,1407.61,true
2025-08-08 04:00:00,1407.58,1410.71,1407.04,1408.02,true
2025-08-08 04:30:00,1407.86,1408.24,1407.86,1408.16,true
2025-08-08 05:00:00,1408.18,1408.18,1408.11,1408.12,true
2025-08-08 05:30:00,1408.14,1408.49,1407.77,1407.99,true
2025-08-08 06:00:00,1408.09,1408.10,1407.95,1407.98,true
2025-08-08 06:30:00,1407.99,1408.60,1407.12,1407.86,true
2025-08-08 07:00:00,1407.87,1410.74,1406.81,1407.48,true
2025-08-08 07:30:00,1407.43,1407.43,1406.79,1407.08,true
2025-08-08 08:00:00,1407.10,1407.67,1406.58,1406.90,true
2025-08-08 08:30:00,1406.90,1413.03,1392.63,1405.87,true
2025-08-08 09:00:00,1406.11,1406.96,1405.46,1406.76,true
2025-08-08 09:30:00,1406.73,1406.74,1406.71,1406.71,true
2025-08-08 10:00:00,1406.71,1407.82,1402.38,1405.65,true
2025-08-08 10:30:00,1405.49,1405.60,1405.45,1405.55,true
2025-08-08 11:00:00,1405.66,1408.75,1404.11,1408.42,true
2025-08-08 11:30:00,1408.45,1408.56,1408.43,1408.54,true
2025-08-08 12:00:00,1408.63,1409.81,1401.60,1408.02,true
2025-08-08 12:30:00,1408.20,1408.29,1407.24,1407.25,true
2025-08-08 13:00:00,1407.20,1408.21,1406.41,1406.67,true
2025-08-08 13:30:00,1406.63,1406.71,1405.62,1405.74,true
2025-08-08 14:00:00,1405.71,1405.77,1405.48,1405.57,true
2025-08-08 14:30:00,1405.54,1405.54,1404.89,1405.08,true
2025-08-08 15:00:00,1405.09,1405.10,1405.04,1405.05,true
2025-08-08 15:30:00,1404.99,1405.62,1404.58,1405.53,true
2025-08-08 16:00:00,1405.49,1405.66,1403.85,1403.88,true
2025-08-08 16:30:00,1403.88,1403.88,1402.72,1402.74,true
2025-08-08 17:00:00,1402.77,1402.95,1402.40,1402.53,true
2025-08-08 17:30:00,1402.59,1404.36,1402.02,1404.06,true
2025-08-08 18:00:00,1404.19,1406.84,1404.19,1405.92,true
2025-08-08 18:30:00,1405.87,1406.02,1405.65,1405.77,true
2025-08-08 19:00:00,1405.76,1409.31,1404.44,1405.00,true
2025-08-08 19:30:00,1405.00,1406.00,1404.85,1405.78,true
2025-08-08 20:00:00,1405.76,1405.80,1405.59,1405.60,true
2025-08-08 20:30:00,1405.57,1406.72,1405.55,1406.57,true
2025-08-08 21:00:00,1406.58,1407.17,1405.70,1405.92,true
2025-08-08 21:30:00,1405.87,1406.15,1404.74,1404.74,true
2025-08-08 22:00:00,1404.73,1408.38,1400.36,1403.38,true
2025-08-08 22:30:00,1403.41,1403.56,1403.02,1403.03,true
2025-08-08 23:00:00,1403.02,1404.03,1401.42,1403.68,true
2025-08-08 23:30:00,1403.65,1403.90,1402.81,1403.10,true
2025-08-11 01:00:00,1403.05,1403.23,1402.49,1402.80,true
2025-08-11 01:30:00,1402.74,1402.88,1402.35,1402.88,true
2025-08-11 02:00:00,1402.80,1403.40,1401.46,1401.95,true
2025-08-11 02:30:00,1402.01,1403.47,1400.39,1401.43,true
2025-08-11 03:00:00,1401.45,1401.55,1399.89,1400.98,true
2025-08-11 03:30:00,1400.94,1401.21,1400.04,1400.25,true
2025-08-11 04:00:00,1400.25,1403.47,1399.93,1400.78,true
2025-08-11 04:30:00,1400.75,1404.05,1399.92,1400.19,true
2025-08-11 05:00:00,1400.42,1408.92,1394.88,1399.64,true
2025-08-11 05:30:00,1399.72,1399.97,1397.12,1398.69,true
2025-08-11 06:00:00,1398.63,1399.13,1398.31,1398.32,true
2025-08-11 06:30:00,1398.30,1398.34,1398.24,1398.26,true
2025-08-11 07:00:00,1398.26,1404.49,1391.93,1397.33,true
2025-08-11 07:30:00,1397.36,1397.94,1396.20,1396.61,true
2025-08-11 08:00:00,1396.57,1396.98,1396.55,1396.69,true
2025-08-11 08:30:00,1396.62,1396.76,1395.97,1396.27,true
2025-08-11 09:00:00,1396.24,1397.83,1396.22,1397.14,true
2025-08-11 09:30:00,1397.12,1398.80,1396.87,1396.87,true
2025-08-11 10:00:00,1396.86,1396.94,1396.78,1396.81,true
2025-08-11 10:30:00,1396.87,1397.97,1395.84,1396.12,true
2025-08-11 11:00:00,1396.12,1396.90,1392.75,1394.44,true
2025-08-11 11:30:00,1394.61,1394.70,1394.58,1394.64,true
2025-08-11 12:00:00,1394.64,1395.68,1394.00,1394.83,true
2025-08-11 12:30:00,1394.82,1400.48,1392.84,1395.88,true
2025-08-11 13:00:00,1395.85,1395.85,1395.47,1395.49,true
2025-08-11 13:30:00,1395.38,1395.41,1395.00,1395.05,true
2025-08-11 14:00:00,1395.03,1395.37,1394.08,1394.92,true
2025-08-11 14:30:00,1395.11,1396.89,1392.53,1393.66,true
2025-08-11 15:00:00,1393.69,1394.52,1393.62,1394.48,true
2025-08-11 15:30:00,1394.44,1394.50,1391.10,1392.88,true
2025-08-11 16:00:00,1392.83,1392.83,1390.77,1390.94,true
2025-08-11 16:30:00,1390.96,1393.61,1390.32,1392.07,true
2025-08-11 17:00:00,1392.07,1392.81,1391.93,1392.65,true
2025-08-11 17:30:00,1392.64,1393.46,1391.29,1392.23,true
2025-08-11 18:00:00,1392.22,1392.66,1391.98,1392.16,true
2025-08-11 18:30:00,1391.97,1396.54,1390.88,1392.76,true
2025-08-11 19:00:00,1392.77,1393.64,1391.29,1393.11,true
2025-08-11 19:30:00,1393.08,1393.17,1391.50,1391.62,true
2025-08-11 20:00:00,1391.73,1392.21,1390.69,1390.96,true
2025-08-11 20:30:00,1390.91,1391.21,1387.91,1390.30,true
2025-08-11 21:00:00,1390.31,1390.37,1388.66,1389.16,true
2025-08-11 21:30:00,1389.07,1389.92,1389.05,1389.79,true
2025-08-11 22:00:00,1389.76,1390.23,1388.98,1389.27,true
2025-08-11 22:30:00,1389.39,1389.61,1387.87,1388.20,true
2025-08-11 23:00:00,1388.19,1388.46,1387.27,1387.49,true
2025-08-11 23:30:00,1387.54,1387.72,1387.46,1387.70,true
2025-08-12 01:00:00,1387.92,1388.20,1387.75,1388.11,true
2025-08-12 01:30:00,1388.24,1390.32,1387.50,1389.16,true
2025-08-12 02:00:00,1389.26,1389.27,1388.65,1388.79,true
2025-08-12 02:30:00,1388.76,1391.15,1380.34,1388.01,true
2025-08-12 03:00:00,1388.01,1388.06,1388.00,1388.04,true
2025-08-12 03:30:00,1388.07,1388.36,1386.47,1387.39,true
2025-08-12 04:00:00,1387.42,1387.75,1387.41,1387.70,true
2025-08-12 04:30:00,1387.88,1387.89,1387.80,1387.81,true
2025-08-12 05:00:00,1387.85,1387.97,1387.63,1387.67,true
2025-08-12 05:30:00,1387.69,1387.79,1387.20,1387.25,true
2025-08-12 06:00:00,1387.24,1388.03,1385.89,1386.67,true
2025-08-12 06:30:00,1386.75,1386.82,1386.75,1386.82,true
2025-08-12 07:00:00,1386.87,1387.22,1386.16,1386.37,true
2025-08-12 07:30:00,1386.39,1386.40,1385.94,1386.09,true
2025-08-12 08:00:00,1386.10,1386.67,1386.10,1386.47,true
2025-08-12 08:30:00,1386.42,1386.60,1384.21,1385.55,true
2025-08-12 09:00:00,1385.62,1386.35,1385.58,1386.25,true
2025-08-12 09:30:00,1386.23,1386.35,1385.99,1386.13,true
2025-08-12 10:00:00,1385.95,1386.69,1385.11,1385.29,true
2025-08-12 10:30:00,1385.29,1385.38,1384.90,1385.13,true
2025-08-12 11:00:00,1385.15,1385.21,1384.37,1384.51,true
2025-08-12 11:30:00,1384.50,1386.56,1383.30,1383.53,true
2025-08-12 12:00:00,1383.66,1383.85,1383.50,1383.84,true
2025-08-12 12:30:00,1383.84,1384.08,1380.44,1381.80,true
2025-08-12 13:00:00,1381.78,1381.93,1381.76,1381.92,true
2025-08-12 13:30:00,1381.98,1381.98,1379.83,1379.85,true
2025-08-12 14:00:00,1380.33,1385.15,1376.02,1379.37,true
2025-08-12 14:30:00,1379.37,1379.66,1379.32,1379.58,true
2025-08-12 15:00:00,1379.44,1385.53,1368.76,1377.26,true
2025-08-12 15:30:00,1377.27,1381.57,1377.14,1378.24,true
2025-08-12 16:00:00,1378.21,1379.80,1374.02,1376.84,true
2025-08-12 16:30:00,1376.90,1380.25,1374.57,1374.75,true
2025-08-12 17:00:00,1374.49,1375.28,1372.23,1372.78,true
2025-08-12 17:30:00,1372.77,1373.04,1372.77,1372.99,true
2025-08-12 18:00:00,1372.87,1373.95,1372.00,1372.31,true
2025-08-12 18:30:00,1372.37,1372.93,1369.96,1371.10,true
2025-08-12 19:00:00,1371.14,1372.13,1370.76,1371.30,true
2025-08-12 19:30:00,1371.29,1371.29,1371.01,1371.02,true
2025-08-12 20:00:00,1371.01,1371.24,1370.90,1371.22,true
2025-08-12 20:30:00,1371.22,1371.39,1370.55,1370.75,true
2025-08-12 21:00:00,1370.75,1371.24,1369.98,1370.12,true
2025-08-12 21:30:00,1370.14,1370.68,1369.81,1369.88,true
2025-08-12 22:00:00,1369.74,1369.79,1369.52,1369.56,true
2025-08-12 22:30:00,1369.55,1369.74,1369.22,1369.41,true
2025-08-12 23:00:00,1369.43,1369.45,1369.30,1369.30,true
2025-08-12 23:30:00,1370.60,1370.62,1370.38,1370.43,true
2025-08-13 00:00:00,1370.39,1371.05,1370.24,1370.77,true
2025-08-13 00:30:00,1370.79,1371.63,1370.50,1371.55,true
2025-08-13 02:00:00,1371.46,1374.70,1371.32,1373.75,true
2025-08-13 02:30:00,1373.82,1373.82,1373.69,1373.76,true
2025-08-13 03:00:00,1373.66,1378.32,1366.17,1371.59,true
2025-08-13 03:30:00,1371.58,1372.28,1371.16,1371.27,true
2025-08-13 04:00:00,1371.35,1371.69,1371.27,1371.65,true
2025-08-13 04:30:00,1371.65,1371.65,1367.30,1369.87,true
2025-08-13 05:00:00,1369.89,1369.99,1369.89,1369.93,true
2025-08-13 05:30:00,1369.96,1375.97,1365.97,1369.04,true
2025-08-13 06:00:00,1369.20,1369.76,1369.05,1369.15,true
2025-08-13 06:30:00,1368.92,1369.15,1368.88,1369.09,true
2025-08-13 07:00:00,1369.14,1370.57,1368.17,1369.27,true
2025-08-13 07:30:00,1369.30,1372.41,1363.90,1368.57,true
2025-08-13 08:00:00,1368.53,1369.57,1367.48,1368.93,true
2025-08-13 08:30:00,1368.89,1371.80,1367.79,1369.60,true
2025-08-13 09:00:00,1369.61,1369.86,1369.49,1369.79,true
2025-08-13 09:30:00,1369.84,1370.17,1369.74,1370.09,true
2025-08-13 10:00:00,1370.09,1370.15,1369.91,1369.93,true
2025-08-13 10:30:00,1369.91,1370.29,1369.06,1369.73,true
2025-08-13 11:00:00,1369.72,1369.84,1367.97,1369.03,true
2025-08-13 11:30:00,1369.08,1369.73,1367.59,1367.66,true
2025-08-13 12:00:00,1367.74,1368.87,1367.62,1368.59,true
2025-08-13 12:30:00,1368.61,1369.28,1366.70,1366.73,true
2025-08-13 13:00:00,1366.73,1366.99,1364.42,1365.82,true
2025-08-13 13:30:00,1365.82,1365.93,1365.69,1365.75,true
2025-08-13 14:00:00,1365.96,1366.53,1364.91,1365.54,true
2025-08-13 14:30:00,1365.54,1366.28,1364.59,1365.16,true
2025-08-13 15:00:00,1365.16,1366.29,1365.03,1365.94,true
2025-08-13 15:30:00,1365.61,1366.81,1364.71,1365.90,true
2025-08-13 16:00:00,1365.88,1366.21,1364.81,1365.46,true
2025-08-13 16:30:00,1365.38,1372.73,1362.92,1366.83,true
2025-08-13 17:00:00,1366.82,1367.05,1365.12,1366.35,true
2025-08-13 17:30:00,1366.23,1366.70,1365.74,1365.84,true
2025-08-13 18:00:00,1365.83,1366.96,1364.74,1366.32,true
2025-08-13 18:30:00,1366.30,1367.87,1365.81,1367.84,true
2025-08-13 19:00:00,1367.83,1367.84,1367.48,1367.62,true
2025-08-13 19:30:00,1367.60,1367.60,1367.53,1367.57,true
2025-08-13 20:00:00,1367.54,1367.86,1365.30,1365.94,true
2025-08-13 20:30:00,1365.99,1366.50,1364.91,1365.50,true
2025-08-13 21:00:00,1365.50,1365.61,1364.61,1364.79,true
2025-08-13 21:30:00,1364.77,1365.75,1364.69,1365.38,true
2025-08-13 22:00:00,1365.47,1365.79,1365.42,1365.64,true
2025-08-13 22:30:00,1365.53,1365.59,1365.49,1365.59,true
2025-08-13 23:00:00,1365.63,1365.94,1365.21,1365.26,true
2025-08-13 23:30:00,1365.26,1365.46,1365.17,1365.38,true
2025-08-14 01:00:00,1365.25,1365.25,1363.34,1363.65,true
2025-08-14 01:30:00,1363.62,1364.25,1362.84,1363.19,true
2025-08-14 02:00:00,1363.20,1363.44,1363.13,1363.41,true
2025-08-14 02:30:00,1363.46,1363.65,1363.18,1363.29,true
2025-08-14 03:00:00,1363.37,1363.70,1362.54,1362.54,true
2025-08-14 03:30:00,1362.59,1363.04,1361.90,1362.24,true
2025-08-14 04:00:00,1362.24,1362.76,1362.08,1362.48,true
2025-08-14 04:30:00,1362.52,1362.75,1362.24,1362.37,true
2025-08-14 05:00:00,1362.33,1362.35,1362.25,1362.29,true
2025-08-14 05:30:00,1362.30,1363.12,1362.30,1362.73,true
2025-08-14 06:00:00,1362.73,1362.86,1361.71,1361.93,true
2025-08-14 06:30:00,1361.89,1361.91,1361.82,1361.86,true
2025-08-14 07:00:00,1361.88,1362.22,1361.75,1362.08,true
2025-08-14 07:30:00,1361.99,1362.93,1361.79,1362.64,true
2025-08-14 08:00:00,1362.63,1364.40,1361.12,1361.81,true
2025-08-14 08:30:00,1361.77,1361.84,1361.77,1361.82,true
2025-08-14 09:00:00,1361.76,1361.90,1360.23,1361.09,true
2025-08-14 09:30:00,1361.11,1361.25,1358.12,1359.06,true
2025-08-14 10:00:00,1358.99,1359.30,1358.95,1359.12,true
2025-08-14 10:30:00,1359.12,1359.77,1359.12,1359.73,true
2025-08-14 11:00:00,1359.71,1361.67,1339.13,1355.28,true
2025-08-14 11:30:00,1355.24,1357.87,1354.51,1356.78,true
2025-08-14 12:00:00,1356.77,1357.21,1356.70,1356.85,true
2025-08-14 12:30:00,1356.86,1356.90,1355.52,1355.72,true
2025-08-14 13:00:00,1355.61,1355.85,1355.33,1355.44,true
2025-08-14 13:30:00,1355.31,1355.46,1355.25,1355.44,true
2025-08-14 14:00:00,1355.44,1356.20,1355.38,1355.96,true
2025-08-14 14:30:00,1355.94,1356.14,1355.28,1355.70,true
2025-08-14 15:00:00,1355.70,1356.45,1355.56,1356.13,true
2025-08-14 15:30:00,1355.92,1356.70,1355.65,1356.70,true
2025-08-14 16:00:00,1356.66,1357.25,1355.03,1355.07,true
2025-08-14 16:30:00,1355.11,1355.46,1354.59,1354.61,true
2025-08-14 17:00:00,1354.60,1354.68,1354.60,1354.67,true
2025-08-14 17:30:00,1354.61,1360.14,1352.08,1356.62,true
2025-08-14 18:00:00,1356.56,1361.49,1355.95,1357.20,true
2025-08-14 18:30:00,1357.16,1364.20,1347.42,1355.42,true
2025-08-14 19:00:00,1355.45,1355.77,1355.14,1355.75,true
2025-08-14 19:30:00,1355.84,1356.32,1354.95,1356.12,true
2025-08-14 20:00:00,1356.14,1356.34,1355.84,1355.98,true
2025-08-14 20:30:00,1356.03,1356.03,1355.99,1356.00,true
2025-08-14 21:00:00,1355.86,1355.87,1355.86,1355.87,true
2025-08-14 21:30:00,1355.93,1355.94,1354.87,1355.13,true
2025-08-14 22:00:00,1355.01,1355.04,1354.97,1354.99,true
2025-08-14 22:30:00,1354.98,1354.98,1353.99,1354.37,true
2025-08-14 23:00:00,1354.38,1354.40,1353.08,1353.46,true
2025-08-14 23:30:00,1353.78,1354.13,1353.73,1353.94,true
2025-08-15 01:00:00,1353.83,1355.01,1353.12,1354.41,true
2025-08-15 01:30:00,1354.38,1354.80,1354.28,1354.32,true
2025-08-15 02:00:00,1354.10,1354.29,1353.87,1353.97,true
2025-08-15 02:30:00,1353.95,1353.98,1353.49,1353.65,true
2025-08-15 03:00:00,1353.66,1353.81,1353.31,1353.42,true
2025-08-15 03:30:00,1353.39,1357.49,1349.90,1352.76,true
2025-08-15 04:00:00,1352.75,1353.11,1352.34,1353.00,true
2025-08-15 04:30:00,1353.02,1353.03,1352.92,1352.97,true
2025-08-15 05:00:00,1352.96,1353.80,1352.27,1353.68,true
2025-08-15 05:30:00,1353.67,1355.30,1351.73,1353.92,true
2025-08-15 06:00:00,1353.93,1355.35,1353.57,1354.23,true
2025-08-15 06:30:00,1354.22,1355.03,1354.15,1354.74,true
2025-08-15 07:00:00,1354.69,1354.85,1354.47,1354.77,true
2025-08-15 07:30:00,1354.81,1355.71,1354.81,1355.51,true
2025-08-15 08:00:00,1355.47,1355.52,1354.96,1355.24,true
2025-08-15 08:30:00,1355.22,1355.23,1355.05,1355.20,true
2025-08-15 09:00:00,1355.14,1355.30,1353.06,1353.64,true
2025-08-15 09:30:00,1353.65,1356.13,1352.63,1353.06,true
2025-08-15 10:00:00,1352.98,1358.67,1352.82,1354.71,true
2025-08-15 10:30:00,1354.70,1356.27,1353.60,1355.46,true
2025-08-15 11:00:00,1355.42,1355.96,1353.50,1353.50,true
2025-08-15 11:30:00,1353.54,1354.17,1353.48,1354.02,true
2025-08-15 12:00:00,1353.79,1354.24,1352.28,1352.83,true
2025-08-15 12:30:00,1352.30,1352.90,1351.30,1351.52,true
2025-08-15 13:00:00,1351.51,1351.52,1350.45,1350.48,true
2025-08-15 13:30:00,1350.49,1350.58,1350.36,1350.36,true
2025-08-15 14:00:00,1350.35,1350.61,1350.25,1350.46,true
2025-08-15 14:30:00,1350.46,1350.59,1350.46,1350.59,true
2025-08-15 15:00:00,1350.60,1352.13,1349.37,1349.96,true
2025-08-15 15:30:00,1349.95,1356.62,1346.42,1352.60,true
2025-08-15 16:00:00,1352.66,1354.60,1350.54,1353.82,true
2025-08-15 16:30:00,1353.81,1367.06,1348.65,1355.11,true
2025-08-15 17:00:00,1355.09,1356.13,1351.93,1352.67,true
2025-08-15 17:30:00,1352.54,1355.10,1349.73,1352.96,true
2025-08-15 18:00:00,1352.95,1352.99,1350.06,1350.55,true
2025-08-15 18:30:00,1350.54,1350.63,1350.40,1350.59,true
2025-08-15 19:00:00,1350.64,1350.69,1349.89,1349.95,true
2025-08-15 19:30:00,1349.97,1350.90,1349.35,1349.79,true
2025-08-15 20:00:00,1349.74,1350.04,1344.95,1347.53,true
2025-08-15 20:30:00,1347.55,1349.71,1347.53,1349.71,true
2025-08-15 21:00:00,1349.58,1350.19,1341.07,1348.89,true
2025-08-15 21:30:00,1348.86,1353.57,1348.76,1350.20,true
2025-08-15 22:00:00,1350.18,1350.97,1349.82,1349.96,true
2025-08-15 22:30:00,1350.04,1350.04,1348.77,1349.19,true
2025-08-15 23:00:00,1349.00,1352.82,1348.84,1350.73,true
2025-08-15 23:30:00,1350.61,1350.75,1350.29,1350.71,true
2025-08-18 02:00:00,1355.02,1355.61,1354.97,1355.41,true
2025-08-18 02:30:00,1355.34,1356.01,1355.12,1355.59,true
2025-08-18 03:00:00,1355.67,1356.03,1355.04,1355.08,true
2025-08-18 03:30:00,1355.11,1355.21,1354.75,1354.93,true
2025-08-18 04:00:00,1354.91,1359.50,1351.67,1355.72,true
2025-08-18 04:30:00,1355.72,1356.03,1355.63,1355.67,true
2025-08-18 05:00:00,1355.56,1355.59,1355.49,1355.53,true
2025-08-18 05:30:00,1355.63,1355.64,1355.14,1355.43,true
2025-08-18 06:00:00,1355.39,1355.40,1355.33,1355.34,true
2025-08-18 06:30:00,1355.37,1355.62,1355.31,1355.59,true
2025-08-18 07:00:00,1355.42,1355.59,1355.38,1355.57,true
2025-08-18 07:30:00,1355.54,1356.59,1355.42,1356.16,true
2025-08-18 08:00:00,1356.17,1356.20,1356.15,1356.18,true
2025-08-18 08:30:00,1355.63,1355.63,1354.36,1355.27,true
2025-08-18 09:00:00,1355.27,1356.26,1355.14,1356.12,true
2025-08-18 09:30:00,1356.09,1357.16,1356.09,1356.75,true
2025-08-18 10:00:00,1356.75,1357.29,1353.82,1354.53,true
2025-08-18 10:30:00,1354.53,1355.55,1354.43,1355.46,true
2025-08-18 11:00:00,1355.59,1359.36,1353.34,1357.38,true
2025-08-18 11:30:00,1357.40,1361.33,1353.82,1357.98,true
2025-08-18 12:00:00,1357.98,1358.01,1357.92,1357.93,true
2025-08-18 12:30:00,1357.96,1361.00,1356.40,1357.37,true
2025-08-18 13:00:00,1357.39,1358.40,1357.24,1358.16,true
2025-08-18 13:30:00,1358.13,1358.22,1357.93,1358.02,true
2025-08-18 14:00:00,1357.97,1358.19,1357.91,1358.18,true
2025-08-18 14:30:00,1358.37,1358.41,1356.03,1357.39,true
2025-08-18 15:00:00,1357.38,1357.75,1357.29,1357.68,true
2025-08-18 15:30:00,1357.65,1360.95,1357.49,1359.33,true
2025-08-18 16:00:00,1359.48,1360.10,1359.21,1359.75,true
2025-08-18 16:30:00,1359.94,1360.65,1358.78,1360.11,true
2025-08-18 17:00:00,1360.11,1363.51,1359.10,1360.63,true
2025-08-18 17:30:00,1360.59,1360.59,1360.23,1360.43,true
2025-08-18 18:00:00,1360.43,1360.95,1360.37,1360.68,true
2025-08-18 18:30:00,1360.70,1362.15,1360.61,1361.13,true
2025-08-18 19:00:00,1361.24,1362.83,1361.24,1362.45,true
2025-08-18 19:30:00,1362.46,1362.50,1362.30,1362.40,true
2025-08-18 20:00:00,1362.41,1362.64,1360.69,1361.14,true
2025-08-18 20:30:00,1361.17,1361.18,1361.17,1361.18,true
2025-08-18 21:00:00,1361.17,1361.38,1360.93,1361.01,true
2025-08-18 21:30:00,1361.02,1362.09,1360.58,1361.69,true
2025-08-18 22:00:00,1361.67,1362.47,1360.62,1361.95,true
2025-08-18 22:30:00,1361.97,1362.88,1361.61,1362.57,true
2025-08-18 23:00:00,1362.57,1362.57,1361.79,1362.08,true
2025-08-18 23:30:00,1362.07,1362.16,1362.07,1362.13,true
2025-08-19 01:00:00,1362.12,1362.17,1361.67,1361.88,true
2025-08-19 01:30:00,1361.86,1362.21,1361.21,1361.23,true
2025-08-19 02:00:00,1361.24,1361.60,1355.24,1359.80,true
2025-08-19 02:30:00,1359.81,1359.85,1359.59,1359.65,true
2025-08-19 03:00:00,1360.30,1361.14,1359.70,1361.14,true
2025-08-19 03:30:00,1361.14,1362.39,1361.05,1362.27,true
2025-08-19 04:00:00,1362.26,1362.97,1362.18,1362.72,true
2025-08-19 04:30:00,1362.72,1363.44,1361.99,1362.40,true
2025-08-19 05:00:00,1362.40,1363.38,1360.70,1362.62,true
2025-08-19 05:30:00,1362.63,1363.06,1359.23,1361.95,true
2025-08-19 06:00:00,1361.96,1363.32,1359.48,1361.63,true
2025-08-19 06:30:00,1361.55,1361.76,1360.89,1360.92,true
2025-08-19 07:00:00,1360.91,1361.11,1359.27,1359.41,true
2025-08-19 07:30:00,1359.42,1359.64,1359.12,1359.60,true
2025-08-19 08:00:00,1359.57,1361.60,1356.32,1360.53,true
2025-08-19 08:30:00,1360.46,1362.01,1360.25,1361.63,true
2025-08-19 09:00:00,1361.61,1361.99,1361.32,1361.41,true
2025-08-19 09:30:00,1361.53,1365.86,1358.23,1362.13,true
2025-08-19 10:00:00,1362.23,1362.32,1361.94,1362.02,true
2025-08-19 10:30:00,1362.00,1363.45,1361.75,1362.88,true
2025-08-19 11:00:00,1362.88,1364.52,1359.68,1363.36,true
2025-08-19 11:30:00,1363.25,1364.96,1363.21,1363.64,true
2025-08-19 12:00:00,1363.64,1363.94,1363.49,1363.76,true
2025-08-19 12:30:00,1363.74,1364.27,1361.27,1363.26,true
2025-08-19 13:00:00,1363.24,1363.29,1363.10,1363.11,true
2025-08-19 13:30:00,1363.11,1363.11,1362.96,1363.00,true
2025-08-19 14:00:00,1362.97,1364.52,1360.53,1363.86,true
2025-08-19 14:30:00,1363.83,1364.13,1363.48,1363.55,true
2025-08-19 15:00:00,1363.86,1364.46,1363.85,1364.39,true
2025-08-19 15:30:00,1364.51,1364.52,1364.11,1364.19,true
2025-08-19 16:00:00,1364.22,1364.43,1362.65,1362.97,true
2025-08-19 16:30:00,1362.97,1363.03,1362.80,1362.83,true
2025-08-19 17:00:00,1362.85,1363.89,1362.53,1363.16,true
2025-08-19 17:30:00,1363.16,1364.13,1358.97,1359.48,true
2025-08-19 18:00:00,1359.47,1360.37,1355.76,1356.28,true
2025-08-19 18:30:00,1356.27,1357.10,1356.23,1356.99,true
2025-08-19 19:00:00,1357.02,1357.07,1356.91,1356.91,true
2025-08-19 19:30:00,1356.92,1358.54,1356.53,1357.44,true
2025-08-19 20:00:00,1357.45,1357.51,1357.44,1357.50,true
2025-08-19 20:30:00,1357.37,1357.63,1357.02,1357.62,true
2025-08-19 21:00:00,1357.64,1358.90,1357.09,1358.21,true
2025-08-19 21:30:00,1358.21,1358.22,1357.90,1357.94,true
2025-08-19 22:00:00,1357.93,1358.12,1357.90,1357.97,true
2025-08-19 22:30:00,1357.97,1357.99,1357.94,1357.95,true
2025-08-19 23:00:00,1357.96,1358.67,1357.52,1358.67,true
2025-08-19 23:30:00,1358.67,1359.17,1358.62,1358.95,true
2025-08-20 01:00:00,1356.15,1357.80,1355.83,1357.45,true
2025-08-20 01:30:00,1357.48,1357.63,1357.29,1357.42,true
2025-08-20 02:00:00,1357.41,1357.46,1357.36,1357.40,true
2025-08-20 02:30:00,1357.39,1357.55,1357.11,1357.18,true
2025-08-20 03:00:00,1357.26,1361.24,1356.62,1358.52,true
2025-08-20 03:30:00,1358.53,1360.03,1358.39,1359.71,true
2025-08-20 04:00:00,1359.73,1361.70,1359.38,1361.00,true
2025-08-20 04:30:00,1361.04,1361.31,1359.96,1360.08,true
2025-08-20 05:00:00,1360.14,1361.45,1360.02,1361.41,true
2025-08-20 05:30:00,1361.41,1361.89,1361.31,1361.75,true
2025-08-20 06:00:00,1361.76,1361.76,1361.73,1361.75,true
2025-08-20 06:30:00,1361.73,1362.23,1361.62,1361.95,true
2025-08-20 07:00:00,1361.94,1363.44,1361.09,1362.58,true
2025-08-20 07:30:00,1362.65,1365.16,1359.01,1361.93,true
2025-08-20 08:00:00,1361.91,1363.11,1361.81,1362.70,true
2025-08-20 08:30:00,1362.67,1364.17,1361.48,1363.15,true
2025-08-20 09:00:00,1363.27,1363.70,1362.23,1362.23,true
2025-08-20 09:30:00,1362.50,1365.05,1361.60,1363.38,true
2025-08-20 10:00:00,1363.38,1364.06,1361.25,1361.72,true
2025-08-20 10:30:00,1361.99,1362.09,1361.93,1361.93,true
2025-08-20 11:00:00,1361.92,1361.98,1361.29,1361.62,true
2025-08-20 11:30:00,1361.61,1362.11,1357.21,1358.23,true
2025-08-20 12:00:00,1358.26,1359.24,1357.87,1359.00,true
2025-08-20 12:30:00,1359.01,1361.50,1354.51,1355.60,true
2025-08-20 13:00:00,1355.60,1356.10,1355.31,1355.99,true
2025-08-20 13:30:00,1356.08,1357.12,1354.77,1356.68,true
2025-08-20 14:00:00,1356.72,1356.75,1356.50,1356.56,true
2025-08-20 14:30:00,1356.55,1356.78,1356.41,1356.70,true
2025-08-20 15:00:00,1356.67,1356.67,1356.11,1356.28,true
2025-08-20 15:30:00,1356.22,1356.68,1355.79,1356.45,true
2025-08-20 16:00:00,1356.44,1356.73,1356.01,1356.01,true
2025-08-20 16:30:00,1355.85,1358.89,1355.84,1357.61,true
2025-08-20 17:00:00,1357.64,1358.39,1357.31,1357.55,true
2025-08-20 17:30:00,1357.54,1357.70,1357.27,1357.43,true
2025-08-20 18:00:00,1357.47,1357.89,1357.42,1357.85,true
2025-08-20 18:30:00,1357.83,1358.40,1355.71,1357.24,true
2025-08-20 19:00:00,1357.24,1359.77,1356.38,1356.81,true
2025-08-20 19:30:00,1356.87,1357.38,1356.67,1357.20,true
2025-08-20 20:00:00,1357.13,1357.64,1356.03,1356.71,true
2025-08-20 20:30:00,1356.55,1357.66,1356.50,1357.40,true
2025-08-20 21:00:00,1357.44,1357.80,1356.13,1356.55,true
2025-08-20 21:30:00,1356.55,1358.15,1356.54,1358.04,true
2025-08-20 22:00:00,1358.01,1358.19,1356.52,1356.80,true
2025-08-20 22:30:00,1356.77,1356.91,1356.77,1356.86,true
2025-08-20 23:00:00,1356.86,1358.00,1356.69,1357.76,true
2025-08-20 23:30:00,1357.71,1357.71,1357.52,1357.60,true
2025-08-21 00:00:00,1357.45,1357.61,1357.25,1357.60,true
2025-08-21 00:30:00,1357.56,1357.67,1357.42,1357.67,true
2025-08-21 01:00:00,1357.70,1357.92,1357.42,1357.46,true
2025-08-21 01:30:00,1357.43,1357.75,1357.31,1357.46,true
2025-08-21 02:00:00,1357.45,1358.38,1357.10,1358.19,true
2025-08-21 02:30:00,1358.20,1358.46,1358.05,1358.33,true
2025-08-21 03:00:00,1358.30,1358.66,1358.23,1358.56,true
2025-08-21 03:30:00,1358.51,1358.87,1357.72,1358.21,true
2025-08-21 04:00:00,1358.21,1358.62,1358.06,1358.62,true
2025-08-21 04:30:00,1358.56,1359.04,1357.09,1359.04,true
2025-08-21 05:00:00,1359.04,1359.11,1358.97,1359.08,true
2025-08-21 05:30:00,1359.22,1360.04,1358.40,1358.78,true
2025-08-21 06:00:00,1358.80,1358.90,1358.18,1358.63,true
2025-08-21 06:30:00,1359.28,1359.83,1359.03,1359.56,true
2025-08-21 07:00:00,1359.57,1361.60,1358.75,1358.76,true
2025-08-21 07:30:00,1358.80,1358.82,1358.52,1358.65,true
2025-08-21 08:00:00,1358.77,1358.82,1358.69,1358.69,true
2025-08-21 08:30:00,1358.67,1359.62,1358.42,1359.51,true
2025-08-21 09:00:00,1359.53,1359.54,1359.48,1359.49,true
2025-08-21 09:30:00,1359.50,1359.89,1359.42,1359.67,true
2025-08-21 10:00:00,1359.67,1360.05,1359.48,1359.93,true
2025-08-21 10:30:00,1359.91,1360.01,1359.71,1359.73,true
2025-08-21 11:00:00,1359.76,1359.87,1359.51,1359.53,true
2025-08-21 11:30:00,1359.52,1359.61,1359.00,1359.11,true
2025-08-21 12:00:00,1359.05,1359.12,1358.70,1358.80,true
2025-08-21 12:30:00,1358.84,1359.09,1358.44,1358.60,true
2025-08-21 13:00:00,1358.60,1358.61,1357.80,1358.50,true
2025-08-21 13:30:00,1358.49,1358.57,1358.27,1358.39,true
2025-08-21 14:00:00,1358.40,1358.71,1358.39,1358.68,true
2025-08-21 14:30:00,1358.68,1359.15,1358.43,1359.12,true
2025-08-21 15:00:00,1359.11,1359.72,1358.55,1359.26,true
2025-08-21 15:30:00,1359.25,1359.56,1357.79,1358.75,true
2025-08-21 16:00:00,1358.76,1358.78,1358.49,1358.54,true
2025-08-21 16:30:00,1358.56,1360.71,1354.35,1356.67,true
2025-08-21 17:00:00,1356.65,1356.77,1356.59,1356.74,true
2025-08-21 17:30:00,1356.75,1356.88,1356.01,1356.45,true
2025-08-21 18:00:00,1356.47,1356.85,1356.38,1356.72,true
2025-08-21 18:30:00,1356.72,1358.94,1356.25,1356.50,true
2025-08-21 19:00:00,1356.49,1356.49,1355.99,1356.11,true
2025-08-21 19:30:00,1356.12,1357.45,1355.18,1356.45,true
2025-08-21 20:00:00,1356.46,1356.52,1356.37,1356.37,true
2025-08-21 20:30:00,1356.38,1356.92,1356.30,1356.57,true
2025-08-21 21:00:00,1356.60,1356.60,1355.11,1356.13,true
2025-08-21 21:30:00,1356.13,1357.87,1352.44,1355.07,true
2025-08-21 22:00:00,1355.06,1356.32,1355.06,1356.14,true
2025-08-21 22:30:00,1356.07,1357.23,1355.65,1357.14,true
2025-08-21 23:00:00,1357.14,1357.21,1357.10,1357.20,true
2025-08-21 23:30:00,1357.14,1357.14,1357.04,1357.08,true
2025-08-22 00:00:00,1357.83,1358.42,1357.58,1358.35,true
2025-08-22 00:30:00,1358.32,1359.10,1357.19,1357.81,true
2025-08-22 02:00:00,1357.95,1360.77,1354.61,1358.60,true
2025-08-22 02:30:00,1358.59,1359.01,1358.27,1358.30,true
2025-08-22 03:00:00,1358.30,1359.24,1356.76,1358.02,true
2025-08-22 03:30:00,1357.98,1358.50,1357.96,1358.36,true
2025-08-22 04:00:00,1358.45,1358.50,1357.94,1358.09,true
2025-08-22 04:30:00,1358.10,1358.87,1357.47,1358.35,true
2025-08-22 05:00:00,1358.26,1358.45,1358.18,1358.42,true
2025-08-22 05:30:00,1358.43,1358.49,1358.11,1358.21,true
2025-08-22 06:00:00,1358.21,1358.24,1358.21,1358.22,true
2025-08-22 06:30:00,1358.26,1358.50,1358.10,1358.43,true
2025-08-22 07:00:00,1358.51,1358.53,1358.46,1358.47,true
2025-08-22 07:30:00,1358.46,1358.92,1358.42,1358.91,true
2025-08-22 08:00:00,1358.94,1359.30,1358.28,1358.66,true
2025-08-22 08:30:00,1358.66,1358.89,1358.48,1358.63,true
2025-08-22 09:00:00,1358.58,1358.74,1358.14,1358.15,true
2025-08-22 09:30:00,1358.18,1358.32,1357.59,1357.81,true
2025-08-22 10:00:00,1357.74,1358.14,1357.73,1357.96,true
2025-08-22 10:30:00,1357.96,1358.75,1357.19,1358.52,true
2025-08-22 11:00:00,1358.65,1360.02,1357.07,1357.68,true
2025-08-22 11:30:00,1357.68,1358.21,1356.83,1357.10,true
2025-08-22 12:00:00,1357.12,1357.34,1357.00,1357.28,true
2025-08-22 12:30:00,1357.30,1357.30,1356.91,1357.07,true
2025-08-22 13:00:00,1357.07,1357.37,1356.98,1357.22,true
2025-08-22 13:30:00,1357.21,1357.52,1357.02,1357.37,true
2025-08-22 14:00:00,1357.38,1357.89,1357.28,1357.89,true
2025-08-22 14:30:00,1357.91,1357.95,1357.87,1357.89,true
2025-08-22 15:00:00,1358.00,1359.13,1357.20,1358.18,true
2025-08-22 15:30:00,1358.19,1358.63,1354.64,1354.71,true
2025-08-22 16:00:00,1354.69,1354.77,1354.42,1354.48,true
2025-08-22 16:30:00,1354.47,1354.90,1354.43,1354.75,true
2025-08-22 17:00:00,1354.75,1356.32,1353.85,1356.17,true
2025-08-22 17:30:00,1356.21,1356.63,1354.68,1355.38,true
2025-08-22 18:00:00,1355.36,1355.79,1354.89,1355.55,true
2025-08-22 18:30:00,1355.48,1355.72,1354.83,1355.23,true
2025-08-22 19:00:00,1355.26,1355.30,1354.81,1355.01,true
2025-08-22 19:30:00,1355.01,1355.43,1354.75,1354.86,true
2025-08-22 20:00:00,1354.85,1354.93,1354.31,1354.72,true
2025-08-22 20:30:00,1354.71,1354.78,1354.37,1354.51,true
2025-08-22 21:00:00,1354.44,1354.51,1354.18,1354.26,true
2025-08-22 21:30:00,1354.26,1354.28,1353.95,1354.07,true
2025-08-22 22:00:00,1354.05,1355.30,1353.07,1354.69,true
2025-08-22 22:30:00,1354.68,1355.01,1353.43,1354.09,true
2025-08-22 23:00:00,1354.08,1354.14,1354.01,1354.07,true
2025-08-22 23:30:00,1354.06,1354.21,1353.80,1353.97,true
2025-08-25 02:00:00,1353.58,1353.59,1353.27,1353.34,true
2025-08-25 02:30:00,1353.36,1353.36,1353.33,1353.33,true
2025-08-25 03:00:00,1352.99,1353.10,1352.65,1352.66,true
2025-08-25 03:30:00,1352.67,1352.84,1352.49,1352.81,true
2025-08-25 04:00:00,1352.82,1353.09,1352.43,1352.60,true
2025-08-25 04:30:00,1352.54,1353.10,1350.21,1350.42,true
2025-08-25 05:00:00,1350.43,1351.62,1349.52,1350.78,true
2025-08-25 05:30:00,1350.67,1350.73,1349.78,1350.51,true
2025-08-25 06:00:00,1350.21,1351.27,1349.37,1349.58,true
2025-08-25 06:30:00,1349.59,1349.72,1349.50,1349.52,true
2025-08-25 07:00:00,1349.55,1349.58,1348.62,1349.44,true
2025-08-25 07:30:00,1349.44,1349.81,1349.31,1349.70,true
2025-08-25 08:00:00,1349.66,1350.05,1349.52,1349.96,true
2025-08-25 08:30:00,1349.96,1350.30,1349.62,1350.09,true
2025-08-25 09:00:00,1350.09,1350.31,1349.14,1349.69,true
2025-08-25 09:30:00,1349.61,1350.16,1348.08,1348.60,true
2025-08-25 10:00:00,1348.62,1350.28,1347.54,1349.73,true
2025-08-25 10:30:00,1349.75,1351.94,1349.13,1350.78,true
2025-08-25 11:00:00,1350.78,1363.61,1340.63,1349.55,true
2025-08-25 11:30:00,1349.53,1349.85,1349.38,1349.66,true
2025-08-25 12:00:00,1349.67,1349.71,1349.10,1349.12,true
2025-08-25 12:30:00,1349.10,1352.33,1347.29,1348.53,true
2025-08-25 13:00:00,1348.49,1348.58,1348.38,1348.39,true
2025-08-25 13:30:00,1348.39,1348.83,1348.04,1348.76,true
2025-08-25 14:00:00,1348.92,1348.98,1348.70,1348.83,true
2025-08-25 14:30:00,1348.94,1349.05,1348.64,1348.73,true
2025-08-25 15:00:00,1348.75,1348.75,1348.64,1348.69,true
2025-08-25 15:30:00,1348.69,1348.71,1348.04,1348.13,true
2025-08-25 16:00:00,1348.16,1348.35,1347.71,1347.82,true
2025-08-25 16:30:00,1347.80,1347.94,1347.17,1347.36,true
2025-08-25 17:00:00,1347.46,1347.60,1346.86,1347.08,true
2025-08-25 17:30:00,1347.03,1348.26,1347.01,1347.91,true
2025-08-25 18:00:00,1347.84,1347.99,1346.87,1347.46,true
2025-08-25 18:30:00,1347.46,1347.47,1346.15,1346.53,true
2025-08-25 19:00:00,1346.52,1349.57,1345.52,1345.61,true
2025-08-25 19:30:00,1345.58,1346.84,1345.31,1346.07,true
2025-08-25 20:00:00,1346.08,1346.23,1345.83,1345.83,true
2025-08-25 20:30:00,1345.83,1345.83,1344.27,1345.09,true
2025-08-25 21:00:00,1345.20,1345.75,1345.20,1345.69,true
2025-08-25 21:30:00,1345.64,1346.39,1345.61,1346.13,true
2025-08-25 22:00:00,1345.99,1346.01,1345.99,1346.01,true
2025-08-25 22:30:00,1346.25,1346.27,1346.23,1346.24,true
2025-08-25 23:00:00,1346.27,1346.46,1346.22,1346.44,true
2025-08-25 23:30:00,1346.43,1346.46,1346.36,1346.41,true
2025-08-26 00:00:00,1346.45,1346.47,1346.44,1346.47,true
2025-08-26 00:30:00,1346.46,1347.41,1345.10,1345.56,true
2025-08-26 02:00:00,1345.62,1345.81,1345.61,1345.69,true
2025-08-26 02:30:00,1345.70,1346.13,1345.49,1346.01,true
2025-08-26 03:00:00,1346.02,1346.16,1345.91,1346.10,true
2025-08-26 03:30:00,1346.09,1346.68,1345.94,1346.30,true
2025-08-26 04:00:00,1346.30,1348.09,1346.30,1347.12,true
2025-08-26 04:30:00,1347.12,1347.92,1346.38,1347.81,true
2025-08-26 05:00:00,1347.58,1347.68,1346.13,1346.21,true
2025-08-26 05:30:00,1346.24,1346.26,1346.20,1346.25,true
2025-08-26 06:00:00,1346.22,1346.22,1346.00,1346.00,true
2025-08-26 06:30:00,1346.07,1346.07,1345.94,1345.96,true
2025-08-26 07:00:00,1345.96,1346.02,1345.77,1345.80,true
2025-08-26 07:30:00,1345.81,1346.11,1343.95,1344.80,true
2025-08-26 08:00:00,1344.81,1346.19,1343.60,1346.06,true
2025-08-26 08:30:00,1346.04,1346.12,1345.86,1345.96,true
2025-08-26 09:00:00,1345.97,1345.97,1345.58,1345.64,true
2025-08-26 09:30:00,1345.65,1345.99,1345.56,1345.93,true
2025-08-26 10:00:00,1345.94,1345.94,1345.85,1345.90,true
2025-08-26 10:30:00,1345.90,1346.54,1344.67,1345.24,true
2025-08-26 11:00:00,1345.24,1345.98,1344.29,1345.49,true
2025-08-26 11:30:00,1345.50,1345.50,1344.46,1344.94,true
2025-08-26 12:00:00,1344.89,1345.46,1344.47,1345.26,true
2025-08-26 12:30:00,1345.29,1345.66,1344.41,1345.60,true
2025-08-26 13:00:00,1345.60,1346.59,1345.41,1346.36,true
2025-08-26 13:30:00,1346.43,1347.47,1345.57,1347.34,true
2025-08-26 14:00:00,1347.39,1347.70,1345.56,1346.31,true
2025-08-26 14:30:00,1346.53,1346.84,1344.66,1345.91,true
2025-08-26 15:00:00,1345.92,1346.51,1344.79,1345.68,true
2025-08-26 15:30:00,1345.69,1359.14,1337.56,1344.27,true
2025-08-26 16:00:00,1344.29,1345.32,1344.19,1345.24,true
2025-08-26 16:30:00,1345.24,1346.34,1345.23,1345.78,true
2025-08-26 17:00:00,1345.68,1346.31,1344.48,1345.92,true
2025-08-26 17:30:00,1345.97,1346.17,1345.58,1345.81,true
2025-08-26 18:00:00,1345.52,1346.38,1344.28,1344.73,true
2025-08-26 18:30:00,1344.88,1345.12,1342.21,1343.06,true
2025-08-26 19:00:00,1343.13,1343.39,1341.53,1341.72,true
2025-08-26 19:30:00,1341.79,1347.50,1320.92,1339.76,true
2025-08-26 20:00:00,1339.75,1339.81,1339.62,1339.66,true
2025-08-26 20:30:00,1339.68,1339.85,1339.17,1339.19,true
2025-08-26 21:00:00,1338.53,1338.55,1337.54,1338.35,true
2025-08-26 21:30:00,1338.24,1339.86,1335.45,1339.26,true
2025-08-26 22:00:00,1339.23,1340.19,1336.54,1338.41,true
2025-08-26 22:30:00,1337.94,1338.81,1336.44,1336.87,true
2025-08-26 23:00:00,1336.73,1337.26,1335.66,1337.10,true
2025-08-26 23:30:00,1337.12,1337.21,1336.49,1336.49,true
2025-08-27 01:00:00,1336.20,1338.50,1334.75,1335.33,true
2025-08-27 01:30:00,1335.35,1335.59,1335.24,1335.58,true
2025-08-27 02:00:00,1335.58,1335.67,1335.44,1335.51,true
2025-08-27 02:30:00,1335.50,1336.29,1334.12,1335.81,true
2025-08-27 03:00:00,1335.89,1338.16,1335.01,1335.49,true
2025-08-27 03:30:00,1335.43,1335.46,1335.16,1335.20,true
2025-08-27 04:00:00,1335.65,1335.79,1334.42,1335.06,true
2025-08-27 04:30:00,1335.07,1336.75,1334.97,1336.57,true
2025-08-27 05:00:00,1336.60,1337.04,1335.87,1336.10,true
2025-08-27 05:30:00,1336.23,1336.68,1335.52,1336.49,true
2025-08-27 06:00:00,1336.43,1336.44,1335.42,1335.89,true
2025-08-27 06:30:00,1336.02,1336.93,1335.22,1335.44,true
2025-08-27 07:00:00,1335.41,1336.66,1335.35,1336.23,true
2025-08-27 07:30:00,1336.21,1336.78,1336.02,1336.68,true
2025-08-27 08:00:00,1336.69,1336.90,1336.19,1336.30,true
2025-08-27 08:30:00,1336.19,1336.51,1335.70,1335.75,true
2025-08-27 09:00:00,1335.77,1335.84,1335.73,1335.79,true
2025-08-27 09:30:00,1335.76,1335.88,1335.36,1335.54,true
2025-08-27 10:00:00,1335.58,1336.96,1335.20,1336.80,true
2025-08-27 10:30:00,1336.79,1337.46,1336.10,1336.35,true
2025-08-27 11:00:00,1336.34,1336.51,1336.28,1336.49,true
2025-08-27 11:30:00,1336.47,1336.75,1336.47,1336.73,true
2025-08-27 12:00:00,1336.70,1336.71,1336.69,1336.69,true
2025-08-27 12:30:00,1336.70,1336.71,1336.66,1336.66,true
2025-08-27 13:00:00,1336.64,1337.32,1331.16,1336.07,true
2025-08-27 13:30:00,1335.76,1338.29,1334.66,1337.25,true
2025-08-27 14:00:00,1337.27,1337.33,1337.01,1337.02,true
2025-08-27 14:30:00,1337.10,1337.96,1337.03,1337.84,true
2025-08-27 15:00:00,1337.95,1338.21,1335.65,1337.50,true
2025-08-27 15:30:00,1337.50,1337.55,1335.67,1336.27,true
2025-08-27 16:00:00,1336.31,1339.95,1332.40,1335.24,true
2025-08-27 16:30:00,1335.26,1335.30,1334.43,1334.94,true
2025-08-27 17:00:00,1334.88,1335.60,1334.20,1335.53,true
2025-08-27 17:30:00,1335.67,1335.86,1334.34,1334.89,true
2025-08-27 18:00:00,1334.90,1335.10,1334.82,1335.01,true
2025-08-27 18:30:00,1335.04,1336.18,1332.08,1334.28,true
2025-08-27 19:00:00,1334.28,1334.67,1333.94,1334.00,true
2025-08-27 19:30:00,1334.09,1334.69,1333.50,1334.52,true
2025-08-27 20:00:00,1334.49,1337.25,1334.47,1337.04,true
2025-08-27 20:30:00,1337.02,1338.31,1337.02,1337.80,true
2025-08-27 21:00:00,1337.82,1338.53,1337.82,1338.46,true
2025-08-27 21:30:00,1338.46,1339.05,1337.94,1337.94,true
2025-08-27 22:00:00,1337.92,1338.85,1337.44,1337.44,true
2025-08-27 22:30:00,1337.47,1339.30,1337.42,1338.48,true
2025-08-27 23:00:00,1338.47,1338.58,1337.63,1337.70,true
2025-08-27 23:30:00,1337.71,1342.91,1337.37,1340.85,true
2025-08-28 01:00:00,1341.50,1341.54,1341.34,1341.47,true
2025-08-28 01:30:00,1341.46,1341.73,1340.72,1340.81,true
2025-08-28 02:00:00,1340.81,1341.35,1339.53,1339.55,true
2025-08-28 02:30:00,1339.58,1339.58,1338.55,1338.82,true
2025-08-28 03:00:00,1338.81,1340.95,1338.12,1339.85,true
2025-08-28 03:30:00,1339.89,1342.09,1337.48,1340.65,true
2025-08-28 04:00:00,1340.67,1350.21,1340.38,1343.65,true
2025-08-28 04:30:00,1343.63,1345.74,1336.60,1337.76,true
2025-08-28 05:00:00,1337.81,1339.17,1337.30,1338.54,true
2025-08-28 05:30:00,1338.55,1340.61,1338.35,1338.88,true
2025-08-28 06:00:00,1338.72,1338.90,1338.23,1338.41,true
2025-08-28 06:30:00,1338.49,1339.07,1337.70,1338.17,true
2025-08-28 07:00:00,1338.16,1339.02,1337.32,1337.60,true
2025-08-28 07:30:00,1337.58,1338.33,1336.90,1337.76,true
2025-08-28 08:00:00,1337.83,1338.01,1337.17,1337.42,true
2025-08-28 08:30:00,1337.30,1337.50,1337.28,1337.45,true
2025-08-28 09:00:00,1337.45,1337.59,1337.41,1337.52,true
2025-08-28 09:30:00,1337.50,1337.53,1337.49,1337.53,true
2025-08-28 10:00:00,1336.97,1337.16,1334.25,1335.34,true
2025-08-28 10:30:00,1335.19,1335.80,1335.06,1335.74,true
2025-08-28 11:00:00,1335.75,1335.83,1335.72,1335.82,true
2025-08-28 11:30:00,1335.81,1345.95,1332.59,1339.61,true
2025-08-28 12:00:00,1339.56,1340.80,1339.30,1340.56,true
2025-08-28 12:30:00,1340.55,1343.09,1340.19,1342.24,true
2025-08-28 13:00:00,1342.25,1344.73,1340.50,1342.93,true
2025-08-28 13:30:00,1342.82,1345.65,1340.50,1341.44,true
2025-08-28 14:00:00,1341.74,1343.09,1340.91,1341.54,true
2025-08-28 14:30:00,1341.68,1341.86,1341.43,1341.51,true
2025-08-28 15:00:00,1341.51,1344.68,1339.70,1339.89,true
2025-08-28 15:30:00,1339.90,1342.51,1338.60,1342.16,true
2025-08-28 16:00:00,1342.16,1342.48,1340.19,1340.21,true
2025-08-28 16:30:00,1340.15,1348.77,1337.65,1337.65,true
2025-08-28 17:00:00,1337.69,1337.70,1337.67,1337.68,true
2025-08-28 17:30:00,1337.63,1337.85,1337.29,1337.30,true
2025-08-28 18:00:00,1337.22,1337.31,1335.70,1336.74,true
2025-08-28 18:30:00,1336.89,1337.86,1336.46,1337.25,true
2025-08-28 19:00:00,1337.26,1337.29,1336.96,1337.01,true
2025-08-28 19:30:00,1337.01,1339.83,1334.61,1335.33,true
2025-08-28 20:00:00,1335.31,1335.86,1330.06,1331.09,true
2025-08-28 20:30:00,1330.95,1332.53,1330.65,1332.07,true
2025-08-28 21:00:00,1332.18,1332.18,1332.10,1332.10,true
2025-08-28 21:30:00,1332.11,1333.13,1331.27,1332.56,true
2025-08-28 22:00:00,1332.38,1333.03,1329.65,1330.65,true
2025-08-28 22:30:00,1330.63,1334.50,1323.28,1331.21,true
2025-08-28 23:00:00,1331.39,1332.53,1330.33,1330.83,true
2025-08-28 23:30:00,1330.83,1330.83,1330.18,1330.24,true
2025-08-29 01:00:00,1332.27,1332.96,1331.68,1332.83,true
2025-08-29 01:30:00,1332.79,1333.00,1330.57,1331.76,true
2025-08-29 02:00:00,1331.71,1332.98,1330.46,1332.60,true
2025-08-29 02:30:00,1332.84,1333.52,1331.22,1332.51,true
2025-08-29 03:00:00,1332.50,1333.54,1331.16,1331.69,true
2025-08-29 03:30:00,1331.80,1332.89,1330.49,1330.75,true
2025-08-29 04:00:00,1330.73,1333.91,1325.56,1329.17,true
2025-08-29 04:30:00,1329.17,1329.17,1328.04,1328.33,true
2025-08-29 05:00:00,1328.09,1330.80,1325.91,1327.22,true
2025-08-29 05:30:00,1327.23,1327.80,1326.00,1326.72,true
2025-08-29 06:00:00,1326.74,1327.46,1326.73,1327.41,true
2025-08-29 06:30:00,1327.30,1328.12,1326.86,1328.09,true
2025-08-29 07:00:00,1328.08,1328.82,1327.79,1328.68,true
2025-08-29 07:30:00,1328.50,1329.17,1328.23,1328.86,true
2025-08-29 08:00:00,1328.85,1330.65,1326.93,1329.05,true
2025-08-29 08:30:00,1328.94,1328.94,1328.25,1328.51,true
2025-08-29 09:00:00,1328.46,1328.50,1328.09,1328.22,true
2025-08-29 09:30:00,1328.98,1329.22,1325.39,1325.54,true
2025-08-29 10:00:00,1325.54,1325.54,1312.44,1324.23,true
2025-08-29 10:30:00,1324.39,1324.52,1324.25,1324.28,true
2025-08-29 11:00:00,1324.29,1324.64,1324.25,1324.56,true
2025-08-29 11:30:00,1324.56,1324.77,1324.55,1324.75,true
2025-08-29 12:00:00,1324.87,1325.02,1324.03,1324.10,true
2025-08-29 12:30:00,1324.14,1324.21,1324.01,1324.04,true
2025-08-29 13:00:00,1324.01,1326.11,1320.71,1325.05,true
2025-08-29 13:30:00,1325.14,1327.57,1324.85,1326.07,true
2025-08-29 14:00:00,1326.10,1326.31,1325.08,1325.31,true
2025-08-29 14:30:00,1325.31,1325.44,1324.69,1324.72,true
2025-08-29 15:00:00,1324.74,1325.29,1323.81,1325.05,true
2025-08-29 15:30:00,1325.09,1326.25,1324.54,1325.83,true
2025-08-29 16:00:00,1325.78,1326.05,1324.57,1325.47,true
2025-08-29 16:30:00,1325.54,1325.57,1324.07,1324.13,true
2025-08-29 17:00:00,1324.11,1325.81,1322.67,1324.70,true
2025-08-29 17:30:00,1324.72,1326.53,1323.47,1325.16,true
2025-08-29 18:00:00,1325.16,1325.23,1324.91,1325.00,true
2025-08-29 18:30:00,1324.97,1357.29,1320.40,1327.63,true
2025-08-29 19:00:00,1327.75,1329.17,1327.74,1328.62,true
2025-08-29 19:30:00,1328.54,1333.85,1328.54,1331.64,true
2025-08-29 20:00:00,1331.61,1333.95,1314.18,1333.40,true
2025-08-29 20:30:00,1333.44,1333.81,1333.17,1333.56,true
2025-08-29 21:00:00,1333.68,1333.74,1333.68,1333.74,true
2025-08-29 21:30:00,1333.66,1334.28,1333.63,1334.27,true
2025-08-29 22:00:00,1334.31,1334.62,1334.01,1334.43,true
2025-08-29 22:30:00,1334.39,1334.95,1332.98,1333.68,true
2025-08-29 23:00:00,1333.45,1333.88,1333.45,1333.68,true
2025-08-29 23:30:00,1333.58,1336.88,1315.28,1331.64,true
2025-09-01 01:00:00,1422.67,1436.75,1416.47,1429.29,true
2025-09-01 01:30:00,1429.23,1430.29,1425.68,1427.09,true
2025-09-01 02:00:00,1425.21,1427.53,1420.75,1425.72,true
2025-09-01 02:30:00,1425.35,1430.48,1418.03,1423.50,true
2025-09-01 03:00:00,1423.50,1424.22,1423.39,1423.75,true
2025-09-01 03:30:00,1423.69,1423.74,1423.65,1423.72,true
2025-09-01 04:00:00,1423.84,1426.39,1423.68,1425.09,true
2025-09-01 04:30:00,1425.23,1430.75,1423.75,1429.19,true
2025-09-01 05:00:00,1429.36,1429.36,1427.96,1428.26,true
2025-09-01 05:30:00,1428.59,1429.12,1428.52,1429.07,true
2025-09-01 06:00:00,1429.26,1432.17,1427.76,1431.03,true
2025-09-01 06:30:00,1430.89,1433.32,1429.05,1429.28,true
2025-09-01 07:00:00,1429.25,1435.68,1429.25,1429.96,true
2025-09-01 07:30:00,1429.96,1430.26,1429.37,1429.39,true
2025-09-01 08:00:00,1429.41,1429.74,1429.22,1429.53,true
2025-09-01 08:30:00,1426.79,1441.22,1418.55,1430.53,true
2025-09-01 09:00:00,1430.44,1430.49,1430.37,1430.38,true
2025-09-01 09:30:00,1430.25,1431.01,1430.09,1430.58,true
2025-09-01 10:00:00,1430.77,1432.29,1428.68,1429.19,true
2025-09-01 10:30:00,1429.94,1430.75,1428.75,1430.21,true
2025-09-01 11:00:00,1427.28,1427.37,1426.78,1426.91,true
2025-09-01 11:30:00,1426.72,1428.31,1426.52,1428.16,true
2025-09-01 12:00:00,1427.89,1428.07,1427.61,1427.64,true
2025-09-01 12:30:00,1427.83,1428.77,1419.95,1422.47,true
2025-09-01 13:00:00,1422.41,1422.41,1419.59,1419.81,true
2025-09-01 13:30:00,1419.87,1420.22,1419.87,1420.13,true
2025-09-01 14:00:00,1419.95,1424.28,1418.36,1422.77,true
2025-09-01 14:30:00,1423.01,1427.39,1419.53,1422.17,true
2025-09-01 15:00:00,1422.16,1432.38,1412.22,1423.58,true
2025-09-01 15:30:00,1423.78,1428.84,1422.83,1425.26,true
2025-09-01 16:00:00,1425.28,1427.47,1421.12,1426.06,true
2025-09-01 16:30:00,1426.09,1429.99,1422.70,1428.79,true
2025-09-01 17:00:00,1428.81,1429.47,1425.47,1426.84,true
2025-09-01 17:30:00,1426.78,1434.50,1422.51,1423.04,true
2025-09-01 18:00:00,1423.10,1423.10,1410.67,1416.09,true
2025-09-01 18:30:00,1416.09,1418.03,1415.84,1417.31,true
2025-09-01 19:00:00,1417.26,1421.20,1414.83,1419.18,true
2025-09-01 19:30:00,1419.11,1423.76,1417.90,1420.77,true
2025-09-01 20:00:00,1420.77,1427.19,1420.13,1425.88,true
2025-09-01 20:30:00,1425.64,1428.15,1422.74,1423.05,true
2025-09-01 21:00:00,1423.05,1423.63,1422.40,1423.33,true
2025-09-01 21:30:00,1423.65,1428.43,1423.13,1426.94,true
2025-09-01 22:00:00,1427.01,1428.06,1426.25,1427.64,true
2025-09-01 22:30:00,1427.62,1431.49,1415.77,1426.33,true
2025-09-01 23:00:00,1426.21,1426.91,1424.21,1425.24,true
2025-09-01 23:30:00,1425.19,1425.52,1424.79,1425.45,true
2025-09-02 01:00:00,1423.94,1427.22,1420.52,1425.58,true
2025-09-02 01:30:00,1425.48,1428.03,1419.03,1420.18,true
2025-09-02 02:00:00,1420.07,1420.82,1416.51,1418.08,true
2025-09-02 02:30:00,1418.14,1418.15,1417.32,1417.49,true
2025-09-02 03:00:00,1417.56,1417.81,1417.44,1417.72,true
2025-09-02 03:30:00,1417.67,1472.44,1417.19,1420.91,true
2025-09-02 04:00:00,1420.91,1420.95,1419.99,1419.99,true
2025-09-02 04:30:00,1419.99,1420.17,1419.63,1419.69,true
2025-09-02 05:00:00,1419.67,1420.59,1419.66,1420.53,true
2025-09-02 05:30:00,1420.63,1420.64,1419.75,1419.99,true
2025-09-02 06:00:00,1419.92,1419.98,1419.92,1419.95,true
2025-09-02 06:30:00,1420.14,1422.93,1418.15,1421.24,true
2025-09-02 07:00:00,1421.30,1424.55,1421.09,1422.12,true
2025-09-02 07:30:00,1421.64,1421.99,1421.43,1421.79,true
2025-09-02 08:00:00,1421.82,1422.78,1421.56,1422.18,true
2025-09-02 08:30:00,1422.17,1426.96,1414.31,1419.45,true
2025-09-02 09:00:00,1419.37,1420.21,1418.50,1419.97,true
2025-09-02 09:30:00,1420.08,1421.08,1417.05,1419.27,true
2025-09-02 10:00:00,1419.30,1422.57,1415.36,1418.00,true
2025-09-02 10:30:00,1417.92,1418.84,1417.70,1418.60,true
2025-09-02 11:00:00,1419.03,1419.10,1416.46,1417.40,true
2025-09-02 11:30:00,1417.40,1417.40,1413.15,1415.00,true
2025-09-02 12:00:00,1415.10,1415.87,1415.07,1415.82,true
2025-09-02 12:30:00,1415.71,1423.62,1413.85,1418.12,true
2025-09-02 13:00:00,1418.10,1425.21,1407.85,1420.40,true
2025-09-02 13:30:00,1421.04,1425.11,1418.90,1421.78,true
2025-09-02 14:00:00,1421.89,1421.99,1420.82,1421.41,true
2025-09-02 14:30:00,1421.39,1422.02,1416.19,1420.08,true
2025-09-02 15:00:00,1420.05,1423.11,1419.88,1421.82,true
2025-09-02 15:30:00,1421.78,1424.65,1421.37,1424.46,true
2025-09-02 16:00:00,1423.87,1430.50,1420.30,1424.89,true
2025-09-02 16:30:00,1424.81,1425.34,1415.68,1419.01,true
2025-09-02 17:00:00,1419.01,1419.45,1411.76,1415.53,true
2025-09-02 17:30:00,1415.98,1417.42,1412.08,1412.10,true
2025-09-02 18:00:00,1411.83,1416.56,1403.99,1410.22,true
2025-09-02 18:30:00,1410.19,1411.87,1408.29,1410.19,true
2025-09-02 19:00:00,1410.21,1410.29,1408.42,1409.60,true
2025-09-02 19:30:00,1409.90,1413.83,1405.56,1411.52,true
2025-09-02 20:00:00,1411.51,1412.14,1411.12,1412.00,true
2025-09-02 20:30:00,1411.90,1412.12,1411.01,1411.22,true
2025-09-02 21:00:00,1411.34,1416.51,1409.37,1415.83,true
2025-09-02 21:30:00,1415.83,1424.45,1410.26,1421.23,true
2025-09-02 22:00:00,1421.22,1421.90,1418.72,1419.62,true
2025-09-02 22:30:00,1419.59,1420.55,1417.42,1419.13,true
2025-09-02 23:00:00,1418.89,1418.97,1418.33,1418.41,true
2025-09-02 23:30:00,1418.68,1418.83,1418.52,1418.81,true
2025-09-03 00:00:00,1418.66,1422.44,1415.99,1419.92,true
2025-09-03 00:30:00,1419.90,1420.18,1419.90,1420.09,true
2025-09-03 01:00:00,1420.11,1424.35,1419.88,1423.42,true
2025-09-03 01:30:00,1423.44,1423.51,1423.08,1423.51,true
2025-09-03 02:00:00,1423.55,1423.62,1423.22,1423.31,true
2025-09-03 02:30:00,1424.16,1424.98,1424.16,1424.60,true
2025-09-03 03:00:00,1424.40,1424.62,1422.89,1423.16,true
2025-09-03 03:30:00,1423.15,1425.09,1421.40,1424.05,true
2025-09-03 04:00:00,1424.50,1424.99,1423.86,1424.99,true
2025-09-03 04:30:00,1424.97,1439.09,1419.07,1426.40,true
2025-09-03 05:00:00,1426.37,1428.18,1425.42,1425.85,true
2025-09-03 05:30:00,1425.77,1427.87,1425.16,1425.26,true
2025-09-03 06:00:00,1425.24,1429.40,1424.59,1427.80,true
2025-09-03 06:30:00,1428.41,1444.05,1423.08,1432.17,true
2025-09-03 07:00:00,1431.17,1437.79,1425.31,1425.31,true
2025-09-03 07:30:00,1425.36,1425.56,1419.75,1421.83,true
2025-09-03 08:00:00,1421.70,1422.44,1420.51,1420.51,true
2025-09-03 08:30:00,1420.15,1425.17,1407.97,1422.01,true
2025-09-03 09:00:00,1422.01,1422.33,1421.21,1421.48,true
2025-09-03 09:30:00,1421.71,1422.02,1421.22,1421.23,true
2025-09-03 10:00:00,1421.21,1421.28,1415.56,1417.84,true
2025-09-03 10:30:00,1417.75,1417.78,1417.57,1417.64,true
2025-09-03 11:00:00,1417.88,1417.91,1417.75,1417.79,true
2025-09-03 11:30:00,1417.82,1418.39,1411.35,1413.35,true
2025-09-03 12:00:00,1413.40,1415.12,1407.18,1407.87,true
2025-09-03 12:30:00,1407.85,1432.00,1401.34,1405.12,true
2025-09-03 13:00:00,1405.14,1406.19,1405.13,1406.08,true
2025-09-03 13:30:00,1406.12,1407.39,1405.19,1407.39,true
2025-09-03 14:00:00,1407.37,1407.95,1404.57,1405.61,true
2025-09-03 14:30:00,1405.56,1405.62,1405.56,1405.62,true
2025-09-03 15:00:00,1405.61,1405.99,1400.38,1401.80,true
2025-09-03 15:30:00,1402.05,1410.77,1398.47,1407.28,true
2025-09-03 16:00:00,1407.16,1407.16,1406.41,1406.42,true
2025-09-03 16:30:00,1407.09,1408.14,1406.90,1407.61,true
2025-09-03 17:00:00,1407.74,1407.98,1406.24,1407.44,true
2025-09-03 17:30:00,1407.14,1407.96,1405.55,1405.56,true
2025-09-03 18:00:00,1405.78,1406.20,1399.61,1400.05,true
2025-09-03 18:30:00,1400.04,1400.14,1399.82,1399.84,true
2025-09-03 19:00:00,1399.79,1401.91,1396.94,1400.42,true
2025-09-03 19:30:00,1400.57,1400.75,1400.55,1400.74,true
2025-09-03 20:00:00,1400.59,1401.43,1399.71,1399.72,true
2025-09-03 20:30:00,1399.83,1404.58,1399.70,1404.30,true
2025-09-03 21:00:00,1404.27,1411.98,1402.69,1411.08,true
2025-09-03 21:30:00,1411.08,1412.79,1410.96,1411.71,true
2025-09-03 22:00:00,1411.81,1411.81,1410.65,1411.32,true
2025-09-03 22:30:00,1411.88,1420.81,1405.59,1414.01,true
2025-09-03 23:00:00,1414.00,1414.34,1410.22,1412.33,true
2025-09-03 23:30:00,1412.41,1412.42,1412.00,1412.23,true
2025-09-04 01:00:00,1412.16,1412.79,1412.03,1412.61,true
2025-09-04 01:30:00,1412.68,1422.54,1412.67,1418.08,true
2025-09-04 02:00:00,1417.77,1418.59,1415.06,1415.35,true
2025-09-04 02:30:00,1415.41,1415.52,1413.37,1414.14,true
2025-09-04 03:00:00,1414.54,1434.33,1351.47,1428.71,true
2025-09-04 03:30:00,1428.68,1432.47,1420.36,1420.36,true
2025-09-04 04:00:00,1420.10,1421.61,1418.79,1419.20,true
2025-09-04 04:30:00,1419.39,1420.16,1412.08,1413.58,true
2025-09-04 05:00:00,1413.38,1438.97,1401.10,1416.19,true
2025-09-04 05:30:00,1415.93,1417.36,1409.89,1411.12,true
2025-09-04 06:00:00,1411.91,1421.35,1408.68,1412.67,true
2025-09-04 06:30:00,1413.32,1413.98,1404.25,1411.34,true
2025-09-04 07:00:00,1411.56,1413.59,1411.43,1412.64,true
2025-09-04 07:30:00,1412.86,1435.60,1404.00,1408.37,true
2025-09-04 08:00:00,1408.64,1408.90,1404.87,1406.35,true
2025-09-04 08:30:00,1405.73,1406.51,1403.48,1406.37,true
2025-09-04 09:00:00,1404.01,1406.77,1392.97,1395.30,true
2025-09-04 09:30:00,1395.20,1396.31,1391.82,1392.67,true
2025-09-04 10:00:00,1391.38,1436.78,1357.79,1407.65,true
2025-09-04 10:30:00,1407.65,1407.71,1407.61,1407.70,true
2025-09-04 11:00:00,1407.57,1407.57,1404.57,1404.69,true
2025-09-04 11:30:00,1404.76,1405.06,1404.06,1404.58,true
2025-09-04 12:00:00,1404.47,1405.30,1404.46,1405.01,true
2025-09-04 12:30:00,1403.99,1404.48,1402.94,1403.02,true
2025-09-04 13:00:00,1402.69,1402.81,1401.37,1401.43,true
2025-09-04 13:30:00,1401.56,1401.97,1396.88,1398.77,true
2025-09-04 14:00:00,1398.72,1406.80,1398.48,1404.93,true
2025-09-04 14:30:00,1405.02,1406.48,1394.98,1401.20,true
2025-09-04 15:00:00,1401.33,1414.93,1390.22,1390.34,true
2025-09-04 15:30:00,1390.01,1398.54,1388.16,1398.18,true
2025-09-04 16:00:00,1398.00,1401.66,1396.61,1397.02,true
2025-09-04 16:30:00,1396.76,1408.25,1396.76,1403.14,true
2025-09-04 17:00:00,1403.14,1403.31,1400.53,1401.23,true
2025-09-04 17:30:00,1400.99,1401.86,1398.98,1399.12,true
2025-09-04 18:00:00,1399.09,1400.20,1398.44,1398.75,true
2025-09-04 18:30:00,1399.06,1399.54,1396.42,1397.16,true
2025-09-04 19:00:00,1397.45,1403.17,1397.30,1398.24,true
2025-09-04 19:30:00,1398.17,1399.15,1395.29,1395.99,true
2025-09-04 20:00:00,1396.29,1397.14,1395.29,1395.39,true
2025-09-04 20:30:00,1395.50,1395.97,1392.98,1393.81,true
2025-09-04 21:00:00,1393.81,1397.84,1392.73,1397.71,true
2025-09-04 21:30:00,1397.84,1401.74,1396.70,1400.86,true
2025-09-04 22:00:00,1400.96,1407.42,1400.39,1406.62,true
2025-09-04 22:30:00,1407.05,1408.00,1406.79,1407.48,true
2025-09-04 23:00:00,1407.45,1411.37,1405.76,1410.67,true
2025-09-04 23:30:00,1410.65,1413.35,1405.59,1409.62,true
2025-09-05 01:00:00,1411.68,1413.32,1411.55,1413.17,true
2025-09-05 01:30:00,1413.12,1413.43,1410.66,1411.19,true
2025-09-05 02:00:00,1411.18,1418.20,1408.58,1410.40,true
2025-09-05 02:30:00,1410.28,1412.98,1407.96,1412.52,true
2025-09-05 03:00:00,1412.52,1418.69,1412.42,1417.62,true
2025-09-05 03:30:00,1417.42,1418.03,1411.60,1414.51,true
2025-09-05 04:00:00,1414.58,1416.49,1409.88,1413.71,true
2025-09-05 04:30:00,1413.83,1414.78,1412.29,1414.49,true
2025-09-05 05:00:00,1414.98,1415.25,1414.93,1415.24,true
2025-09-05 05:30:00,1415.22,1415.23,1414.77,1415.07,true
2025-09-05 06:00:00,1414.91,1418.44,1412.53,1416.64,true
2025-09-05 06:30:00,1416.68,1418.62,1407.91,1412.00,true
2025-09-05 07:00:00,1411.51,1439.34,1396.88,1413.64,true
2025-09-05 07:30:00,1413.66,1413.76,1401.23,1401.93,true
2025-09-05 08:00:00,1402.02,1405.70,1401.82,1405.41,true
2025-09-05 08:30:00,1405.22,1407.64,1401.17,1406.60,true
2025-09-05 09:00:00,1406.66,1407.86,1401.62,1402.95,true
2025-09-05 09:30:00,1403.01,1409.48,1400.59,1408.57,true
2025-09-05 10:00:00,1408.57,1409.03,1404.78,1405.98,true
2025-09-05 10:30:00,1405.63,1406.20,1402.00,1404.43,true
2025-09-05 11:00:00,1404.43,1407.85,1398.38,1406.04,true
2025-09-05 11:30:00,1405.98,1407.42,1405.98,1406.70,true
2025-09-05 12:00:00,1406.87,1411.94,1406.84,1408.59,true
2025-09-05 12:30:00,1408.59,1409.01,1408.36,1408.97,true
2025-09-05 13:00:00,1408.49,1408.54,1408.40,1408.40,true
2025-09-05 13:30:00,1408.63,1410.41,1408.60,1410.00,true
2025-09-05 14:00:00,1409.87,1415.88,1389.03,1411.32,true
2025-09-05 14:30:00,1411.67,1423.48,1351.50,1404.36,true
2025-09-05 15:00:00,1404.57,1406.63,1404.34,1406.06,true
2025-09-05 15:30:00,1405.68,1406.56,1402.29,1402.40,true
2025-09-05 16:00:00,1402.55,1402.60,1401.43,1402.16,true
2025-09-05 16:30:00,1402.25,1402.82,1400.88,1400.89,true
2025-09-08 01:00:00,1400.67,1406.68,1388.65,1399.06,true
2025-09-08 01:30:00,1398.90,1399.01,1397.09,1397.21,true
2025-09-08 02:00:00,1396.96,1397.08,1387.32,1394.65,true
2025-09-08 02:30:00,1394.37,1397.01,1390.29,1395.21,true
2025-09-08 03:00:00,1394.79,1395.53,1394.73,1395.50,true
2025-09-08 03:30:00,1395.59,1398.78,1395.59,1398.29,true
2025-09-08 04:00:00,1398.26,1398.29,1397.39,1397.51,true
2025-09-08 04:30:00,1397.55,1405.14,1389.35,1400.60,true
2025-09-08 05:00:00,1400.15,1401.97,1398.31,1398.53,true
2025-09-08 05:30:00,1398.50,1398.50,1391.24,1396.33,true
2025-09-08 06:00:00,1396.45,1400.03,1390.15,1394.11,true
2025-09-08 06:30:00,1393.96,1397.65,1393.96,1396.86,true
2025-09-08 07:00:00,1396.87,1397.02,1396.08,1396.58,true
2025-09-08 07:30:00,1396.58,1402.09,1388.71,1399.64,true
2025-09-08 08:00:00,1399.53,1406.11,1397.99,1398.69,true
2025-09-08 08:30:00,1398.75,1400.71,1397.52,1397.85,true
2025-09-08 09:00:00,1397.74,1399.33,1395.33,1396.00,true
2025-09-08 09:30:00,1396.04,1398.95,1393.05,1393.33,true
2025-09-08 10:00:00,1393.44,1393.73,1393.32,1393.59,true
2025-09-08 10:30:00,1393.95,1397.51,1391.76,1396.37,true
2025-09-08 11:00:00,1396.36,1403.62,1395.47,1398.19,true
2025-09-08 11:30:00,1398.22,1403.42,1397.36,1399.45,true
2025-09-08 12:00:00,1400.28,1406.59,1398.91,1399.87,true
2025-09-08 12:30:00,1399.87,1404.11,1397.59,1401.67,true
2025-09-08 13:00:00,1401.73,1403.30,1398.93,1399.29,true
2025-09-08 13:30:00,1399.19,1403.88,1396.88,1397.30,true
2025-09-08 14:00:00,1397.25,1397.45,1396.67,1396.71,true
2025-09-08 14:30:00,1396.75,1396.75,1396.00,1396.34,true
2025-09-08 15:00:00,1396.35,1396.95,1396.07,1396.88,true
2025-09-08 15:30:00,1397.07,1398.63,1371.57,1393.96,true
2025-09-08 16:00:00,1393.98,1408.93,1388.00,1390.73,true
2025-09-08 16:30:00,1390.75,1404.65,1390.75,1403.31,true
2025-09-08 17:00:00,1403.58,1403.61,1399.56,1401.24,true
2025-09-08 17:30:00,1401.27,1412.65,1400.51,1407.55,true
2025-09-08 18:00:00,1407.55,1407.72,1407.31,1407.41,true
2025-09-08 18:30:00,1408.51,1408.99,1406.68,1407.34,true
2025-09-08 19:00:00,1406.49,1408.56,1406.49,1408.56,true
2025-09-08 19:30:00,1408.45,1408.73,1402.08,1403.82,true
2025-09-08 20:00:00,1403.96,1404.73,1403.81,1404.27,true
2025-09-08 20:30:00,1403.84,1405.73,1400.27,1400.61,true
2025-09-08 21:00:00,1400.67,1400.68,1400.48,1400.51,true
2025-09-08 21:30:00,1400.77,1405.30,1396.60,1399.26,true
2025-09-08 22:00:00,1399.33,1401.12,1393.90,1395.54,true
2025-09-08 22:30:00,1395.54,1396.99,1392.03,1392.30,true
2025-09-08 23:00:00,1392.22,1394.81,1373.36,1385.86,true
2025-09-08 23:30:00,1385.86,1387.28,1384.79,1384.95,true
2025-09-09 00:00:00,1385.04,1386.27,1382.50,1382.95,true
2025-09-09 00:30:00,1382.95,1384.23,1381.58,1382.41,true
2025-09-09 02:00:00,1380.92,1401.18,1371.27,1378.99,true
2025-09-09 02:30:00,1378.94,1380.18,1377.95,1378.70,true
2025-09-09 03:00:00,1378.67,1386.38,1375.66,1384.27,true
2025-09-09 03:30:00,1384.44,1392.70,1371.14,1387.24,true
2025-09-09 04:00:00,1387.66,1391.96,1374.02,1385.86,true
2025-09-09 04:30:00,1385.52,1389.06,1380.52,1383.27,true
2025-09-09 05:00:00,1383.01,1383.01,1377.00,1378.99,true
2025-09-09 05:30:00,1379.02,1379.10,1375.06,1378.25,true
2025-09-09 06:00:00,1378.10,1378.15,1378.10,1378.14,true
2025-09-09 06:30:00,1378.42,1382.22,1374.58,1382.22,true
2025-09-09 07:00:00,1382.21,1383.90,1380.62,1381.03,true
2025-09-09 07:30:00,1380.98,1381.42,1380.90,1381.25,true
2025-09-09 08:00:00,1381.10,1381.61,1380.17,1380.20,true
2025-09-09 08:30:00,1380.17,1385.48,1379.97,1382.89,true
2025-09-09 09:00:00,1382.55,1383.27,1382.53,1383.12,true
2025-09-09 09:30:00,1383.12,1391.33,1383.11,1389.36,true
2025-09-09 10:00:00,1388.87,1392.07,1388.85,1391.49,true
2025-09-09 10:30:00,1391.52,1397.30,1389.09,1390.47,true
2025-09-09 11:00:00,1390.40,1390.61,1386.82,1389.33,true
2025-09-09 11:30:00,1389.47,1392.46,1386.95,1391.20,true
2025-09-09 12:00:00,1391.02,1395.65,1390.12,1393.44,true
2025-09-09 12:30:00,1393.49,1397.24,1392.11,1393.22,true
2025-09-09 13:00:00,1393.00,1394.51,1382.26,1387.82,true
2025-09-09 13:30:00,1387.90,1388.32,1384.36,1388.27,true
2025-09-09 14:00:00,1388.22,1389.84,1384.07,1386.47,true
2025-09-09 14:30:00,1385.96,1388.34,1385.55,1388.28,true
2025-09-09 15:00:00,1388.24,1393.36,1374.82,1383.52,true
2025-09-09 15:30:00,1383.74,1384.50,1383.22,1383.85,true
2025-09-09 16:00:00,1384.96,1385.01,1384.96,1384.97,true
2025-09-09 16:30:00,1384.79,1386.93,1381.89,1382.75,true
2025-09-09 17:00:00,1382.54,1382.87,1378.14,1378.93,true
2025-09-09 17:30:00,1378.79,1378.79,1377.21,1377.21,true
2025-09-09 18:00:00,1377.12,1387.78,1376.57,1384.37,true
2025-09-09 18:30:00,1384.57,1385.90,1379.68,1380.68,true
2025-09-09 19:00:00,1380.51,1385.01,1380.39,1384.87,true
2025-09-09 19:30:00,1384.84,1384.95,1384.25,1384.70,true
2025-09-09 20:00:00,1385.05,1385.17,1384.36,1384.43,true
2025-09-09 20:30:00,1384.39,1384.45,1384.06,1384.14,true
2025-09-09 21:00:00,1384.14,1387.46,1380.90,1385.76,true
2025-09-09 21:30:00,1385.74,1385.76,1385.16,1385.28,true
2025-09-09 22:00:00,1385.75,1386.01,1385.74,1385.95,true
2025-09-09 22:30:00,1385.88,1409.21,1363.37,1391.06,true
2025-09-09 23:00:00,1391.18,1393.92,1391.18,1392.95,true
2025-09-09 23:30:00,1392.76,1393.81,1391.46,1393.40,true
2025-09-10 00:00:00,1393.24,1393.47,1392.94,1393.17,true
2025-09-10 00:30:00,1393.43,1395.37,1384.34,1392.46,true
2025-09-10 02:00:00,1392.93,1392.96,1392.92,1392.96,true
2025-09-10 02:30:00,1392.87,1394.03,1392.87,1393.61,true
2025-09-10 03:00:00,1387.87,1388.47,1387.66,1388.12,true
2025-09-10 03:30:00,1388.21,1398.61,1386.06,1390.83,true
2025-09-10 04:00:00,1390.83,1391.21,1386.45,1388.40,true
2025-09-10 04:30:00,1388.45,1391.71,1383.28,1385.37,true
2025-09-10 05:00:00,1385.44,1385.60,1384.95,1385.24,true
2025-09-10 05:30:00,1385.15,1386.05,1385.01,1385.50,true
2025-09-10 06:00:00,1385.52,1387.00,1382.42,1384.51,true
2025-09-10 06:30:00,1384.45,1386.62,1384.16,1386.54,true
2025-09-10 07:00:00,1386.47,1386.47,1384.87,1385.09,true
2025-09-10 07:30:00,1384.91,1385.36,1381.21,1384.20,true
2025-09-10 08:00:00,1384.36,1385.05,1384.00,1384.64,true
2025-09-10 08:30:00,1384.72,1386.81,1384.29,1386.04,true
2025-09-10 09:00:00,1386.08,1386.19,1385.96,1386.05,true
2025-09-10 09:30:00,1386.04,1388.65,1383.39,1385.35,true
2025-09-10 10:00:00,1385.32,1386.23,1385.22,1385.94,true
2025-09-10 10:30:00,1385.98,1386.16,1384.91,1385.07,true
2025-09-10 11:00:00,1385.09,1385.32,1382.08,1382.55,true
2025-09-10 11:30:00,1382.40,1382.48,1382.17,1382.33,true
2025-09-10 12:00:00,1382.35,1383.28,1381.60,1382.26,true
2025-09-10 12:30:00,1382.08,1382.08,1380.36,1381.52,true
2025-09-10 13:00:00,1381.48,1381.59,1380.50,1381.32,true
2025-09-10 13:30:00,1381.32,1381.39,1380.07,1380.40,true
2025-09-10 14:00:00,1380.40,1380.42,1379.31,1379.48,true
2025-09-10 14:30:00,1379.47,1380.47,1378.49,1378.63,true
2025-09-10 15:00:00,1378.58,1381.10,1378.58,1378.82,true
2025-09-10 15:30:00,1379.02,1428.34,1373.83,1386.10,true
2025-09-10 16:00:00,1386.10,1387.37,1385.58,1386.80,true
2025-09-10 16:30:00,1386.77,1386.80,1386.66,1386.68,true
2025-09-10 17:00:00,1386.57,1389.04,1383.78,1387.21,true
2025-09-10 17:30:00,1387.30,1387.59,1376.22,1382.55,true
2025-09-10 18:00:00,1382.11,1382.43,1377.57,1378.79,true
2025-09-10 18:30:00,1378.64,1379.97,1378.28,1378.53,true
2025-09-10 19:00:00,1377.96,1378.67,1377.43,1378.41,true
2025-09-10 19:30:00,1378.57,1395.65,1375.93,1376.13,true
2025-09-10 20:00:00,1376.14,1376.24,1376.12,1376.23,true
2025-09-10 20:30:00,1376.34,1380.46,1373.79,1374.38,true
2025-09-10 21:00:00,1374.50,1381.93,1368.59,1371.73,true
2025-09-10 21:30:00,1371.81,1373.69,1367.02,1370.58,true
2025-09-10 22:00:00,1370.63,1370.97,1370.57,1370.93,true
2025-09-10 22:30:00,1370.81,1371.60,1369.68,1371.04,true
2025-09-10 23:00:00,1371.16,1371.52,1368.70,1369.48,true
2025-09-10 23:30:00,1368.55,1368.96,1367.26,1368.11,true
2025-09-11 01:00:00,1368.16,1368.18,1367.20,1367.40,true
2025-09-11 01:30:00,1367.22,1369.28,1366.05,1366.09,true
2025-09-11 02:00:00,1366.09,1366.94,1365.74,1366.19,true
2025-09-11 02:30:00,1365.95,1369.34,1364.22,1367.16,true
2025-09-11 03:00:00,1367.31,1370.92,1367.31,1370.51,true
2025-09-11 03:30:00,1370.55,1371.17,1368.19,1369.88,true
2025-09-11 04:00:00,1369.74,1371.20,1369.52,1370.25,true
2025-09-11 04:30:00,1370.25,1372.00,1349.38,1371.54,true
2025-09-11 05:00:00,1371.51,1381.80,1370.99,1375.31,true
2025-09-11 05:30:00,1375.24,1376.55,1373.42,1373.67,true
2025-09-11 06:00:00,1373.65,1374.92,1372.38,1373.03,true
2025-09-11 06:30:00,1372.98,1378.37,1368.51,1376.60,true
2025-09-11 07:00:00,1376.89,1377.38,1376.83,1377.22,true
2025-09-11 07:30:00,1377.09,1377.89,1367.07,1372.85,true
2025-09-11 08:00:00,1372.83,1373.28,1372.61,1373.22,true
2025-09-11 08:30:00,1373.24,1373.41,1372.18,1372.75,true
2025-09-11 09:00:00,1372.72,1374.83,1367.85,1369.71,true
2025-09-11 09:30:00,1369.68,1372.44,1369.65,1372.32,true
2025-09-11 10:00:00,1372.15,1374.49,1369.44,1373.39,true
2025-09-11 10:30:00,1373.35,1396.72,1373.35,1379.51,true
2025-09-11 11:00:00,1379.43,1379.86,1370.41,1375.53,true
2025-09-11 11:30:00,1375.50,1384.82,1367.81,1378.74,true
2025-09-11 12:00:00,1378.58,1379.22,1377.65,1377.96,true
2025-09-11 12:30:00,1377.68,1377.96,1375.60,1375.72,true
2025-09-11 13:00:00,1375.72,1378.74,1374.26,1378.68,true
2025-09-11 13:30:00,1378.67,1383.11,1363.35,1373.38,true
2025-09-11 14:00:00,1373.98,1381.96,1354.54,1364.31,true
2025-09-11 14:30:00,1364.46,1364.67,1363.25,1363.59,true
2025-09-11 15:00:00,1364.24,1367.70,1362.68,1365.81,true
2025-09-11 15:30:00,1365.08,1372.45,1360.94,1361.68,true
2025-09-11 16:00:00,1361.21,1361.38,1357.32,1360.46,true
2025-09-11 16:30:00,1360.43,1371.82,1343.24,1345.61,true
2025-09-11 17:00:00,1345.69,1358.48,1343.16,1353.29,true
2025-09-11 17:30:00,1353.29,1353.50,1340.73,1350.15,true
2025-09-11 18:00:00,1349.92,1351.17,1349.34,1350.39,true
2025-09-11 18:30:00,1350.03,1353.83,1348.18,1351.68,true
2025-09-11 19:00:00,1352.08,1369.63,1348.76,1369.63,true
2025-09-11 19:30:00,1369.08,1369.60,1362.65,1362.77,true
2025-09-11 20:00:00,1362.72,1364.49,1362.31,1364.41,true
2025-09-11 20:30:00,1364.38,1368.70,1362.38,1368.38,true
2025-09-11 21:00:00,1368.08,1372.49,1366.10,1371.01,true
2025-09-11 21:30:00,1370.19,1370.26,1369.94,1369.94,true
2025-09-11 22:00:00,1369.94,1371.50,1368.58,1369.03,true
2025-09-11 22:30:00,1369.04,1372.75,1366.15,1370.14,true
2025-09-11 23:00:00,1370.22,1370.29,1365.46,1366.51,true
2025-09-11 23:30:00,1366.95,1377.37,1353.98,1360.44,true
2025-09-12 00:00:00,1360.14,1361.86,1356.70,1361.42,true
2025-09-12 00:30:00,1361.59,1361.72,1360.75,1361.16,true
2025-09-12 02:00:00,1360.66,1360.70,1354.38,1356.05,true
2025-09-12 02:30:00,1356.05,1356.35,1355.96,1356.29,true
2025-09-12 03:00:00,1356.75,1384.75,1331.50,1364.90,true
2025-09-12 03:30:00,1367.47,1369.15,1367.23,1368.85,true
2025-09-12 04:00:00,1368.67,1390.70,1351.50,1363.47,true
2025-09-12 04:30:00,1363.54,1368.64,1362.47,1367.43,true
2025-09-12 05:00:00,1367.63,1368.98,1335.75,1364.22,true
2025-09-12 05:30:00,1364.12,1374.74,1355.63,1370.86,true
2025-09-12 06:00:00,1370.81,1383.62,1361.80,1367.45,true
2025-09-12 06:30:00,1367.45,1368.22,1363.72,1366.68,true
2025-09-12 07:00:00,1366.08,1366.90,1366.05,1366.71,true
2025-09-12 07:30:00,1366.71,1375.56,1328.56,1371.06,true
2025-09-12 08:00:00,1367.61,1377.05,1367.55,1372.41,true
2025-09-12 08:30:00,1372.85,1391.29,1362.64,1363.33,true
2025-09-12 09:00:00,1363.44,1366.88,1363.32,1366.79,true
2025-09-12 09:30:00,1366.72,1366.75,1357.93,1358.34,true
2025-09-12 10:00:00,1359.28,1364.52,1356.39,1357.14,true
2025-09-12 10:30:00,1356.65,1357.39,1351.77,1355.68,true
2025-09-12 11:00:00,1355.68,1375.20,1354.77,1357.95,true
2025-09-12 11:30:00,1357.22,1366.18,1331.06,1361.52,true
2025-09-12 12:00:00,1361.59,1363.25,1360.33,1361.94,true
2025-09-12 12:30:00,1362.52,1371.21,1348.41,1357.13,true
2025-09-12 13:00:00,1356.88,1356.96,1355.68,1355.68,true
2025-09-12 13:30:00,1356.09,1356.76,1354.58,1354.64,true
2025-09-12 14:00:00,1354.71,1356.69,1349.46,1349.96,true
2025-09-12 14:30:00,1349.67,1349.73,1349.26,1349.31,true
2025-09-12 15:00:00,1349.12,1349.12,1339.03,1340.71,true
2025-09-12 15:30:00,1339.58,1343.29,1319.00,1326.28,true
2025-09-12 16:00:00,1326.49,1330.48,1321.20,1328.69,true
2025-09-12 16:30:00,1328.51,1329.10,1316.37,1317.70,true
2025-09-12 17:00:00,1317.76,1329.14,1304.20,1324.13,true
2025-09-12 17:30:00,1324.13,1324.13,1321.39,1322.19,true
2025-09-12 18:00:00,1321.75,1321.83,1314.21,1314.28,true
2025-09-12 18:30:00,1315.30,1339.07,1312.44,1336.86,true
2025-09-12 19:00:00,1337.18,1345.19,1331.60,1341.68,true
2025-09-12 19:30:00,1341.57,1344.53,1331.35,1332.06,true
2025-09-12 20:00:00,1332.36,1338.86,1313.95,1318.68,true
2025-09-12 20:30:00,1319.13,1323.80,1292.14,1315.68,true
2025-09-12 21:00:00,1315.63,1323.19,1314.41,1320.02,true
2025-09-12 21:30:00,1319.28,1325.88,1319.23,1324.81,true
2025-09-12 22:00:00,1324.54,1329.96,1324.54,1327.72,true
2025-09-12 22:30:00,1328.75,1329.45,1326.56,1327.53,true
2025-09-12 23:00:00,1327.69,1332.10,1325.68,1330.74,true
2025-09-12 23:30:00,1330.50,1339.21,1326.38,1336.52,true
2025-09-15 00:30:00,1337.66,1341.02,1334.06,1339.44,true
2025-09-15 01:00:00,1339.41,1343.30,1337.11,1340.61,true
2025-09-15 01:30:00,1340.47,1341.70,1337.04,1338.04,true
2025-09-15 02:00:00,1338.43,1338.71,1338.23,1338.54,true
2025-09-15 02:30:00,1338.47,1338.47,1330.87,1332.39,true
2025-09-15 03:00:00,1331.65,1331.67,1329.94,1330.60,true
2025-09-15 03:30:00,1330.60,1332.46,1329.63,1331.43,true
2025-09-15 04:00:00,1331.27,1331.61,1330.94,1331.03,true
2025-09-15 04:30:00,1331.01,1338.58,1313.41,1323.98,true
2025-09-15 05:00:00,1325.79,1327.35,1325.75,1326.95,true
2025-09-15 05:30:00,1326.95,1329.02,1322.68,1328.75,true
2025-09-15 06:00:00,1328.92,1332.01,1324.43,1326.18,true
2025-09-15 06:30:00,1326.94,1327.48,1326.52,1326.59,true
2025-09-15 07:00:00,1326.47,1328.36,1326.42,1327.97,true
2025-09-15 07:30:00,1327.71,1331.46,1327.65,1329.37,true
2025-09-15 08:00:00,1329.25,1329.86,1328.70,1329.77,true
2025-09-15 08:30:00,1330.61,1337.01,1326.37,1331.65,true
2025-09-15 09:00:00,1331.53,1344.47,1325.89,1337.79,true
2025-09-15 09:30:00,1337.83,1340.92,1336.85,1339.85,true
2025-09-15 10:00:00,1340.25,1342.34,1339.17,1342.32,true
2025-09-15 10:30:00,1343.02,1344.75,1341.84,1344.03,true
2025-09-15 11:00:00,1344.33,1344.78,1341.35,1341.92,true
2025-09-15 11:30:00,1341.87,1346.03,1340.83,1342.91,true
2025-09-15 12:00:00,1342.97,1342.99,1342.78,1342.83,true
2025-09-15 12:30:00,1342.67,1344.90,1341.79,1344.26,true
2025-09-15 13:00:00,1344.26,1344.28,1341.98,1341.98,true
2025-09-15 13:30:00,1342.00,1352.81,1336.79,1345.22,true
2025-09-15 14:00:00,1345.21,1345.85,1334.63,1343.50,true
2025-09-15 14:30:00,1343.34,1348.32,1339.92,1341.66,true
2025-09-15 15:00:00,1342.10,1347.95,1341.39,1344.07,true
2025-09-15 15:30:00,1344.20,1344.69,1312.66,1313.89,true
2025-09-15 16:00:00,1313.70,1316.44,1313.53,1315.93,true
2025-09-15 16:30:00,1316.69,1320.75,1316.54,1318.96,true
2025-09-15 17:00:00,1319.07,1332.99,1286.01,1289.18,true
2025-09-15 17:30:00,1289.51,1314.84,1287.58,1294.91,true
2025-09-15 18:00:00,1294.62,1296.27,1270.38,1276.34,true
2025-09-15 18:30:00,1276.41,1278.82,1270.10,1271.09,true
2025-09-15 19:00:00,1271.32,1279.68,1268.72,1274.53,true
2025-09-15 19:30:00,1274.75,1276.00,1270.77,1275.83,true
2025-09-15 20:00:00,1275.72,1276.42,1275.67,1276.08,true
2025-09-15 20:30:00,1275.81,1277.70,1274.53,1274.88,true
2025-09-15 21:00:00,1274.88,1291.09,1270.30,1272.26,true
2025-09-15 21:30:00,1272.21,1277.34,1266.74,1273.92,true
2025-09-15 22:00:00,1274.14,1274.99,1273.36,1273.40,true
2025-09-15 22:30:00,1273.83,1274.38,1272.17,1272.31,true
2025-09-15 23:00:00,1272.31,1275.13,1271.03,1274.05,true
2025-09-15 23:30:00,1273.94,1274.59,1273.60,1274.49,true
2025-09-16 00:30:00,1274.90,1281.89,1274.90,1280.17,true
2025-09-16 01:00:00,1280.62,1281.96,1275.23,1275.86,true
2025-09-16 01:30:00,1275.78,1278.27,1273.92,1274.36,true
2025-09-16 02:00:00,1273.82,1274.43,1273.81,1274.42,true
2025-09-16 02:30:00,1273.87,1274.19,1273.14,1273.49,true
2025-09-16 03:00:00,1273.46,1274.31,1273.45,1274.22,true
2025-09-16 03:30:00,1274.62,1274.84,1273.95,1274.15,true
2025-09-16 04:00:00,1274.17,1274.21,1274.16,1274.19,true
2025-09-16 04:30:00,1274.36,1275.26,1274.22,1275.04,true
2025-09-16 05:00:00,1275.16,1275.61,1274.10,1275.53,true
2025-09-16 05:30:00,1276.06,1278.81,1273.55,1278.63,true
2025-09-16 06:00:00,1278.63,1279.47,1278.35,1279.21,true
2025-09-16 06:30:00,1279.20,1281.86,1277.72,1280.58,true
2025-09-16 07:00:00,1280.73,1287.22,1276.70,1279.91,true
2025-09-16 07:30:00,1279.91,1283.45,1270.44,1278.90,true
2025-09-16 08:00:00,1278.63,1284.13,1278.28,1283.37,true
2025-09-16 08:30:00,1283.43,1283.53,1280.57,1281.54,true
2025-09-16 09:00:00,1281.53,1288.95,1279.66,1283.56,true
2025-09-16 09:30:00,1283.19,1309.90,1277.70,1288.19,true
2025-09-16 10:00:00,1287.59,1289.38,1284.37,1286.81,true
2025-09-16 10:30:00,1286.84,1291.92,1281.70,1290.62,true
2025-09-16 11:00:00,1292.22,1293.55,1291.46,1292.88,true
2025-09-16 11:30:00,1293.03,1294.83,1293.03,1294.42,true
2025-09-16 12:00:00,1294.44,1299.93,1290.68,1291.93,true
2025-09-16 12:30:00,1291.57,1292.65,1287.26,1287.99,true
2025-09-16 13:00:00,1288.18,1295.98,1287.49,1293.80,true
2025-09-16 13:30:00,1293.69,1295.40,1292.25,1292.75,true
2025-09-16 14:00:00,1292.89,1297.41,1292.61,1294.66,true
2025-09-16 14:30:00,1294.60,1295.72,1292.32,1293.17,true
2025-09-16 15:00:00,1293.38,1294.01,1291.16,1292.43,true
2025-09-16 15:30:00,1292.62,1318.45,1287.57,1288.79,true
2025-09-16 16:00:00,1288.69,1296.19,1286.96,1291.51,true
2025-09-16 16:30:00,1292.66,1292.66,1281.06,1286.08,true
2025-09-16 17:00:00,1286.04,1287.88,1285.80,1287.62,true
2025-09-16 17:30:00,1288.49,1293.44,1288.49,1292.91,true
2025-09-16 18:00:00,1292.79,1296.03,1292.78,1295.43,true
2025-09-16 18:30:00,1295.04,1299.37,1294.37,1295.54,true
2025-09-16 19:00:00,1295.42,1296.60,1293.50,1296.10,true
2025-09-16 19:30:00,1296.70,1298.02,1285.02,1292.08,true
2025-09-16 20:00:00,1291.85,1293.21,1286.72,1290.49,true
2025-09-16 20:30:00,1290.56,1291.23,1288.81,1288.82,true
2025-09-16 21:00:00,1289.14,1291.08,1283.46,1285.62,true
2025-09-16 21:30:00,1285.62,1312.27,1271.41,1295.34,true
2025-09-16 22:00:00,1295.44,1319.51,1274.58,1288.13,true
2025-09-16 22:30:00,1288.07,1291.83,1287.79,1290.25,true
2025-09-16 23:00:00,1290.49,1299.69,1290.49,1292.77,true
2025-09-16 23:30:00,1292.59,1295.78,1274.97,1291.08,true
2025-09-17 00:00:00,1290.87,1293.61,1290.77,1292.72,true
2025-09-17 00:30:00,1294.17,1294.64,1294.16,1294.54,true
2025-09-17 02:00:00,1294.54,1298.59,1290.70,1295.30,true
2025-09-17 02:30:00,1296.11,1296.63,1294.72,1295.23,true
2025-09-17 03:00:00,1295.50,1300.03,1287.66,1296.72,true
2025-09-17 03:30:00,1296.76,1297.43,1295.34,1295.69,true
2025-09-17 04:00:00,1295.69,1299.88,1282.73,1294.47,true
2025-09-17 04:30:00,1293.57,1293.61,1293.53,1293.53,true
2025-09-17 05:00:00,1293.41,1293.46,1292.71,1292.87,true
2025-09-17 05:30:00,1293.05,1295.23,1292.57,1294.86,true
2025-09-17 06:00:00,1294.98,1295.75,1290.01,1292.55,true
2025-09-17 06:30:00,1292.62,1293.60,1291.69,1292.16,true
2025-09-17 07:00:00,1291.43,1291.97,1290.67,1291.09,true
2025-09-17 07:30:00,1291.18,1293.98,1291.15,1292.70,true
2025-09-17 08:00:00,1292.88,1292.88,1292.30,1292.46,true
2025-09-17 08:30:00,1292.46,1292.60,1292.46,1292.57,true
2025-09-17 09:00:00,1292.51,1292.93,1290.12,1290.57,true
2025-09-17 09:30:00,1290.55,1290.61,1290.53,1290.57,true
2025-09-17 10:00:00,1290.60,1297.86,1289.70,1291.44,true
2025-09-17 10:30:00,1291.91,1294.12,1283.78,1288.67,true
2025-09-17 11:00:00,1288.93,1289.65,1287.02,1288.47,true
2025-09-17 11:30:00,1288.77,1290.19,1288.55,1290.11,true
2025-09-17 12:00:00,1290.18,1291.46,1288.82,1291.32,true
2025-09-17 12:30:00,1291.32,1291.39,1291.03,1291.10,true
2025-09-17 13:00:00,1291.04,1291.09,1290.94,1291.06,true
2025-09-17 13:30:00,1291.07,1291.98,1290.98,1291.91,true
2025-09-17 14:00:00,1291.91,1297.41,1291.38,1294.01,true
2025-09-17 14:30:00,1294.01,1294.27,1289.34,1290.63,true
2025-09-17 15:00:00,1290.55,1291.28,1290.51,1290.94,true
2025-09-17 15:30:00,1290.87,1290.97,1286.93,1287.01,true
2025-09-17 16:00:00,1287.01,1287.98,1285.98,1286.32,true
2025-09-17 16:30:00,1286.54,1287.24,1284.59,1285.73,true
2025-09-17 17:00:00,1285.59,1285.93,1285.07,1285.38,true
2025-09-17 17:30:00,1285.30,1285.93,1284.68,1285.85,true
2025-09-17 18:00:00,1285.88,1288.78,1281.41,1284.70,true
2025-09-17 18:30:00,1284.70,1284.97,1284.69,1284.87,true
2025-09-17 19:00:00,1284.75,1286.13,1284.75,1285.87,true
2025-09-17 19:30:00,1285.87,1287.89,1285.84,1287.54,true
2025-09-17 20:00:00,1287.54,1292.04,1241.28,1283.77,true
2025-09-17 20:30:00,1283.70,1287.70,1277.92,1285.25,true
2025-09-17 21:00:00,1285.24,1285.57,1283.44,1283.55,true
2025-09-17 21:30:00,1283.55,1283.73,1283.49,1283.50,true
2025-09-17 22:00:00,1283.44,1284.84,1282.56,1282.93,true
2025-09-17 22:30:00,1282.89,1283.07,1282.85,1282.98,true
2025-09-17 23:00:00,1283.19,1283.47,1283.11,1283.16,true
2025-09-17 23:30:00,1283.13,1283.19,1282.79,1282.93,true
2025-09-18 00:00:00,1282.72,1287.28,1282.06,1283.82,true
2025-09-18 00:30:00,1283.94,1284.15,1283.49,1283.50,true
2025-09-18 02:00:00,1283.40,1283.99,1283.16,1283.87,true
2025-09-18 02:30:00,1283.86,1283.99,1283.22,1283.24,true
2025-09-18 03:00:00,1283.25,1285.11,1281.38,1282.37,true
2025-09-18 03:30:00,1282.66,1282.85,1281.93,1282.03,true
2025-09-18 04:00:00,1282.02,1283.15,1281.88,1283.07,true
2025-09-18 04:30:00,1283.06,1283.07,1282.91,1282.99,true
2025-09-18 05:00:00,1283.02,1283.35,1282.17,1283.35,true
2025-09-18 05:30:00,1283.42,1284.53,1283.05,1283.10,true
2025-09-18 06:00:00,1283.12,1284.37,1282.40,1282.43,true
2025-09-18 06:30:00,1282.41,1282.70,1281.21,1282.41,true
2025-09-18 07:00:00,1282.16,1282.16,1281.18,1281.54,true
2025-09-18 07:30:00,1282.02,1283.29,1280.67,1280.84,true
2025-09-18 08:00:00,1280.79,1281.05,1278.77,1279.86,true
2025-09-18 08:30:00,1279.87,1280.61,1276.94,1277.63,true
2025-09-18 09:00:00,1277.67,1281.32,1275.15,1275.96,true
2025-09-18 09:30:00,1275.97,1276.47,1275.28,1275.28,true
2025-09-18 10:00:00,1275.79,1276.86,1271.80,1272.87,true
2025-09-18 10:30:00,1272.95,1276.97,1270.13,1271.24,true
2025-09-18 11:00:00,1271.20,1271.20,1269.71,1269.86,true
2025-09-18 11:30:00,1269.54,1269.54,1269.18,1269.31,true
2025-09-18 12:00:00,1269.27,1269.88,1266.53,1268.28,true
2025-09-18 12:30:00,1268.16,1268.41,1268.16,1268.39,true
2025-09-18 13:00:00,1268.38,1269.30,1263.04,1268.04,true
2025-09-18 13:30:00,1268.09,1269.03,1268.03,1268.88,true
2025-09-18 14:00:00,1268.84,1268.94,1268.42,1268.48,true
2025-09-18 14:30:00,1268.36,1270.72,1267.49,1267.64,true
2025-09-18 15:00:00,1267.62,1267.72,1265.27,1265.82,true
2025-09-18 15:30:00,1265.64,1265.89,1265.45,1265.74,true
2025-09-18 16:00:00,1265.74,1266.40,1264.33,1264.62,true
2025-09-18 16:30:00,1264.59,1264.84,1263.81,1263.94,true
2025-09-18 17:00:00,1263.89,1267.08,1243.10,1259.52,true
2025-09-18 17:30:00,1259.46,1262.11,1259.17,1260.15,true
2025-09-18 18:00:00,1260.08,1262.12,1257.19,1259.62,true
2025-09-18 18:30:00,1259.47,1259.55,1258.42,1259.03,true
2025-09-18 19:00:00,1259.04,1260.01,1246.86,1257.15,true
2025-09-18 19:30:00,1257.12,1258.45,1255.31,1256.37,true
2025-09-18 20:00:00,1256.34,1256.75,1255.34,1255.87,true
2025-09-18 20:30:00,1255.79,1256.96,1252.76,1254.17,true
2025-09-18 21:00:00,1254.14,1254.57,1253.34,1253.53,true
2025-09-18 21:30:00,1253.31,1254.33,1250.37,1252.55,true
2025-09-18 22:00:00,1252.54,1252.87,1252.10,1252.71,true
2025-09-18 22:30:00,1252.69,1257.61,1252.69,1253.94,true
2025-09-18 23:00:00,1253.98,1254.25,1251.94,1253.71,true
2025-09-18 23:30:00,1253.67,1254.61,1252.57,1253.12,true
2025-09-19 00:00:00,1253.05,1253.48,1249.91,1251.59,true
2025-09-19 00:30:00,1251.47,1251.80,1250.79,1250.99,true
2025-09-19 01:00:00,1250.80,1250.97,1250.17,1250.23,true
2025-09-19 01:30:00,1250.23,1250.23,1249.09,1249.44,true
2025-09-19 02:00:00,1249.41,1249.51,1247.76,1248.89,true
2025-09-19 02:30:00,1248.90,1249.00,1248.86,1249.00,true
2025-09-19 03:00:00,1249.25,1250.11,1249.00,1249.47,true
2025-09-19 03:30:00,1249.34,1249.69,1248.14,1248.26,true
2025-09-19 04:00:00,1248.22,1254.32,1242.70,1247.56,true
2025-09-19 04:30:00,1247.59,1249.11,1246.94,1248.67,true
2025-09-19 05:00:00,1248.66,1253.23,1246.62,1251.00,true
2025-09-19 05:30:00,1251.08,1253.45,1249.38,1252.99,true
2025-09-19 06:00:00,1253.10,1255.89,1249.17,1251.79,true
2025-09-19 06:30:00,1251.72,1251.91,1249.80,1250.31,true
2025-09-19 07:00:00,1250.28,1252.53,1248.28,1249.40,true
2025-09-19 07:30:00,1249.12,1251.98,1247.86,1249.56,true
2025-09-19 08:00:00,1249.59,1252.60,1246.38,1249.04,true
2025-09-19 08:30:00,1249.06,1253.12,1244.83,1248.44,true
2025-09-19 09:00:00,1248.52,1248.71,1247.87,1248.04,true
2025-09-19 09:30:00,1248.03,1248.28,1247.99,1248.27,true
2025-09-19 10:00:00,1248.32,1250.11,1246.12,1248.58,true
2025-09-19 10:30:00,1248.51,1249.48,1247.91,1249.31,true
2025-09-19 11:00:00,1249.32,1250.37,1248.30,1248.64,true
2025-09-19 11:30:00,1248.44,1248.48,1248.40,1248.41,true
2025-09-19 12:00:00,1248.41,1251.80,1246.47,1250.91,true
2025-09-19 12:30:00,1250.98,1251.15,1249.51,1250.69,true
2025-09-19 13:00:00,1250.70,1251.79,1249.03,1251.12,true
2025-09-19 13:30:00,1251.14,1251.14,1250.84,1251.00,true
2025-09-19 14:00:00,1250.83,1251.04,1250.15,1250.20,true
2025-09-19 14:30:00,1250.17,1252.18,1246.16,1251.77,true
2025-09-19 15:00:00,1251.79,1252.29,1248.38,1250.88,true
2025-09-19 15:30:00,1250.87,1252.96,1250.79,1251.41,true
2025-09-19 16:00:00,1251.60,1252.50,1248.59,1248.69,true
2025-09-19 16:30:00,1248.73,1256.93,1240.61,1249.89,true
2025-09-19 17:00:00,1250.04,1255.28,1249.77,1252.07,true
2025-09-19 17:30:00,1251.96,1252.14,1246.28,1247.11,true
2025-09-19 18:00:00,1247.45,1249.54,1247.45,1249.20,true
2025-09-19 18:30:00,1249.39,1249.39,1249.31,1249.34,true
2025-09-19 19:00:00,1249.30,1251.42,1249.26,1251.40,true
2025-09-19 19:30:00,1251.40,1253.62,1249.67,1250.01,true
2025-09-19 20:00:00,1249.98,1250.22,1245.98,1247.80,true
2025-09-19 20:30:00,1247.87,1252.89,1243.45,1246.57,true
2025-09-19 21:00:00,1246.49,1246.53,1246.48,1246.53,true
2025-09-19 21:30:00,1246.65,1247.24,1246.35,1246.78,true
2025-09-19 22:00:00,1246.76,1248.71,1244.97,1247.44,true
2025-09-19 22:30:00,1247.53,1250.76,1243.73,1246.48,true
2025-09-19 23:00:00,1246.43,1247.17,1244.30,1244.35,true
2025-09-19 23:30:00,1244.50,1244.52,1244.41,1244.43,true
