# metadata: {"data_age":"2026-06-19 23:30:00 EAT","spread_convention":"XAUUSD: static $0.20 per ounce parser-compatibility estimate; not calibrated and not applied to OHLC.","atr_method":"Wilder ATR(14) is computed from the generated OHLC by the consumer; no ATR column is written.","similar_swing_selection_rule":"Not generated; synth-v2 exports OHLC only and does not create strategy context.","section_marker_convention":"No section markers.","turtle_tick_size":0.01}
datetime,open,high,low,close,is_reliable
2026-01-05 01:00:00,1956.79,1957.06,1956.72,1956.99,true
2026-01-05 01:30:00,1956.98,1957.26,1956.98,1957.25,true
2026-01-05 02:00:00,1957.24,1957.61,1956.44,1956.86,true
2026-01-05 02:30:00,1956.89,1958.23,1956.08,1957.66,true
2026-01-05 03:00:00,1957.75,1958.08,1957.50,1957.96,true
2026-01-05 03:30:00,1958.05,1958.32,1957.21,1957.52,true
2026-01-05 04:00:00,1957.56,1959.44,1957.42,1958.89,true
2026-01-05 04:30:00,1958.90,1967.20,1958.09,1958.09,true
2026-01-05 05:00:00,1958.06,1958.06,1956.13,1956.13,true
2026-01-05 05:30:00,1956.16,1956.74,1953.41,1954.68,true
2026-01-05 06:00:00,1954.71,1954.71,1953.24,1953.65,true
2026-01-05 06:30:00,1953.63,1953.69,1953.02,1953.34,true
2026-01-05 07:00:00,1953.41,1953.48,1952.99,1953.16,true
2026-01-05 07:30:00,1953.16,1954.77,1947.03,1950.88,true
2026-01-05 08:00:00,1950.88,1952.91,1950.64,1952.86,true
2026-01-05 08:30:00,1952.86,1953.14,1952.07,1952.25,true
2026-01-05 09:00:00,1952.21,1954.99,1951.90,1953.87,true
2026-01-05 09:30:00,1954.01,1960.90,1943.86,1952.67,true
2026-01-05 10:00:00,1952.40,1952.89,1946.52,1948.68,true
2026-01-05 10:30:00,1948.49,1949.51,1948.40,1949.37,true
2026-01-05 11:00:00,1949.35,1949.47,1949.28,1949.32,true
2026-01-05 11:30:00,1949.15,1949.40,1943.47,1945.25,true
2026-01-05 12:00:00,1945.36,1945.41,1941.31,1942.12,true
2026-01-05 12:30:00,1942.19,1943.33,1941.98,1943.33,true
2026-01-05 13:00:00,1943.30,1946.47,1939.23,1944.95,true
2026-01-05 13:30:00,1944.86,1951.20,1944.50,1946.67,true
2026-01-05 14:00:00,1946.67,1946.67,1946.51,1946.51,true
2026-01-05 14:30:00,1946.51,1946.90,1945.36,1945.57,true
2026-01-05 15:00:00,1945.46,1946.56,1944.35,1944.58,true
2026-01-05 15:30:00,1944.56,1944.64,1943.15,1943.43,true
2026-01-05 16:00:00,1943.47,1948.66,1937.36,1940.25,true
2026-01-05 16:30:00,1940.19,1942.76,1937.68,1941.30,true
2026-01-05 17:00:00,1941.39,1947.95,1931.71,1942.88,true
2026-01-05 17:30:00,1942.95,1949.13,1941.35,1946.60,true
2026-01-05 18:00:00,1946.60,1958.11,1943.43,1944.91,true
2026-01-05 18:30:00,1944.91,1944.96,1942.73,1942.84,true
2026-01-05 19:00:00,1942.79,1946.14,1941.11,1943.83,true
2026-01-05 19:30:00,1943.71,1944.51,1943.71,1944.40,true
2026-01-05 20:00:00,1944.53,1946.21,1943.77,1945.81,true
2026-01-05 20:30:00,1946.18,1949.53,1943.13,1944.63,true
2026-01-05 21:00:00,1944.62,1946.15,1944.45,1945.52,true
2026-01-05 21:30:00,1945.58,1945.92,1945.21,1945.21,true
2026-01-05 22:00:00,1945.34,1946.77,1944.02,1946.41,true
2026-01-05 22:30:00,1946.35,1946.51,1946.09,1946.31,true
2026-01-05 23:00:00,1946.41,1947.25,1946.28,1946.54,true
2026-01-05 23:30:00,1946.55,1947.17,1946.55,1947.17,true
2026-01-06 01:00:00,1947.18,1948.05,1947.02,1947.60,true
2026-01-06 01:30:00,1947.47,1948.16,1946.87,1947.05,true
2026-01-06 02:00:00,1947.09,1948.22,1945.65,1946.00,true
2026-01-06 02:30:00,1945.98,1947.44,1944.63,1945.16,true
2026-01-06 03:00:00,1945.16,1945.48,1945.16,1945.48,true
2026-01-06 03:30:00,1945.47,1947.62,1945.15,1946.73,true
2026-01-06 04:00:00,1946.91,1948.05,1946.42,1946.60,true
2026-01-06 04:30:00,1946.65,1947.72,1942.52,1946.11,true
2026-01-06 05:00:00,1946.41,1946.99,1945.96,1946.84,true
2026-01-06 05:30:00,1946.85,1947.30,1946.73,1947.19,true
2026-01-06 06:00:00,1947.19,1947.28,1947.18,1947.24,true
2026-01-06 06:30:00,1947.27,1947.52,1947.19,1947.45,true
2026-01-06 07:00:00,1947.39,1947.39,1946.29,1946.90,true
2026-01-06 07:30:00,1946.92,1950.14,1945.37,1948.96,true
2026-01-06 08:00:00,1948.92,1948.93,1948.72,1948.77,true
2026-01-06 08:30:00,1948.79,1949.31,1947.37,1948.19,true
2026-01-06 09:00:00,1948.19,1948.49,1948.12,1948.41,true
2026-01-06 09:30:00,1948.37,1950.71,1948.37,1949.84,true
2026-01-06 10:00:00,1949.85,1950.20,1948.69,1949.12,true
2026-01-06 10:30:00,1949.14,1953.35,1945.94,1950.33,true
2026-01-06 11:00:00,1950.46,1953.06,1944.89,1951.30,true
2026-01-06 11:30:00,1951.33,1951.45,1949.61,1949.68,true
2026-01-06 12:00:00,1949.69,1950.06,1941.19,1948.69,true
2026-01-06 12:30:00,1948.69,1948.69,1948.45,1948.49,true
2026-01-06 13:00:00,1948.52,1949.17,1946.97,1948.37,true
2026-01-06 13:30:00,1948.37,1949.10,1947.81,1949.07,true
2026-01-06 14:00:00,1948.97,1949.08,1947.81,1947.99,true
2026-01-06 14:30:00,1948.02,1948.21,1947.23,1947.32,true
2026-01-06 15:00:00,1947.33,1947.79,1942.82,1946.13,true
2026-01-06 15:30:00,1946.15,1946.22,1946.15,1946.21,true
2026-01-06 16:00:00,1946.26,1947.31,1946.11,1947.28,true
2026-01-06 16:30:00,1947.26,1947.41,1946.64,1946.72,true
2026-01-06 17:00:00,1946.76,1946.94,1945.93,1946.00,true
2026-01-06 17:30:00,1945.98,1977.89,1937.04,1948.44,true
2026-01-06 18:00:00,1948.46,1948.98,1947.54,1947.92,true
2026-01-06 18:30:00,1947.94,1950.09,1947.94,1949.05,true
2026-01-06 19:00:00,1948.81,1949.83,1948.30,1949.77,true
2026-01-06 19:30:00,1949.82,1951.22,1945.30,1949.29,true
2026-01-06 20:00:00,1949.32,1960.71,1946.11,1951.04,true
2026-01-06 20:30:00,1950.80,1953.03,1950.58,1952.48,true
2026-01-06 21:00:00,1952.41,1953.94,1949.35,1949.44,true
2026-01-06 21:30:00,1949.04,1949.33,1948.37,1948.55,true
2026-01-06 22:00:00,1948.60,1948.61,1945.82,1947.32,true
2026-01-06 22:30:00,1947.43,1947.69,1937.74,1941.56,true
2026-01-06 23:00:00,1941.40,1941.84,1938.89,1939.78,true
2026-01-06 23:30:00,1939.77,1942.02,1938.32,1938.56,true
2026-01-07 01:00:00,1938.56,1938.58,1938.04,1938.17,true
2026-01-07 01:30:00,1938.17,1938.17,1937.08,1937.58,true
2026-01-07 02:00:00,1937.59,1937.72,1936.07,1936.97,true
2026-01-07 02:30:00,1936.94,1937.00,1936.94,1936.98,true
2026-01-07 03:00:00,1936.97,1936.97,1934.72,1935.14,true
2026-01-07 03:30:00,1935.15,1935.45,1935.10,1935.32,true
2026-01-07 04:00:00,1935.30,1935.52,1935.14,1935.45,true
2026-01-07 04:30:00,1935.41,1935.46,1935.41,1935.46,true
2026-01-07 05:00:00,1935.52,1935.54,1935.52,1935.54,true
2026-01-07 05:30:00,1935.49,1935.98,1935.38,1935.90,true
2026-01-07 06:00:00,1935.96,1942.82,1935.55,1941.00,true
2026-01-07 06:30:00,1940.95,1945.03,1935.77,1940.27,true
2026-01-07 07:00:00,1940.16,1940.40,1939.78,1940.02,true
2026-01-07 07:30:00,1940.07,1941.03,1939.99,1940.88,true
2026-01-07 08:00:00,1940.73,1940.76,1939.79,1940.32,true
2026-01-07 08:30:00,1940.23,1943.14,1939.10,1942.14,true
2026-01-07 09:00:00,1942.14,1947.60,1928.25,1943.69,true
2026-01-07 09:30:00,1943.53,1944.61,1943.18,1943.79,true
2026-01-07 10:00:00,1943.89,1944.71,1938.61,1940.20,true
2026-01-07 10:30:00,1940.12,1942.28,1936.98,1937.35,true
2026-01-07 11:00:00,1937.43,1938.60,1931.54,1938.57,true
2026-01-07 11:30:00,1938.57,1938.89,1936.72,1937.76,true
2026-01-07 12:00:00,1937.59,1944.10,1933.29,1935.16,true
2026-01-07 12:30:00,1935.14,1938.40,1933.67,1936.68,true
2026-01-07 13:00:00,1936.27,1938.16,1925.93,1935.44,true
2026-01-07 13:30:00,1935.21,1940.59,1932.68,1934.26,true
2026-01-07 14:00:00,1934.26,1936.34,1932.90,1936.29,true
2026-01-07 14:30:00,1936.34,1936.37,1936.19,1936.26,true
2026-01-07 15:00:00,1936.23,1937.56,1934.93,1937.22,true
2026-01-07 15:30:00,1937.30,1937.57,1936.89,1936.91,true
2026-01-07 16:00:00,1936.80,1937.51,1936.44,1937.28,true
2026-01-07 16:30:00,1937.26,1937.46,1933.93,1934.34,true
2026-01-07 17:00:00,1934.27,1934.52,1932.18,1932.48,true
2026-01-07 17:30:00,1932.75,1934.40,1929.76,1929.79,true
2026-01-07 18:00:00,1929.79,1930.80,1927.79,1927.94,true
2026-01-07 18:30:00,1927.99,1928.98,1927.41,1927.44,true
2026-01-07 19:00:00,1927.43,1927.43,1926.81,1926.99,true
2026-01-07 19:30:00,1926.94,1938.67,1926.94,1930.80,true
2026-01-07 20:00:00,1930.97,1931.44,1927.68,1930.26,true
2026-01-07 20:30:00,1930.25,1946.12,1929.35,1931.92,true
2026-01-07 21:00:00,1931.81,1938.27,1931.81,1933.56,true
2026-01-07 21:30:00,1933.25,1933.29,1933.23,1933.27,true
2026-01-07 22:00:00,1933.28,1937.60,1923.22,1928.88,true
2026-01-07 22:30:00,1928.61,1929.73,1928.08,1928.20,true
2026-01-07 23:00:00,1928.13,1928.27,1928.04,1928.22,true
2026-01-07 23:30:00,1928.42,1928.54,1928.41,1928.54,true
2026-01-08 01:00:00,1928.68,1929.25,1922.60,1928.04,true
2026-01-08 01:30:00,1928.03,1928.03,1921.08,1926.65,true
2026-01-08 02:00:00,1926.78,1928.95,1924.02,1924.13,true
2026-01-08 02:30:00,1924.13,1933.70,1922.25,1926.38,true
2026-01-08 03:00:00,1926.33,1926.59,1923.98,1925.13,true
2026-01-08 03:30:00,1925.15,1925.24,1924.80,1924.93,true
2026-01-08 04:00:00,1924.79,1924.79,1919.42,1922.66,true
2026-01-08 04:30:00,1922.63,1924.21,1921.99,1922.07,true
2026-01-08 05:00:00,1922.23,1931.71,1914.87,1921.31,true
2026-01-08 05:30:00,1921.34,1921.34,1918.05,1919.78,true
2026-01-08 06:00:00,1919.70,1922.39,1919.66,1920.30,true
2026-01-08 06:30:00,1920.42,1923.51,1916.35,1922.57,true
2026-01-08 07:00:00,1922.49,1924.37,1919.28,1920.56,true
2026-01-08 07:30:00,1920.83,1921.01,1919.68,1920.25,true
2026-01-08 08:00:00,1920.35,1923.17,1917.50,1917.50,true
2026-01-08 08:30:00,1917.49,1930.00,1914.56,1919.27,true
2026-01-08 09:00:00,1919.11,1919.24,1917.12,1917.40,true
2026-01-08 09:30:00,1917.35,1921.38,1912.51,1916.14,true
2026-01-08 10:00:00,1916.22,1918.25,1915.97,1917.68,true
2026-01-08 10:30:00,1917.88,1925.16,1914.82,1922.50,true
2026-01-08 11:00:00,1922.47,1930.25,1918.25,1921.24,true
2026-01-08 11:30:00,1920.63,1921.64,1913.97,1918.79,true
2026-01-08 12:00:00,1919.21,1921.10,1914.29,1920.84,true
2026-01-08 12:30:00,1920.88,1921.37,1917.90,1919.31,true
2026-01-08 13:00:00,1919.08,1919.11,1917.78,1918.57,true
2026-01-08 13:30:00,1917.93,1918.01,1917.88,1917.99,true
2026-01-08 14:00:00,1918.25,1918.35,1913.68,1915.22,true
2026-01-08 14:30:00,1915.15,1916.01,1914.63,1915.99,true
2026-01-08 15:00:00,1915.99,1916.63,1915.89,1916.41,true
2026-01-08 15:30:00,1916.59,1918.32,1915.71,1917.81,true
2026-01-08 16:00:00,1917.56,1917.61,1916.06,1916.10,true
2026-01-08 16:30:00,1916.05,1930.67,1913.83,1914.09,true
2026-01-08 17:00:00,1914.08,1914.18,1913.29,1913.34,true
2026-01-08 17:30:00,1913.39,1919.12,1909.21,1917.15,true
2026-01-08 18:00:00,1917.19,1918.80,1916.73,1918.26,true
2026-01-08 18:30:00,1918.50,1918.67,1918.15,1918.21,true
2026-01-08 19:00:00,1918.26,1918.33,1915.98,1917.79,true
2026-01-08 19:30:00,1917.84,1921.64,1916.33,1918.62,true
2026-01-08 20:00:00,1918.54,1919.22,1917.60,1917.72,true
2026-01-08 20:30:00,1917.81,1918.52,1917.48,1918.05,true
2026-01-08 21:00:00,1918.55,1925.83,1914.48,1921.82,true
2026-01-08 21:30:00,1921.68,1923.18,1920.97,1922.36,true
2026-01-08 22:00:00,1922.44,1923.32,1920.53,1921.15,true
2026-01-08 22:30:00,1921.15,1922.69,1920.28,1921.87,true
2026-01-08 23:00:00,1921.85,1923.26,1921.83,1922.79,true
2026-01-08 23:30:00,1922.68,1923.34,1920.21,1920.40,true
2026-01-09 01:00:00,1920.20,1920.41,1920.19,1920.29,true
2026-01-09 01:30:00,1920.27,1920.95,1920.19,1920.55,true
2026-01-09 02:00:00,1920.55,1922.61,1920.34,1921.99,true
2026-01-09 02:30:00,1921.91,1922.14,1921.58,1922.14,true
2026-01-09 03:00:00,1922.13,1925.78,1920.96,1925.61,true
2026-01-09 03:30:00,1925.54,1925.72,1925.36,1925.45,true
2026-01-09 04:00:00,1925.46,1931.35,1919.93,1926.47,true
2026-01-09 04:30:00,1926.73,1926.76,1926.64,1926.72,true
2026-01-09 05:00:00,1926.71,1930.08,1926.33,1928.85,true
2026-01-09 05:30:00,1928.89,1931.98,1927.77,1929.21,true
2026-01-09 06:00:00,1929.16,1931.24,1929.16,1929.28,true
2026-01-09 06:30:00,1929.24,1930.01,1929.05,1929.63,true
2026-01-09 07:00:00,1929.57,1931.96,1929.14,1930.10,true
2026-01-09 07:30:00,1929.78,1929.78,1929.12,1929.12,true
2026-01-09 08:00:00,1929.26,1930.15,1927.80,1929.42,true
2026-01-09 08:30:00,1929.42,1930.67,1928.31,1929.18,true
2026-01-09 09:00:00,1929.21,1929.57,1929.20,1929.55,true
2026-01-09 09:30:00,1929.48,1929.52,1928.43,1928.72,true
2026-01-09 10:00:00,1928.71,1928.94,1927.17,1927.32,true
2026-01-09 10:30:00,1927.39,1932.94,1924.23,1929.73,true
2026-01-09 11:00:00,1929.95,1930.40,1928.37,1930.26,true
2026-01-09 11:30:00,1930.19,1930.24,1927.28,1927.30,true
2026-01-09 12:00:00,1927.31,1928.01,1927.07,1927.53,true
2026-01-09 12:30:00,1927.50,1928.43,1927.32,1927.96,true
2026-01-09 13:00:00,1928.07,1928.27,1928.05,1928.20,true
2026-01-09 13:30:00,1928.19,1928.56,1927.82,1927.99,true
2026-01-09 14:00:00,1927.91,1928.24,1927.22,1927.33,true
2026-01-09 14:30:00,1927.33,1927.68,1926.92,1927.22,true
2026-01-09 15:00:00,1927.21,1927.80,1927.07,1927.70,true
2026-01-09 15:30:00,1927.71,1927.74,1927.68,1927.73,true
2026-01-09 16:00:00,1927.76,1928.03,1926.86,1928.03,true
2026-01-09 16:30:00,1928.01,1928.29,1923.51,1924.39,true
2026-01-09 17:00:00,1924.45,1926.42,1922.62,1926.19,true
2026-01-09 17:30:00,1926.04,1926.55,1923.53,1924.14,true
2026-01-09 18:00:00,1924.14,1926.71,1923.09,1924.74,true
2026-01-09 18:30:00,1924.89,1926.56,1924.89,1926.40,true
2026-01-09 19:00:00,1926.68,1926.75,1926.43,1926.48,true
2026-01-09 19:30:00,1926.47,1926.74,1924.63,1925.13,true
2026-01-09 20:00:00,1925.20,1925.59,1924.11,1925.59,true
2026-01-09 20:30:00,1925.55,1929.16,1925.55,1928.39,true
2026-01-09 21:00:00,1928.37,1930.73,1925.88,1930.34,true
2026-01-09 21:30:00,1930.34,1930.51,1930.34,1930.46,true
2026-01-09 22:00:00,1930.48,1931.26,1930.08,1930.71,true
2026-01-09 22:30:00,1930.76,1931.42,1930.76,1931.31,true
2026-01-09 23:00:00,1931.31,1931.98,1930.76,1930.93,true
2026-01-09 23:30:00,1930.87,1931.30,1927.12,1928.41,true
2026-01-12 02:00:00,1929.11,1929.67,1929.10,1929.64,true
2026-01-12 02:30:00,1929.65,1930.78,1928.74,1929.27,true
2026-01-12 03:00:00,1929.36,1930.15,1929.24,1929.93,true
2026-01-12 03:30:00,1930.04,1930.70,1929.47,1930.22,true
2026-01-12 04:00:00,1930.22,1931.93,1930.22,1931.03,true
2026-01-12 04:30:00,1931.01,1932.66,1930.92,1931.45,true
2026-01-12 05:00:00,1931.10,1931.63,1930.58,1930.58,true
2026-01-12 05:30:00,1930.47,1931.55,1929.77,1930.95,true
2026-01-12 06:00:00,1930.97,1933.70,1921.39,1930.33,true
2026-01-12 06:30:00,1930.36,1930.36,1928.35,1930.13,true
2026-01-12 07:00:00,1930.17,1931.13,1929.66,1930.85,true
2026-01-12 07:30:00,1930.89,1932.62,1930.10,1931.68,true
2026-01-12 08:00:00,1931.65,1933.65,1930.93,1932.31,true
2026-01-12 08:30:00,1932.30,1932.34,1932.29,1932.32,true
2026-01-12 09:00:00,1932.34,1933.07,1931.82,1932.75,true
2026-01-12 09:30:00,1932.73,1933.91,1931.51,1931.94,true
2026-01-12 10:00:00,1931.87,1932.66,1931.46,1932.05,true
2026-01-12 10:30:00,1932.05,1933.09,1929.90,1932.83,true
2026-01-12 11:00:00,1932.80,1932.88,1931.46,1931.57,true
2026-01-12 11:30:00,1931.58,1931.96,1929.51,1930.77,true
2026-01-12 12:00:00,1930.78,1936.21,1930.78,1931.38,true
2026-01-12 12:30:00,1931.36,1931.56,1931.35,1931.56,true
2026-01-12 13:00:00,1931.61,1931.97,1930.40,1931.47,true
2026-01-12 13:30:00,1931.48,1934.50,1931.17,1932.33,true
2026-01-12 14:00:00,1932.33,1932.33,1932.11,1932.17,true
2026-01-12 14:30:00,1932.17,1935.71,1931.30,1932.69,true
2026-01-12 15:00:00,1932.59,1933.60,1932.20,1933.31,true
2026-01-12 15:30:00,1933.38,1933.64,1933.14,1933.60,true
2026-01-12 16:00:00,1933.64,1933.81,1933.62,1933.71,true
2026-01-12 16:30:00,1933.77,1934.43,1933.38,1933.63,true
2026-01-12 17:00:00,1933.64,1934.07,1933.42,1933.92,true
2026-01-12 17:30:00,1933.81,1933.82,1933.79,1933.80,true
2026-01-12 18:00:00,1933.84,1935.11,1933.79,1934.34,true
2026-01-12 18:30:00,1934.28,1934.82,1932.04,1932.64,true
2026-01-12 19:00:00,1932.67,1933.04,1930.71,1932.53,true
2026-01-12 19:30:00,1932.47,1933.18,1932.29,1932.85,true
2026-01-12 20:00:00,1932.86,1933.41,1932.67,1932.77,true
2026-01-12 20:30:00,1932.77,1933.17,1930.77,1932.97,true
2026-01-12 21:00:00,1932.97,1932.97,1932.65,1932.66,true
2026-01-12 21:30:00,1932.65,1933.10,1932.49,1932.96,true
2026-01-12 22:00:00,1932.95,1933.53,1931.58,1933.41,true
2026-01-12 22:30:00,1933.42,1933.93,1932.37,1932.80,true
2026-01-12 23:00:00,1932.74,1934.72,1931.60,1933.44,true
2026-01-12 23:30:00,1933.44,1934.97,1933.44,1934.20,true
2026-01-13 01:00:00,1934.08,1934.16,1933.45,1933.90,true
2026-01-13 01:30:00,1933.88,1934.28,1933.74,1934.24,true
2026-01-13 02:00:00,1934.28,1935.84,1934.15,1935.54,true
2026-01-13 02:30:00,1935.55,1935.65,1935.53,1935.65,true
2026-01-13 03:00:00,1935.64,1936.16,1935.58,1936.11,true
2026-01-13 03:30:00,1936.12,1937.41,1935.88,1937.31,true
2026-01-13 04:00:00,1937.48,1938.80,1936.85,1937.93,true
2026-01-13 04:30:00,1937.96,1938.16,1936.96,1937.21,true
2026-01-13 05:00:00,1937.21,1938.07,1936.07,1936.41,true
2026-01-13 05:30:00,1936.44,1937.25,1936.28,1937.21,true
2026-01-13 06:00:00,1937.24,1938.39,1935.66,1936.68,true
2026-01-13 06:30:00,1936.67,1937.66,1935.93,1937.31,true
2026-01-13 07:00:00,1937.32,1938.00,1937.31,1937.82,true
2026-01-13 07:30:00,1937.70,1937.82,1936.67,1937.17,true
2026-01-13 08:00:00,1937.18,1937.21,1937.05,1937.07,true
2026-01-13 08:30:00,1937.04,1940.90,1936.10,1937.61,true
2026-01-13 09:00:00,1937.67,1937.83,1937.55,1937.59,true
2026-01-13 09:30:00,1937.56,1938.07,1936.65,1937.64,true
2026-01-13 10:00:00,1937.63,1949.94,1933.93,1936.25,true
2026-01-13 10:30:00,1936.25,1936.37,1935.78,1935.88,true
2026-01-13 11:00:00,1935.88,1936.05,1934.84,1935.25,true
2026-01-13 11:30:00,1935.16,1937.14,1934.44,1937.14,true
2026-01-13 12:00:00,1937.06,1937.33,1937.04,1937.17,true
2026-01-13 12:30:00,1937.10,1937.14,1935.48,1935.64,true
2026-01-13 13:00:00,1935.59,1936.01,1934.75,1935.96,true
2026-01-13 13:30:00,1935.96,1936.01,1935.91,1935.94,true
2026-01-13 14:00:00,1935.94,1939.45,1935.11,1938.58,true
2026-01-13 14:30:00,1938.56,1938.62,1934.76,1935.89,true
2026-01-13 15:00:00,1935.90,1938.46,1935.65,1937.67,true
2026-01-13 15:30:00,1937.70,1941.34,1936.67,1938.81,true
2026-01-13 16:00:00,1938.76,1939.15,1937.44,1938.46,true
2026-01-13 16:30:00,1938.47,1938.47,1936.21,1936.69,true
2026-01-13 17:00:00,1936.58,1939.14,1935.83,1935.87,true
2026-01-13 17:30:00,1935.73,1938.64,1933.75,1938.59,true
2026-01-13 18:00:00,1938.56,1938.85,1936.03,1937.02,true
2026-01-13 18:30:00,1937.06,1937.13,1935.73,1935.91,true
2026-01-13 19:00:00,1935.88,1936.04,1935.21,1935.35,true
2026-01-13 19:30:00,1935.38,1937.10,1934.56,1934.85,true
2026-01-13 20:00:00,1934.82,1935.57,1934.38,1935.46,true
2026-01-13 20:30:00,1935.61,1935.94,1935.23,1935.77,true
2026-01-13 21:00:00,1935.76,1935.98,1934.73,1934.74,true
2026-01-13 21:30:00,1934.85,1936.93,1931.67,1935.25,true
2026-01-13 22:00:00,1932.91,1932.91,1930.68,1931.66,true
2026-01-13 22:30:00,1931.49,1936.48,1926.24,1927.24,true
2026-01-13 23:00:00,1927.21,1927.52,1926.46,1926.64,true
2026-01-13 23:30:00,1926.60,1929.16,1925.90,1928.98,true
2026-01-14 00:00:00,1929.10,1929.74,1928.31,1928.56,true
2026-01-14 00:30:00,1928.64,1929.04,1928.24,1928.89,true
2026-01-14 02:00:00,1929.11,1930.25,1928.69,1930.13,true
2026-01-14 02:30:00,1930.31,1932.68,1929.85,1931.70,true
2026-01-14 03:00:00,1931.61,1932.73,1928.47,1930.44,true
2026-01-14 03:30:00,1930.50,1934.59,1926.76,1932.87,true
2026-01-14 04:00:00,1932.52,1933.28,1926.56,1931.48,true
2026-01-14 04:30:00,1931.50,1931.84,1930.64,1930.68,true
2026-01-14 05:00:00,1930.60,1932.41,1930.08,1931.06,true
2026-01-14 05:30:00,1930.99,1931.23,1930.54,1930.58,true
2026-01-14 06:00:00,1930.70,1930.70,1930.67,1930.69,true
2026-01-14 06:30:00,1930.77,1931.13,1929.58,1929.72,true
2026-01-14 07:00:00,1929.83,1931.34,1929.75,1931.27,true
2026-01-14 07:30:00,1931.25,1931.67,1929.38,1929.59,true
2026-01-14 08:00:00,1929.61,1931.59,1929.11,1930.79,true
2026-01-14 08:30:00,1930.79,1930.86,1930.61,1930.64,true
2026-01-14 09:00:00,1930.70,1931.33,1928.78,1931.15,true
2026-01-14 09:30:00,1931.13,1934.49,1930.12,1930.60,true
2026-01-14 10:00:00,1930.69,1930.69,1929.72,1929.99,true
2026-01-14 10:30:00,1929.99,1934.48,1926.41,1931.59,true
2026-01-14 11:00:00,1931.59,1933.98,1931.31,1933.22,true
2026-01-14 11:30:00,1933.16,1935.51,1931.77,1934.35,true
2026-01-14 12:00:00,1934.25,1943.50,1927.19,1931.76,true
2026-01-14 12:30:00,1931.56,1932.62,1930.21,1930.27,true
2026-01-14 13:00:00,1930.41,1931.07,1930.41,1930.67,true
2026-01-14 13:30:00,1930.67,1931.43,1930.67,1931.31,true
2026-01-14 14:00:00,1931.29,1931.38,1930.90,1931.18,true
2026-01-14 14:30:00,1931.35,1931.83,1928.90,1929.40,true
2026-01-14 15:00:00,1929.25,1929.59,1929.03,1929.43,true
2026-01-14 15:30:00,1929.39,1931.49,1927.32,1929.83,true
2026-01-14 16:00:00,1929.76,1930.66,1923.66,1927.07,true
2026-01-14 16:30:00,1927.02,1928.97,1926.99,1928.83,true
2026-01-14 17:00:00,1928.90,1929.74,1925.91,1926.88,true
2026-01-14 17:30:00,1926.93,1927.03,1926.46,1926.71,true
2026-01-14 18:00:00,1926.66,1929.69,1924.95,1927.68,true
2026-01-14 18:30:00,1927.63,1929.11,1922.56,1926.65,true
2026-01-14 19:00:00,1926.92,1926.92,1924.91,1925.74,true
2026-01-14 19:30:00,1925.81,1927.11,1924.48,1926.75,true
2026-01-14 20:00:00,1926.64,1930.91,1926.28,1928.51,true
2026-01-14 20:30:00,1928.24,1928.27,1928.02,1928.02,true
2026-01-14 21:00:00,1928.04,1929.27,1927.03,1927.13,true
2026-01-14 21:30:00,1926.97,1927.31,1925.49,1927.31,true
2026-01-14 22:00:00,1927.22,1929.62,1925.78,1927.99,true
2026-01-14 22:30:00,1927.95,1928.02,1927.82,1927.92,true
2026-01-14 23:00:00,1927.89,1929.04,1927.84,1928.93,true
2026-01-14 23:30:00,1928.93,1928.96,1927.85,1928.29,true
2026-01-15 01:00:00,1928.36,1933.34,1926.75,1929.34,true
2026-01-15 01:30:00,1929.47,1929.88,1927.95,1928.93,true
2026-01-15 02:00:00,1928.89,1929.61,1928.87,1929.57,true
2026-01-15 02:30:00,1929.66,1931.73,1929.18,1931.45,true
2026-01-15 03:00:00,1931.29,1934.04,1929.61,1930.60,true
2026-01-15 03:30:00,1930.49,1936.73,1927.63,1929.87,true
2026-01-15 04:00:00,1929.87,1929.96,1925.58,1926.37,true
2026-01-15 04:30:00,1926.21,1926.46,1925.61,1925.86,true
2026-01-15 05:00:00,1925.76,1926.92,1925.39,1926.47,true
2026-01-15 05:30:00,1926.47,1927.00,1926.18,1926.98,true
2026-01-15 06:00:00,1926.85,1928.40,1926.84,1928.35,true
2026-01-15 06:30:00,1928.57,1928.57,1925.44,1926.17,true
2026-01-15 07:00:00,1925.88,1927.08,1925.88,1927.04,true
2026-01-15 07:30:00,1927.11,1928.95,1927.10,1928.88,true
2026-01-15 08:00:00,1928.88,1929.14,1928.82,1928.98,true
2026-01-15 08:30:00,1928.97,1929.46,1928.95,1929.45,true
2026-01-15 09:00:00,1929.50,1930.53,1928.05,1930.53,true
2026-01-15 09:30:00,1930.53,1931.36,1930.32,1930.78,true
2026-01-15 10:00:00,1930.84,1931.27,1930.76,1931.24,true
2026-01-15 10:30:00,1931.24,1931.72,1930.86,1931.69,true
2026-01-15 11:00:00,1931.70,1937.49,1931.69,1934.79,true
2026-01-15 11:30:00,1934.77,1934.77,1933.65,1933.89,true
2026-01-15 12:00:00,1933.78,1935.44,1933.74,1935.31,true
2026-01-15 12:30:00,1935.40,1935.84,1935.28,1935.84,true
2026-01-15 13:00:00,1935.82,1937.81,1933.61,1937.37,true
2026-01-15 13:30:00,1937.43,1946.34,1935.43,1939.00,true
2026-01-15 14:00:00,1938.97,1940.78,1938.74,1940.40,true
2026-01-15 14:30:00,1940.44,1940.47,1940.37,1940.41,true
2026-01-15 15:00:00,1940.45,1941.86,1939.86,1940.94,true
2026-01-15 15:30:00,1940.92,1940.92,1940.90,1940.91,true
2026-01-15 16:00:00,1940.86,1941.11,1940.81,1940.97,true
2026-01-15 16:30:00,1941.01,1942.56,1937.93,1938.13,true
2026-01-15 17:00:00,1938.12,1941.85,1934.10,1936.77,true
2026-01-15 17:30:00,1936.58,1936.66,1934.12,1934.12,true
2026-01-15 18:00:00,1934.06,1935.66,1933.29,1935.10,true
2026-01-15 18:30:00,1935.02,1935.56,1932.67,1933.40,true
2026-01-15 19:00:00,1933.39,1933.73,1931.76,1931.90,true
2026-01-15 19:30:00,1931.90,1932.92,1928.20,1932.41,true
2026-01-15 20:00:00,1932.43,1932.48,1931.67,1932.14,true
2026-01-15 20:30:00,1932.05,1932.83,1931.99,1932.80,true
2026-01-15 21:00:00,1932.75,1935.08,1926.15,1930.37,true
2026-01-16 01:00:00,1931.34,1931.95,1928.15,1930.09,true
2026-01-16 01:30:00,1930.11,1931.31,1929.93,1931.20,true
2026-01-16 02:00:00,1931.09,1931.13,1925.09,1925.62,true
2026-01-16 02:30:00,1925.47,1927.70,1923.98,1927.29,true
2026-01-16 03:00:00,1927.28,1931.05,1926.61,1930.69,true
2026-01-16 03:30:00,1931.31,1931.31,1930.20,1930.34,true
2026-01-16 04:00:00,1930.38,1933.41,1927.55,1932.41,true
2026-01-16 04:30:00,1932.44,1932.78,1912.88,1930.97,true
2026-01-16 05:00:00,1930.97,1931.44,1884.86,1922.79,true
2026-01-16 05:30:00,1923.02,1923.48,1919.00,1922.07,true
2026-01-16 06:00:00,1922.06,1928.77,1919.98,1920.98,true
2026-01-16 06:30:00,1920.95,1922.77,1915.90,1917.79,true
2026-01-16 07:00:00,1918.08,1919.15,1914.36,1918.55,true
2026-01-16 07:30:00,1917.43,1918.38,1914.86,1917.94,true
2026-01-16 08:00:00,1917.48,1922.56,1915.50,1915.50,true
2026-01-16 08:30:00,1915.35,1916.33,1914.91,1915.80,true
2026-01-16 09:00:00,1915.53,1916.38,1914.61,1915.73,true
2026-01-16 09:30:00,1916.11,1916.30,1915.44,1915.50,true
2026-01-16 10:00:00,1916.14,1916.50,1916.13,1916.49,true
2026-01-16 10:30:00,1916.16,1916.16,1915.71,1916.00,true
2026-01-16 11:00:00,1915.98,1917.59,1915.63,1916.96,true
2026-01-16 11:30:00,1916.93,1917.09,1916.41,1916.70,true
2026-01-16 12:00:00,1916.98,1917.69,1916.97,1917.68,true
2026-01-16 12:30:00,1917.77,1917.80,1917.43,1917.46,true
2026-01-16 13:00:00,1917.49,1928.24,1896.16,1919.42,true
2026-01-16 13:30:00,1919.31,1930.76,1912.44,1917.51,true
2026-01-16 14:00:00,1917.40,1919.59,1917.13,1918.99,true
2026-01-16 14:30:00,1918.92,1918.99,1918.90,1918.93,true
2026-01-16 15:00:00,1919.20,1919.90,1918.63,1919.43,true
2026-01-16 15:30:00,1919.37,1923.40,1918.43,1921.92,true
2026-01-16 16:00:00,1921.90,1925.96,1920.60,1923.46,true
2026-01-16 16:30:00,1923.21,1923.73,1922.42,1922.45,true
2026-01-16 17:00:00,1922.41,1923.81,1918.09,1921.71,true
2026-01-16 17:30:00,1921.62,1925.19,1920.51,1923.42,true
2026-01-16 18:00:00,1923.42,1928.77,1923.42,1928.18,true
2026-01-16 18:30:00,1928.18,1936.32,1927.12,1933.21,true
2026-01-16 19:00:00,1933.19,1935.02,1932.71,1933.67,true
2026-01-16 19:30:00,1933.64,1936.15,1932.00,1935.67,true
2026-01-16 20:00:00,1935.67,1943.23,1934.26,1940.35,true
2026-01-16 20:30:00,1940.43,1942.48,1937.23,1941.94,true
2026-01-16 21:00:00,1942.32,1942.41,1933.96,1939.15,true
2026-01-16 21:30:00,1939.17,1939.79,1939.06,1939.54,true
2026-01-16 22:00:00,1939.07,1946.90,1924.49,1937.45,true
2026-01-16 22:30:00,1937.49,1938.53,1936.28,1938.31,true
2026-01-16 23:00:00,1938.39,1938.71,1937.71,1937.95,true
2026-01-16 23:30:00,1938.19,1938.58,1937.67,1938.06,true
2026-01-19 00:00:00,1941.24,1942.89,1940.98,1941.52,true
2026-01-19 00:30:00,1941.92,1945.56,1929.69,1940.61,true
2026-01-19 01:00:00,1940.86,1943.39,1938.56,1942.61,true
2026-01-19 01:30:00,1942.39,1948.23,1939.50,1943.96,true
2026-01-19 02:00:00,1943.96,1945.48,1942.45,1945.16,true
2026-01-19 02:30:00,1945.22,1945.77,1943.65,1944.52,true
2026-01-19 03:00:00,1944.47,1945.72,1942.57,1945.48,true
2026-01-19 03:30:00,1945.45,1948.91,1944.33,1947.59,true
2026-01-19 04:00:00,1947.66,1948.27,1947.37,1947.39,true
2026-01-19 04:30:00,1947.17,1947.26,1947.15,1947.23,true
2026-01-19 05:00:00,1946.80,1948.62,1946.32,1947.35,true
2026-01-19 05:30:00,1947.22,1948.35,1947.13,1947.71,true
2026-01-19 06:00:00,1947.95,1948.21,1947.83,1948.05,true
2026-01-19 06:30:00,1947.95,1948.15,1946.61,1946.95,true
2026-01-19 07:00:00,1947.09,1947.18,1946.55,1946.79,true
2026-01-19 07:30:00,1946.84,1949.06,1946.66,1947.63,true
2026-01-19 08:00:00,1947.70,1947.95,1946.49,1947.15,true
2026-01-19 08:30:00,1947.16,1947.16,1945.97,1946.55,true
2026-01-19 09:00:00,1946.65,1947.83,1944.08,1946.01,true
2026-01-19 09:30:00,1946.02,1949.91,1945.84,1948.16,true
2026-01-19 10:00:00,1948.17,1949.11,1945.90,1946.68,true
2026-01-19 10:30:00,1945.91,1950.09,1944.16,1949.68,true
2026-01-19 11:00:00,1949.82,1950.64,1945.57,1947.28,true
2026-01-19 11:30:00,1947.29,1947.52,1947.27,1947.48,true
2026-01-19 12:00:00,1947.41,1947.93,1943.01,1945.14,true
2026-01-19 12:30:00,1945.05,1946.06,1944.95,1946.06,true
2026-01-19 13:00:00,1945.96,1948.02,1945.68,1947.77,true
2026-01-19 13:30:00,1947.74,1947.79,1944.34,1945.53,true
2026-01-19 14:00:00,1945.10,1947.14,1942.81,1944.22,true
2026-01-19 14:30:00,1944.27,1944.45,1943.89,1943.96,true
2026-01-19 15:00:00,1943.96,1943.96,1939.56,1940.21,true
2026-01-19 15:30:00,1940.13,1941.81,1940.03,1941.70,true
2026-01-19 16:00:00,1941.79,1942.76,1941.48,1942.66,true
2026-01-19 16:30:00,1942.64,1943.01,1934.73,1936.98,true
2026-01-19 17:00:00,1936.98,1950.58,1923.91,1940.26,true
2026-01-19 17:30:00,1940.26,1942.69,1934.83,1941.57,true
2026-01-19 18:00:00,1941.64,1943.57,1926.96,1928.35,true
2026-01-19 18:30:00,1928.41,1944.82,1912.63,1932.37,true
2026-01-19 19:00:00,1932.64,1934.19,1924.07,1926.28,true
2026-01-19 19:30:00,1927.17,1929.19,1922.38,1928.34,true
2026-01-19 20:00:00,1928.25,1928.89,1927.00,1927.51,true
2026-01-19 20:30:00,1927.24,1927.47,1927.22,1927.37,true
2026-01-19 21:00:00,1927.32,1928.16,1918.45,1920.44,true
2026-01-19 21:30:00,1920.39,1932.76,1913.19,1925.19,true
2026-01-19 22:00:00,1925.02,1925.11,1923.00,1923.34,true
2026-01-19 22:30:00,1922.99,1928.98,1913.97,1920.28,true
2026-01-19 23:00:00,1920.35,1920.68,1917.48,1918.71,true
2026-01-19 23:30:00,1918.74,1918.78,1916.57,1917.07,true
2026-01-20 02:00:00,1917.68,1919.03,1917.56,1918.67,true
2026-01-20 02:30:00,1918.20,1921.75,1918.05,1921.15,true
2026-01-20 03:00:00,1921.11,1921.80,1920.25,1920.51,true
2026-01-20 03:30:00,1920.55,1921.00,1920.08,1920.71,true
2026-01-20 04:00:00,1920.41,1920.68,1920.14,1920.21,true
2026-01-20 04:30:00,1919.90,1932.83,1916.75,1922.64,true
2026-01-20 05:00:00,1922.81,1923.17,1918.11,1921.07,true
2026-01-20 05:30:00,1921.76,1921.86,1921.75,1921.85,true
2026-01-20 06:00:00,1921.71,1922.17,1920.20,1921.08,true
2026-01-20 06:30:00,1921.21,1923.22,1919.87,1922.45,true
2026-01-20 07:00:00,1922.35,1923.09,1920.37,1922.17,true
2026-01-20 07:30:00,1922.08,1922.13,1920.23,1920.87,true
2026-01-20 08:00:00,1920.83,1921.02,1917.78,1919.58,true
2026-01-20 08:30:00,1919.58,1920.64,1918.88,1919.03,true
2026-01-20 09:00:00,1919.08,1926.14,1913.90,1917.21,true
2026-01-20 09:30:00,1912.37,1914.82,1911.48,1914.64,true
2026-01-20 10:00:00,1914.72,1914.75,1914.53,1914.68,true
2026-01-20 10:30:00,1914.45,1915.11,1914.15,1915.05,true
2026-01-20 11:00:00,1915.06,1915.09,1915.04,1915.08,true
2026-01-20 11:30:00,1915.16,1923.42,1912.91,1919.13,true
2026-01-20 12:00:00,1919.19,1919.25,1914.21,1914.26,true
2026-01-20 12:30:00,1914.27,1916.88,1904.26,1916.59,true
2026-01-20 13:00:00,1920.75,1925.78,1916.18,1921.61,true
2026-01-20 13:30:00,1921.57,1922.09,1921.39,1921.94,true
2026-01-20 14:00:00,1922.00,1922.84,1921.09,1922.50,true
2026-01-20 14:30:00,1922.80,1923.61,1918.61,1921.53,true
2026-01-20 15:00:00,1921.63,1927.92,1921.15,1925.68,true
2026-01-20 15:30:00,1925.77,1929.92,1925.17,1929.76,true
2026-01-20 16:00:00,1929.76,1933.80,1922.76,1925.17,true
2026-01-20 16:30:00,1925.16,1944.69,1919.51,1926.83,true
2026-01-20 17:00:00,1926.62,1935.87,1924.95,1930.73,true
2026-01-20 17:30:00,1931.06,1933.96,1930.64,1933.27,true
2026-01-20 18:00:00,1933.25,1934.44,1932.19,1934.33,true
2026-01-20 18:30:00,1935.20,1935.84,1933.14,1933.98,true
2026-01-20 19:00:00,1933.98,1935.65,1933.28,1935.45,true
2026-01-20 19:30:00,1935.40,1936.29,1929.34,1933.86,true
2026-01-20 20:00:00,1934.08,1934.08,1933.98,1934.05,true
2026-01-20 20:30:00,1934.01,1935.54,1933.29,1934.98,true
2026-01-20 21:00:00,1935.00,1946.01,1932.82,1938.82,true
2026-01-20 21:30:00,1938.74,1940.46,1936.70,1937.65,true
2026-01-20 22:00:00,1937.63,1943.72,1936.88,1939.39,true
2026-01-20 22:30:00,1938.37,1940.42,1935.94,1939.51,true
2026-01-20 23:00:00,1946.91,1947.73,1945.53,1946.48,true
2026-01-20 23:30:00,1947.08,1947.74,1945.82,1946.56,true
2026-01-21 01:00:00,1946.47,1949.91,1946.06,1946.47,true
2026-01-21 01:30:00,1946.66,1946.69,1946.58,1946.63,true
2026-01-21 02:00:00,1946.89,1947.03,1946.64,1946.67,true
2026-01-21 02:30:00,1946.46,1946.94,1945.51,1945.63,true
2026-01-21 03:00:00,1945.78,1945.79,1945.69,1945.69,true
2026-01-21 03:30:00,1945.67,1948.53,1944.87,1946.09,true
2026-01-21 04:00:00,1946.08,1946.16,1944.64,1945.34,true
2026-01-21 04:30:00,1945.30,1946.88,1944.98,1945.66,true
2026-01-21 05:00:00,1945.66,1947.61,1943.26,1946.26,true
2026-01-21 05:30:00,1946.26,1948.08,1945.81,1947.90,true
2026-01-21 06:00:00,1948.19,1948.27,1948.11,1948.17,true
2026-01-21 06:30:00,1948.27,1948.34,1946.01,1947.04,true
2026-01-21 07:00:00,1947.04,1947.41,1945.83,1946.78,true
2026-01-21 07:30:00,1946.82,1946.84,1946.82,1946.83,true
2026-01-21 08:00:00,1946.71,1947.03,1944.99,1945.61,true
2026-01-21 08:30:00,1945.65,1946.84,1945.65,1946.17,true
2026-01-21 09:00:00,1946.16,1955.18,1946.02,1947.54,true
2026-01-21 09:30:00,1947.49,1947.55,1947.49,1947.54,true
2026-01-21 10:00:00,1947.51,1948.69,1934.87,1944.17,true
2026-01-21 10:30:00,1944.16,1944.50,1944.02,1944.50,true
2026-01-21 11:00:00,1944.50,1944.69,1936.82,1941.65,true
2026-01-21 11:30:00,1941.79,1944.07,1940.61,1943.44,true
2026-01-21 12:00:00,1943.51,1944.15,1943.05,1944.14,true
2026-01-21 12:30:00,1944.16,1948.31,1941.76,1943.48,true
2026-01-21 13:00:00,1943.71,1948.05,1943.45,1945.02,true
2026-01-21 13:30:00,1945.01,1952.04,1938.58,1946.21,true
2026-01-21 14:00:00,1946.11,1946.13,1946.10,1946.12,true
2026-01-21 14:30:00,1946.15,1946.46,1945.96,1946.44,true
2026-01-21 15:00:00,1946.44,1946.55,1945.65,1945.68,true
2026-01-21 15:30:00,1945.46,1949.88,1945.11,1948.65,true
2026-01-21 16:00:00,1948.65,1949.19,1945.54,1945.91,true
2026-01-21 16:30:00,1945.84,1946.83,1933.00,1939.04,true
2026-01-21 17:00:00,1939.09,1939.35,1938.70,1938.72,true
2026-01-21 17:30:00,1938.86,1938.88,1938.75,1938.78,true
2026-01-21 18:00:00,1938.75,1943.91,1929.65,1936.93,true
2026-01-21 18:30:00,1937.13,1937.39,1936.11,1936.98,true
2026-01-21 19:00:00,1936.50,1936.66,1935.96,1936.18,true
2026-01-21 19:30:00,1935.94,1936.62,1935.61,1936.48,true
2026-01-21 20:00:00,1936.60,1936.60,1935.28,1935.97,true
2026-01-21 20:30:00,1936.02,1937.34,1930.78,1935.35,true
2026-01-21 21:00:00,1935.38,1935.54,1935.32,1935.49,true
2026-01-21 21:30:00,1935.51,1935.87,1934.82,1934.89,true
2026-01-21 22:00:00,1934.86,1934.87,1934.81,1934.82,true
2026-01-21 22:30:00,1934.80,1936.70,1932.32,1935.31,true
2026-01-21 23:00:00,1935.21,1936.84,1934.46,1935.91,true
2026-01-21 23:30:00,1935.91,1936.21,1935.74,1936.01,true
2026-01-22 00:00:00,1936.00,1938.97,1933.75,1936.89,true
2026-01-22 00:30:00,1936.89,1937.07,1936.34,1937.05,true
2026-01-22 02:00:00,1936.89,1938.67,1934.58,1935.75,true
2026-01-22 02:30:00,1935.71,1936.13,1935.13,1935.15,true
2026-01-22 03:00:00,1935.10,1935.13,1934.90,1935.01,true
2026-01-22 03:30:00,1934.86,1936.29,1933.63,1934.34,true
2026-01-22 04:00:00,1934.40,1936.34,1934.40,1935.61,true
2026-01-22 04:30:00,1935.61,1935.61,1935.20,1935.27,true
2026-01-22 05:00:00,1935.24,1936.63,1935.18,1935.74,true
2026-01-22 05:30:00,1935.73,1935.84,1935.73,1935.83,true
2026-01-22 06:00:00,1935.83,1936.35,1933.79,1935.38,true
2026-01-22 06:30:00,1935.33,1935.66,1934.22,1935.21,true
2026-01-22 07:00:00,1935.23,1935.70,1934.18,1934.77,true
2026-01-22 07:30:00,1934.72,1934.84,1933.99,1934.02,true
2026-01-22 08:00:00,1934.00,1936.34,1933.69,1935.12,true
2026-01-22 08:30:00,1934.87,1936.83,1932.36,1934.46,true
2026-01-22 09:00:00,1934.49,1934.90,1934.49,1934.90,true
2026-01-22 09:30:00,1934.91,1935.68,1934.48,1935.51,true
2026-01-22 10:00:00,1935.52,1939.31,1934.54,1938.19,true
2026-01-22 10:30:00,1938.13,1938.63,1937.98,1938.58,true
2026-01-22 11:00:00,1938.67,1941.78,1937.13,1940.91,true
2026-01-22 11:30:00,1940.91,1948.23,1931.71,1942.06,true
2026-01-22 12:00:00,1942.13,1942.58,1941.91,1942.42,true
2026-01-22 12:30:00,1942.54,1944.03,1937.42,1940.67,true
2026-01-22 13:00:00,1940.69,1941.05,1940.65,1940.89,true
2026-01-22 13:30:00,1940.69,1941.99,1939.39,1941.89,true
2026-01-22 14:00:00,1941.95,1943.78,1941.57,1943.59,true
2026-01-22 14:30:00,1943.64,1946.26,1943.60,1944.10,true
2026-01-22 15:00:00,1943.98,1944.03,1943.68,1943.80,true
2026-01-22 15:30:00,1943.72,1944.47,1943.61,1944.04,true
2026-01-22 16:00:00,1944.03,1944.65,1942.15,1943.34,true
2026-01-22 16:30:00,1943.37,1943.38,1942.39,1942.59,true
2026-01-22 17:00:00,1942.48,1945.09,1940.20,1944.47,true
2026-01-22 17:30:00,1944.49,1945.87,1944.49,1945.64,true
2026-01-22 18:00:00,1945.56,1955.16,1941.56,1946.36,true
2026-01-22 18:30:00,1946.50,1950.63,1939.21,1943.34,true
2026-01-22 19:00:00,1943.51,1944.66,1943.51,1944.52,true
2026-01-22 19:30:00,1944.50,1944.58,1943.75,1944.25,true
2026-01-22 20:00:00,1944.09,1945.71,1942.99,1944.68,true
2026-01-22 20:30:00,1944.75,1952.36,1942.76,1948.33,true
2026-01-22 21:00:00,1948.33,1949.43,1947.41,1949.43,true
2026-01-22 21:30:00,1949.44,1949.57,1949.24,1949.56,true
2026-01-22 22:00:00,1949.31,1949.42,1949.25,1949.42,true
2026-01-22 22:30:00,1949.52,1952.60,1945.46,1947.52,true
2026-01-22 23:00:00,1947.54,1947.65,1947.05,1947.17,true
2026-01-22 23:30:00,1947.18,1947.88,1946.18,1947.18,true
2026-01-23 00:00:00,1947.16,1947.30,1944.49,1945.38,true
2026-01-23 00:30:00,1945.37,1946.26,1945.25,1945.82,true
2026-01-23 01:00:00,1945.74,1946.50,1945.53,1946.42,true
2026-01-23 01:30:00,1946.42,1946.46,1946.10,1946.10,true
2026-01-23 02:00:00,1946.09,1946.46,1946.01,1946.31,true
2026-01-23 02:30:00,1946.04,1946.10,1944.91,1945.22,true
2026-01-23 03:00:00,1945.34,1946.35,1944.80,1945.84,true
2026-01-23 03:30:00,1945.82,1946.44,1943.26,1945.63,true
2026-01-23 04:00:00,1945.64,1947.30,1943.40,1944.71,true
2026-01-23 04:30:00,1944.99,1945.19,1944.92,1944.92,true
2026-01-23 05:00:00,1944.90,1946.90,1944.63,1945.71,true
2026-01-23 05:30:00,1945.57,1956.50,1943.47,1946.71,true
2026-01-23 06:00:00,1946.81,1947.14,1946.32,1946.47,true
2026-01-23 06:30:00,1946.43,1948.07,1945.88,1946.18,true
2026-01-23 07:00:00,1946.31,1946.32,1946.05,1946.13,true
2026-01-23 07:30:00,1946.12,1946.15,1946.10,1946.13,true
2026-01-23 08:00:00,1946.22,1947.00,1946.10,1946.55,true
2026-01-23 08:30:00,1946.55,1946.71,1945.71,1945.94,true
2026-01-23 09:00:00,1945.90,1946.93,1945.18,1945.35,true
2026-01-23 09:30:00,1945.48,1945.51,1945.45,1945.47,true
2026-01-23 10:00:00,1945.35,1948.86,1943.36,1946.53,true
2026-01-23 10:30:00,1946.47,1946.89,1945.56,1945.96,true
2026-01-23 11:00:00,1945.92,1946.07,1945.92,1946.07,true
2026-01-23 11:30:00,1946.04,1948.21,1945.19,1947.31,true
2026-01-23 12:00:00,1947.32,1948.56,1946.69,1947.99,true
2026-01-23 12:30:00,1947.99,1948.05,1947.47,1947.75,true
2026-01-23 13:00:00,1947.78,1948.25,1946.13,1947.60,true
2026-01-23 13:30:00,1947.60,1947.63,1947.03,1947.12,true
2026-01-23 14:00:00,1947.14,1947.15,1946.95,1946.95,true
2026-01-23 14:30:00,1946.97,1947.74,1946.45,1946.75,true
2026-01-23 15:00:00,1946.72,1947.45,1946.40,1947.18,true
2026-01-23 15:30:00,1947.16,1948.50,1946.89,1948.30,true
2026-01-23 16:00:00,1948.24,1948.37,1948.18,1948.37,true
2026-01-23 16:30:00,1948.39,1955.66,1945.22,1951.25,true
2026-01-23 17:00:00,1951.22,1951.28,1950.65,1950.72,true
2026-01-23 17:30:00,1950.87,1972.57,1936.64,1944.64,true
2026-01-23 18:00:00,1944.75,1944.95,1944.73,1944.91,true
2026-01-23 18:30:00,1944.69,1948.65,1943.70,1945.68,true
2026-01-23 19:00:00,1945.71,1947.97,1944.81,1946.66,true
2026-01-23 19:30:00,1946.55,1948.75,1946.13,1948.08,true
2026-01-23 20:00:00,1947.81,1947.89,1947.76,1947.87,true
2026-01-23 20:30:00,1947.96,1951.31,1945.67,1950.20,true
2026-01-23 21:00:00,1950.21,1955.81,1949.40,1951.23,true
2026-01-23 21:30:00,1951.21,1951.71,1950.94,1951.69,true
2026-01-23 22:00:00,1951.76,1952.20,1950.38,1950.90,true
2026-01-23 22:30:00,1950.88,1951.03,1949.74,1950.74,true
2026-01-23 23:00:00,1950.65,1952.53,1945.74,1945.77,true
2026-01-23 23:30:00,1945.78,1947.21,1945.78,1946.31,true
2026-01-26 02:00:00,1950.16,1950.21,1947.33,1949.18,true
2026-01-26 02:30:00,1949.23,1955.23,1945.63,1949.83,true
2026-01-26 03:00:00,1949.85,1950.02,1949.85,1949.99,true
2026-01-26 03:30:00,1950.04,1950.12,1949.77,1949.78,true
2026-01-26 04:00:00,1949.74,1950.69,1948.84,1949.15,true
2026-01-26 04:30:00,1949.55,1950.72,1948.15,1949.97,true
2026-01-26 05:00:00,1950.06,1952.03,1948.85,1951.00,true
2026-01-26 05:30:00,1950.82,1951.01,1950.77,1950.91,true
2026-01-26 06:00:00,1950.86,1952.97,1949.21,1950.46,true
2026-01-26 06:30:00,1950.38,1951.85,1950.02,1950.50,true
2026-01-26 07:00:00,1950.52,1951.23,1949.67,1950.88,true
2026-01-26 07:30:00,1950.87,1959.27,1947.03,1951.59,true
2026-01-26 08:00:00,1951.62,1951.72,1951.21,1951.43,true
2026-01-26 08:30:00,1951.44,1952.31,1949.25,1950.09,true
2026-01-26 09:00:00,1949.79,1951.10,1949.67,1950.63,true
2026-01-26 09:30:00,1950.64,1953.81,1947.57,1949.83,true
2026-01-26 10:00:00,1949.73,1952.56,1949.37,1951.20,true
2026-01-26 10:30:00,1951.09,1951.41,1950.86,1951.33,true
2026-01-26 11:00:00,1951.36,1953.44,1950.97,1953.17,true
2026-01-26 11:30:00,1953.17,1955.57,1951.60,1955.33,true
2026-01-26 12:00:00,1955.34,1958.04,1952.53,1956.24,true
2026-01-26 12:30:00,1956.25,1956.61,1955.43,1955.71,true
2026-01-26 13:00:00,1955.62,1956.62,1955.15,1955.34,true
2026-01-26 13:30:00,1955.36,1955.46,1955.33,1955.43,true
2026-01-26 14:00:00,1955.57,1955.58,1952.95,1953.94,true
2026-01-26 14:30:00,1953.90,1954.26,1953.52,1953.52,true
2026-01-26 15:00:00,1953.39,1954.04,1953.35,1954.03,true
2026-01-26 15:30:00,1954.03,1955.70,1952.81,1953.26,true
2026-01-26 16:00:00,1953.33,1957.47,1947.13,1950.12,true
2026-01-26 16:30:00,1950.18,1963.73,1924.29,1955.59,true
2026-01-26 17:00:00,1955.38,1956.81,1951.67,1953.95,true
2026-01-26 17:30:00,1953.87,1953.91,1950.18,1951.99,true
2026-01-26 18:00:00,1952.77,1955.29,1952.77,1954.65,true
2026-01-26 18:30:00,1954.59,1956.55,1953.60,1955.42,true
2026-01-26 19:00:00,1955.40,1957.45,1954.83,1956.89,true
2026-01-26 19:30:00,1956.95,1956.96,1956.50,1956.68,true
2026-01-26 20:00:00,1956.70,1956.74,1956.29,1956.34,true
2026-01-26 20:30:00,1956.41,1958.15,1956.17,1957.50,true
2026-01-26 21:00:00,1960.17,1961.08,1960.13,1960.68,true
2026-01-26 21:30:00,1960.74,1962.24,1957.65,1959.68,true
2026-01-26 22:00:00,1959.60,1960.51,1957.27,1958.20,true
2026-01-26 22:30:00,1958.16,1958.91,1958.15,1958.56,true
2026-01-26 23:00:00,1958.36,1959.20,1957.26,1957.83,true
2026-01-26 23:30:00,1957.90,1960.13,1957.53,1959.01,true
2026-01-27 01:00:00,1958.68,1959.04,1958.66,1958.86,true
2026-01-27 01:30:00,1958.86,1962.58,1956.91,1959.53,true
2026-01-27 02:00:00,1959.53,1959.53,1958.98,1958.98,true
2026-01-27 02:30:00,1957.64,1966.84,1940.03,1953.41,true
2026-01-27 03:00:00,1953.37,1953.42,1953.19,1953.20,true
2026-01-27 03:30:00,1953.17,1954.04,1953.00,1953.90,true
2026-01-27 04:00:00,1953.69,1956.35,1953.69,1955.87,true
2026-01-27 04:30:00,1955.83,1956.46,1955.77,1956.11,true
2026-01-27 05:00:00,1956.14,1956.15,1955.44,1955.62,true
2026-01-27 05:30:00,1955.62,1961.28,1943.60,1951.60,true
2026-01-27 06:00:00,1951.49,1955.99,1951.41,1955.71,true
2026-01-27 06:30:00,1955.46,1955.46,1955.05,1955.08,true
2026-01-27 07:00:00,1955.12,1957.33,1953.49,1956.10,true
2026-01-27 07:30:00,1956.08,1957.23,1956.08,1956.52,true
2026-01-27 08:00:00,1956.48,1957.69,1954.11,1954.55,true
2026-01-27 08:30:00,1954.61,1960.40,1952.50,1957.27,true
2026-01-27 09:00:00,1957.24,1958.42,1957.05,1957.63,true
2026-01-27 09:30:00,1957.44,1957.95,1953.56,1956.74,true
2026-01-27 10:00:00,1956.71,1956.78,1956.70,1956.73,true
2026-01-27 10:30:00,1956.77,1957.00,1953.59,1954.96,true
2026-01-27 11:00:00,1954.87,1954.90,1954.70,1954.79,true
2026-01-27 11:30:00,1954.74,1955.23,1953.94,1954.35,true
2026-01-27 12:00:00,1954.35,1958.99,1953.97,1957.29,true
2026-01-27 12:30:00,1957.26,1960.95,1955.68,1959.71,true
2026-01-27 13:00:00,1959.55,1959.62,1958.88,1959.19,true
2026-01-27 13:30:00,1959.07,1959.32,1956.93,1958.41,true
2026-01-27 14:00:00,1958.30,1958.32,1957.58,1958.18,true
2026-01-27 14:30:00,1958.16,1958.53,1950.10,1955.73,true
2026-01-27 15:00:00,1955.54,1957.66,1940.84,1952.21,true
2026-01-27 15:30:00,1952.08,1952.08,1948.00,1949.19,true
2026-01-27 16:00:00,1949.15,1949.33,1948.56,1948.70,true
2026-01-27 16:30:00,1948.59,1948.92,1948.54,1948.92,true
2026-01-27 17:00:00,1949.11,1949.21,1937.02,1947.75,true
2026-01-27 17:30:00,1947.82,1947.90,1946.05,1946.27,true
2026-01-27 18:00:00,1946.24,1947.12,1942.86,1942.88,true
2026-01-27 18:30:00,1942.90,1944.27,1941.88,1944.13,true
2026-01-27 19:00:00,1944.13,1944.37,1943.16,1943.38,true
2026-01-27 19:30:00,1943.36,1943.95,1936.76,1941.07,true
2026-01-27 20:00:00,1940.80,1944.83,1937.55,1941.32,true
2026-01-27 20:30:00,1941.26,1941.83,1940.94,1941.79,true
2026-01-27 21:00:00,1941.52,1941.92,1940.87,1941.74,true
2026-01-27 21:30:00,1941.75,1942.40,1941.59,1942.17,true
2026-01-27 22:00:00,1942.22,1942.26,1936.98,1938.22,true
2026-01-27 22:30:00,1938.20,1942.56,1937.56,1940.18,true
2026-01-27 23:00:00,1940.58,1942.01,1937.61,1942.00,true
2026-01-27 23:30:00,1942.00,1942.39,1941.76,1942.33,true
2026-01-28 00:00:00,1942.28,1945.10,1942.25,1942.48,true
2026-01-28 00:30:00,1942.49,1943.40,1940.50,1941.70,true
2026-01-28 02:00:00,1941.68,1944.09,1940.90,1942.69,true
2026-01-28 02:30:00,1942.52,1943.95,1942.35,1943.77,true
2026-01-28 03:00:00,1943.91,1944.79,1942.70,1943.61,true
2026-01-28 03:30:00,1943.43,1943.48,1942.94,1943.02,true
2026-01-28 04:00:00,1942.97,1943.58,1942.97,1943.33,true
2026-01-28 04:30:00,1943.40,1945.51,1939.21,1944.00,true
2026-01-28 05:00:00,1944.07,1946.68,1940.64,1941.97,true
2026-01-28 05:30:00,1941.98,1943.36,1939.94,1943.00,true
2026-01-28 06:00:00,1942.98,1943.78,1942.05,1942.55,true
2026-01-28 06:30:00,1942.60,1942.65,1941.25,1942.00,true
2026-01-28 07:00:00,1942.01,1943.01,1937.72,1942.82,true
2026-01-28 07:30:00,1942.80,1943.10,1942.06,1942.89,true
2026-01-28 08:00:00,1942.86,1942.95,1942.22,1942.45,true
2026-01-28 08:30:00,1942.43,1942.91,1942.32,1942.82,true
2026-01-28 09:00:00,1942.74,1942.74,1942.68,1942.69,true
2026-01-28 09:30:00,1942.68,1942.81,1940.96,1941.52,true
2026-01-28 10:00:00,1941.54,1941.60,1941.54,1941.57,true
2026-01-28 10:30:00,1941.56,1941.57,1940.13,1941.56,true
2026-01-28 11:00:00,1941.56,1942.92,1940.78,1941.87,true
2026-01-28 11:30:00,1941.82,1942.60,1941.71,1942.41,true
2026-01-28 12:00:00,1944.34,1945.00,1942.63,1942.88,true
2026-01-28 12:30:00,1942.87,1943.01,1941.91,1942.26,true
2026-01-28 13:00:00,1942.25,1942.74,1942.09,1942.74,true
2026-01-28 13:30:00,1942.64,1942.78,1942.35,1942.59,true
2026-01-28 14:00:00,1942.59,1943.16,1939.82,1940.30,true
2026-01-28 14:30:00,1940.22,1940.67,1940.21,1940.65,true
2026-01-28 15:00:00,1940.69,1940.69,1939.01,1940.22,true
2026-01-28 15:30:00,1940.19,1940.21,1940.19,1940.21,true
2026-01-28 16:00:00,1940.16,1940.27,1937.98,1939.01,true
2026-01-28 16:30:00,1938.95,1938.95,1930.67,1932.06,true
2026-01-28 17:00:00,1932.19,1933.50,1932.17,1933.26,true
2026-01-28 17:30:00,1933.26,1934.30,1932.77,1933.93,true
2026-01-28 18:00:00,1933.88,1937.10,1911.61,1924.69,true
2026-01-28 18:30:00,1924.55,1925.96,1924.34,1924.93,true
2026-01-28 19:00:00,1925.01,1929.64,1921.02,1923.41,true
2026-01-28 19:30:00,1923.29,1926.81,1918.10,1924.06,true
2026-01-28 20:00:00,1923.92,1925.01,1923.01,1924.50,true
2026-01-28 20:30:00,1924.43,1926.27,1923.78,1925.87,true
2026-01-28 21:00:00,1925.96,1929.64,1925.11,1926.25,true
2026-01-28 21:30:00,1926.44,1926.45,1926.42,1926.42,true
2026-01-28 22:00:00,1926.37,1927.33,1923.40,1924.67,true
2026-01-28 22:30:00,1924.73,1929.78,1923.78,1928.23,true
2026-01-28 23:00:00,1928.38,1930.97,1928.22,1930.20,true
2026-01-28 23:30:00,1930.14,1931.28,1930.03,1931.27,true
2026-01-29 01:00:00,1931.54,1932.66,1930.08,1932.03,true
2026-01-29 01:30:00,1931.91,1932.27,1930.71,1931.37,true
2026-01-29 02:00:00,1931.30,1931.78,1931.09,1931.64,true
2026-01-29 02:30:00,1931.58,1933.60,1931.38,1931.58,true
2026-01-29 03:00:00,1931.37,1932.16,1931.25,1932.16,true
2026-01-29 03:30:00,1932.15,1932.33,1932.15,1932.30,true
2026-01-29 04:00:00,1932.33,1933.39,1931.92,1932.63,true
2026-01-29 04:30:00,1932.56,1932.75,1932.18,1932.45,true
2026-01-29 05:00:00,1932.34,1934.35,1932.18,1933.64,true
2026-01-29 05:30:00,1933.64,1935.35,1933.22,1933.45,true
2026-01-29 06:00:00,1933.51,1934.23,1932.84,1932.92,true
2026-01-29 06:30:00,1932.92,1932.94,1931.68,1932.49,true
2026-01-29 07:00:00,1932.40,1933.01,1932.37,1933.01,true
2026-01-29 07:30:00,1932.98,1933.71,1932.55,1933.17,true
2026-01-29 08:00:00,1933.18,1933.99,1933.18,1933.73,true
2026-01-29 08:30:00,1933.64,1933.82,1933.60,1933.81,true
2026-01-29 09:00:00,1933.85,1934.21,1932.84,1933.68,true
2026-01-29 09:30:00,1933.67,1934.14,1932.19,1933.05,true
2026-01-29 10:00:00,1933.05,1933.34,1932.12,1932.18,true
2026-01-29 10:30:00,1932.16,1932.59,1932.12,1932.56,true
2026-01-29 11:00:00,1932.59,1932.59,1931.07,1931.07,true
2026-01-29 11:30:00,1931.19,1931.58,1930.29,1930.32,true
2026-01-29 12:00:00,1930.50,1932.52,1928.91,1931.05,true
2026-01-29 12:30:00,1930.98,1943.14,1923.74,1932.71,true
2026-01-29 13:00:00,1932.69,1932.69,1931.02,1931.03,true
2026-01-29 13:30:00,1930.89,1931.53,1930.60,1931.49,true
2026-01-29 14:00:00,1931.49,1931.50,1931.48,1931.50,true
2026-01-29 14:30:00,1931.51,1931.53,1931.51,1931.52,true
2026-01-29 15:00:00,1931.52,1933.01,1931.14,1932.55,true
2026-01-29 15:30:00,1932.59,1932.82,1929.94,1931.69,true
2026-01-29 16:00:00,1931.67,1932.49,1931.57,1932.49,true
2026-01-29 16:30:00,1932.53,1937.03,1928.00,1935.66,true
2026-01-29 17:00:00,1935.66,1938.05,1931.36,1934.17,true
2026-01-29 17:30:00,1934.18,1936.11,1932.92,1935.22,true
2026-01-29 18:00:00,1935.29,1938.88,1934.84,1938.17,true
2026-01-29 18:30:00,1938.40,1938.84,1931.90,1936.55,true
2026-01-29 19:00:00,1936.65,1937.34,1933.83,1935.40,true
2026-01-29 19:30:00,1935.58,1942.89,1935.57,1937.63,true
2026-01-29 20:00:00,1937.62,1938.23,1937.11,1937.11,true
2026-01-29 20:30:00,1937.36,1938.22,1937.18,1937.79,true
2026-01-29 21:00:00,1937.79,1939.22,1931.05,1938.35,true
2026-01-29 21:30:00,1938.28,1939.44,1937.44,1938.44,true
2026-01-29 22:00:00,1938.51,1938.59,1938.25,1938.42,true
2026-01-29 22:30:00,1938.42,1938.62,1937.53,1938.15,true
2026-01-29 23:00:00,1938.14,1938.21,1937.37,1937.49,true
2026-01-29 23:30:00,1937.54,1938.95,1937.16,1938.04,true
2026-01-30 01:00:00,1939.59,1942.06,1938.88,1941.23,true
2026-01-30 01:30:00,1941.38,1941.38,1940.91,1941.15,true
2026-01-30 02:00:00,1941.18,1941.30,1941.10,1941.22,true
2026-01-30 02:30:00,1941.31,1941.66,1940.95,1941.49,true
2026-01-30 03:00:00,1941.40,1941.76,1940.73,1940.84,true
2026-01-30 03:30:00,1939.84,1941.25,1938.94,1939.07,true
2026-01-30 04:00:00,1939.15,1940.35,1938.87,1940.03,true
2026-01-30 04:30:00,1939.98,1940.34,1939.95,1940.32,true
2026-01-30 05:00:00,1940.32,1940.43,1939.17,1939.83,true
2026-01-30 05:30:00,1939.89,1939.95,1939.59,1939.61,true
2026-01-30 06:00:00,1939.62,1942.42,1939.56,1940.03,true
2026-01-30 06:30:00,1940.01,1940.04,1938.77,1938.96,true
2026-01-30 07:00:00,1938.87,1938.87,1938.65,1938.78,true
2026-01-30 07:30:00,1938.75,1938.80,1937.91,1938.37,true
2026-01-30 08:00:00,1938.37,1939.76,1937.34,1937.39,true
2026-01-30 08:30:00,1937.60,1937.63,1937.57,1937.62,true
2026-01-30 09:00:00,1937.63,1937.76,1937.02,1937.05,true
2026-01-30 09:30:00,1937.20,1937.91,1936.04,1936.59,true
2026-01-30 10:00:00,1936.61,1937.83,1936.37,1937.41,true
2026-01-30 10:30:00,1937.43,1937.55,1934.59,1935.21,true
2026-01-30 11:00:00,1935.25,1935.33,1934.75,1934.90,true
2026-01-30 11:30:00,1934.92,1935.09,1933.68,1933.98,true
2026-01-30 12:00:00,1933.99,1934.62,1933.99,1934.49,true
2026-01-30 12:30:00,1934.46,1934.73,1934.35,1934.73,true
2026-01-30 13:00:00,1934.74,1935.79,1934.74,1935.28,true
2026-01-30 13:30:00,1935.21,1937.08,1933.92,1934.33,true
2026-01-30 14:00:00,1934.30,1934.35,1934.25,1934.35,true
2026-01-30 14:30:00,1934.34,1934.54,1934.32,1934.52,true
2026-01-30 15:00:00,1934.60,1934.89,1934.37,1934.77,true
2026-01-30 15:30:00,1934.81,1936.51,1934.47,1935.85,true
2026-01-30 16:00:00,1935.86,1935.94,1933.41,1934.09,true
2026-01-30 16:30:00,1934.08,1936.85,1934.08,1935.26,true
2026-01-30 17:00:00,1935.27,1937.83,1933.25,1934.04,true
2026-01-30 17:30:00,1934.02,1934.87,1932.73,1933.13,true
2026-01-30 18:00:00,1933.16,1933.71,1933.13,1933.50,true
2026-01-30 18:30:00,1933.50,1933.50,1924.01,1927.80,true
2026-01-30 19:00:00,1927.74,1928.99,1927.65,1928.76,true
2026-01-30 19:30:00,1928.74,1929.37,1926.66,1928.07,true
2026-01-30 20:00:00,1928.19,1928.63,1927.40,1927.90,true
2026-01-30 20:30:00,1927.88,1927.90,1927.54,1927.66,true
2026-01-30 21:00:00,1927.66,1929.63,1927.31,1927.37,true
2026-01-30 21:30:00,1927.47,1928.76,1924.84,1926.78,true
2026-01-30 22:00:00,1927.02,1927.21,1925.95,1926.30,true
2026-01-30 22:30:00,1926.24,1930.50,1925.94,1929.21,true
2026-01-30 23:00:00,1929.27,1929.62,1926.35,1926.62,true
2026-01-30 23:30:00,1926.62,1926.68,1925.43,1925.91,true
2026-02-02 01:00:00,1925.45,1925.57,1925.39,1925.42,true
2026-02-02 01:30:00,1925.41,1925.70,1925.39,1925.54,true
2026-02-02 02:00:00,1925.63,1925.63,1925.27,1925.32,true
2026-02-02 02:30:00,1925.32,1925.63,1925.07,1925.59,true
2026-02-02 03:00:00,1925.56,1925.65,1924.31,1924.60,true
2026-02-02 03:30:00,1924.77,1924.98,1924.74,1924.92,true
2026-02-02 04:00:00,1924.92,1924.99,1924.56,1924.74,true
2026-02-02 04:30:00,1924.80,1927.06,1924.76,1925.59,true
2026-02-02 05:00:00,1925.60,1926.29,1925.41,1925.77,true
2026-02-02 05:30:00,1925.74,1926.14,1924.24,1925.42,true
2026-02-02 06:00:00,1925.42,1926.88,1924.51,1925.70,true
2026-02-02 06:30:00,1925.69,1926.42,1925.69,1926.41,true
2026-02-02 07:00:00,1926.35,1926.42,1926.32,1926.32,true
2026-02-02 07:30:00,1926.32,1926.37,1926.32,1926.37,true
2026-02-02 08:00:00,1926.38,1926.93,1926.15,1926.38,true
2026-02-02 08:30:00,1926.29,1926.38,1925.02,1925.92,true
2026-02-02 09:00:00,1925.95,1926.38,1924.57,1926.26,true
2026-02-02 09:30:00,1926.26,1928.97,1923.70,1925.63,true
2026-02-02 10:00:00,1925.65,1926.08,1923.99,1924.84,true
2026-02-02 10:30:00,1924.78,1925.79,1924.42,1925.04,true
2026-02-02 11:00:00,1925.04,1925.27,1923.88,1924.58,true
2026-02-02 11:30:00,1924.61,1930.29,1905.70,1926.73,true
2026-02-02 12:00:00,1926.58,1926.71,1926.24,1926.43,true
2026-02-02 12:30:00,1926.48,1928.92,1925.80,1926.09,true
2026-02-02 13:00:00,1925.44,1926.94,1924.55,1926.74,true
2026-02-02 13:30:00,1926.85,1926.90,1926.80,1926.81,true
2026-02-02 14:00:00,1926.82,1927.15,1926.75,1926.95,true
2026-02-02 14:30:00,1926.92,1927.24,1926.74,1927.09,true
2026-02-02 15:00:00,1927.03,1927.21,1926.25,1926.29,true
2026-02-02 15:30:00,1926.26,1927.23,1926.08,1927.01,true
2026-02-02 16:00:00,1927.02,1927.13,1927.02,1927.11,true
2026-02-02 16:30:00,1926.98,1927.19,1926.19,1926.48,true
2026-02-02 17:00:00,1926.35,1926.36,1926.29,1926.30,true
2026-02-02 17:30:00,1926.30,1926.43,1925.82,1926.02,true
2026-02-02 18:00:00,1926.05,1926.94,1925.81,1926.88,true
2026-02-02 18:30:00,1926.64,1927.38,1925.49,1926.32,true
2026-02-02 19:00:00,1926.25,1926.26,1926.25,1926.26,true
2026-02-02 19:30:00,1926.25,1926.40,1925.70,1925.70,true
2026-02-02 20:00:00,1925.70,1926.35,1925.63,1926.01,true
2026-02-02 20:30:00,1926.01,1926.21,1925.97,1926.07,true
2026-02-02 21:00:00,1925.99,1927.20,1925.96,1926.65,true
2026-02-02 21:30:00,1926.68,1927.61,1923.31,1924.24,true
2026-02-02 22:00:00,1924.07,1924.14,1923.85,1923.96,true
2026-02-02 22:30:00,1923.95,1924.24,1923.91,1924.14,true
2026-02-02 23:00:00,1924.26,1924.68,1922.53,1923.29,true
2026-02-02 23:30:00,1923.23,1923.33,1923.16,1923.33,true
2026-02-03 01:00:00,1923.40,1923.67,1923.05,1923.28,true
2026-02-03 01:30:00,1923.26,1924.35,1922.64,1923.12,true
2026-02-03 02:00:00,1923.10,1923.48,1923.03,1923.39,true
2026-02-03 02:30:00,1923.37,1923.73,1923.25,1923.42,true
2026-02-03 03:00:00,1923.41,1923.43,1923.40,1923.43,true
2026-02-03 03:30:00,1923.50,1923.50,1923.48,1923.49,true
2026-02-03 04:00:00,1923.37,1927.33,1922.05,1923.68,true
2026-02-03 04:30:00,1923.71,1924.10,1923.45,1924.09,true
2026-02-03 05:00:00,1924.07,1926.95,1923.12,1924.74,true
2026-02-03 05:30:00,1924.63,1925.34,1924.39,1925.20,true
2026-02-03 06:00:00,1925.21,1925.56,1925.20,1925.50,true
2026-02-03 06:30:00,1925.52,1926.07,1925.00,1925.74,true
2026-02-03 07:00:00,1925.81,1926.14,1925.80,1926.06,true
2026-02-03 07:30:00,1926.07,1927.60,1925.00,1926.30,true
2026-02-03 08:00:00,1926.31,1926.39,1926.09,1926.34,true
2026-02-03 08:30:00,1926.30,1926.43,1926.30,1926.37,true
2026-02-03 09:00:00,1926.39,1926.89,1925.84,1926.58,true
2026-02-03 09:30:00,1926.58,1927.32,1925.35,1926.11,true
2026-02-03 10:00:00,1926.21,1927.41,1926.21,1927.09,true
2026-02-03 10:30:00,1927.08,1927.39,1926.90,1927.38,true
2026-02-03 11:00:00,1927.38,1927.90,1925.34,1926.88,true
2026-02-03 11:30:00,1926.81,1927.55,1926.56,1927.21,true
2026-02-03 12:00:00,1927.26,1929.98,1925.89,1929.69,true
2026-02-03 12:30:00,1929.70,1930.09,1929.62,1930.01,true
2026-02-03 13:00:00,1930.06,1930.35,1928.33,1929.91,true
2026-02-03 13:30:00,1930.00,1930.04,1929.60,1929.61,true
2026-02-03 14:00:00,1929.59,1929.70,1929.50,1929.53,true
2026-02-03 14:30:00,1929.51,1929.54,1929.11,1929.16,true
2026-02-03 15:00:00,1929.15,1929.53,1929.06,1929.38,true
2026-02-03 15:30:00,1929.37,1929.37,1929.31,1929.33,true
2026-02-03 16:00:00,1929.34,1929.74,1929.29,1929.64,true
2026-02-03 16:30:00,1929.61,1931.11,1929.61,1930.32,true
2026-02-03 17:00:00,1930.30,1930.40,1929.34,1929.36,true
2026-02-03 17:30:00,1929.36,1929.86,1928.33,1928.84,true
2026-02-03 18:00:00,1928.86,1929.09,1928.75,1929.01,true
2026-02-03 18:30:00,1929.05,1930.76,1928.49,1930.47,true
2026-02-03 19:00:00,1930.55,1932.95,1930.55,1932.12,true
2026-02-03 19:30:00,1932.09,1932.51,1931.80,1932.28,true
2026-02-03 20:00:00,1932.27,1932.42,1931.67,1932.00,true
2026-02-03 20:30:00,1932.00,1933.62,1931.96,1932.91,true
2026-02-03 21:00:00,1932.90,1933.06,1932.86,1933.05,true
2026-02-03 21:30:00,1933.03,1934.25,1933.01,1934.09,true
2026-02-03 22:00:00,1934.09,1934.36,1933.84,1933.86,true
2026-02-03 22:30:00,1933.83,1934.03,1933.25,1933.30,true
2026-02-03 23:00:00,1933.29,1935.15,1931.06,1932.60,true
2026-02-03 23:30:00,1932.61,1932.66,1932.59,1932.66,true
2026-02-04 01:00:00,1932.69,1934.03,1932.18,1933.64,true
2026-02-04 01:30:00,1933.62,1933.68,1933.41,1933.48,true
2026-02-04 02:00:00,1933.46,1933.75,1933.36,1933.59,true
2026-02-04 02:30:00,1933.56,1934.77,1933.51,1933.98,true
2026-02-04 03:00:00,1933.93,1934.25,1933.14,1933.56,true
2026-02-04 03:30:00,1933.60,1933.90,1933.26,1933.48,true
2026-02-04 04:00:00,1933.49,1933.50,1933.36,1933.45,true
2026-02-04 04:30:00,1933.43,1933.44,1932.69,1933.21,true
2026-02-04 05:00:00,1933.21,1934.14,1933.20,1933.94,true
2026-02-04 05:30:00,1933.93,1934.81,1933.71,1933.78,true
2026-02-04 06:00:00,1933.89,1933.90,1933.28,1933.61,true
2026-02-04 06:30:00,1933.64,1933.75,1932.48,1933.18,true
2026-02-04 07:00:00,1933.16,1933.25,1933.01,1933.25,true
2026-02-04 07:30:00,1933.24,1933.69,1932.93,1933.52,true
2026-02-04 08:00:00,1933.52,1936.27,1930.73,1933.11,true
2026-02-04 08:30:00,1933.12,1933.30,1932.76,1932.89,true
2026-02-04 09:00:00,1932.87,1933.48,1932.87,1933.29,true
2026-02-04 09:30:00,1933.26,1933.32,1933.25,1933.29,true
2026-02-04 10:00:00,1933.28,1934.84,1933.23,1934.29,true
2026-02-04 10:30:00,1934.28,1934.37,1933.67,1934.37,true
2026-02-04 11:00:00,1934.37,1934.83,1933.92,1934.65,true
2026-02-04 11:30:00,1934.68,1935.07,1934.31,1934.41,true
2026-02-04 12:00:00,1934.41,1934.86,1932.49,1933.45,true
2026-02-04 12:30:00,1933.53,1937.04,1929.69,1933.93,true
2026-02-04 13:00:00,1933.93,1936.45,1932.38,1934.39,true
2026-02-04 13:30:00,1934.39,1935.64,1934.39,1935.52,true
2026-02-04 14:00:00,1935.50,1935.95,1935.13,1935.50,true
2026-02-04 14:30:00,1935.43,1935.51,1935.42,1935.50,true
2026-02-04 15:00:00,1935.49,1937.56,1934.76,1935.73,true
2026-02-04 15:30:00,1935.86,1936.32,1934.08,1935.05,true
2026-02-04 16:00:00,1935.07,1936.73,1933.15,1936.11,true
2026-02-04 16:30:00,1936.08,1937.34,1935.06,1935.15,true
2026-02-04 17:00:00,1935.11,1935.11,1933.90,1934.00,true
2026-02-04 17:30:00,1934.02,1935.53,1933.22,1935.31,true
2026-02-04 18:00:00,1935.31,1938.21,1933.48,1936.03,true
2026-02-04 18:30:00,1936.02,1936.08,1935.92,1935.99,true
2026-02-04 19:00:00,1935.98,1937.14,1933.83,1936.27,true
2026-02-04 19:30:00,1936.10,1941.54,1934.81,1937.04,true
2026-02-04 20:00:00,1937.05,1938.53,1934.52,1937.63,true
2026-02-04 20:30:00,1937.60,1937.60,1930.36,1936.77,true
2026-02-04 21:00:00,1936.90,1937.04,1936.60,1936.68,true
2026-02-04 21:30:00,1936.63,1936.70,1935.94,1936.49,true
2026-02-04 22:00:00,1936.50,1938.73,1935.94,1935.94,true
2026-02-04 22:30:00,1935.84,1936.77,1935.77,1936.77,true
2026-02-04 23:00:00,1936.74,1936.85,1936.57,1936.63,true
2026-02-04 23:30:00,1936.75,1937.47,1931.73,1936.14,true
2026-02-05 01:00:00,1936.13,1936.21,1935.87,1935.93,true
2026-02-05 01:30:00,1935.99,1936.38,1935.81,1936.34,true
2026-02-05 02:00:00,1936.46,1937.03,1936.11,1936.85,true
2026-02-05 02:30:00,1936.99,1939.12,1936.24,1937.93,true
2026-02-05 03:00:00,1938.05,1938.05,1937.93,1937.96,true
2026-02-05 03:30:00,1937.93,1938.00,1937.50,1937.67,true
2026-02-05 04:00:00,1937.67,1938.24,1937.56,1938.00,true
2026-02-05 04:30:00,1938.02,1938.12,1937.46,1937.78,true
2026-02-05 05:00:00,1937.80,1938.41,1937.79,1938.32,true
2026-02-05 05:30:00,1938.46,1938.72,1938.43,1938.68,true
2026-02-05 06:00:00,1938.72,1938.89,1938.62,1938.86,true
2026-02-05 06:30:00,1938.88,1938.90,1938.80,1938.81,true
2026-02-05 07:00:00,1938.80,1939.02,1938.42,1938.64,true
2026-02-05 07:30:00,1938.70,1939.05,1938.69,1939.04,true
2026-02-05 08:00:00,1939.08,1939.16,1938.91,1938.96,true
2026-02-05 08:30:00,1938.97,1939.03,1938.97,1939.01,true
2026-02-05 09:00:00,1939.01,1939.81,1938.48,1939.57,true
2026-02-05 09:30:00,1939.53,1939.93,1938.97,1939.09,true
2026-02-05 10:00:00,1939.14,1941.58,1938.56,1939.90,true
2026-02-05 10:30:00,1939.88,1940.24,1939.71,1940.03,true
2026-02-05 11:00:00,1939.88,1939.97,1939.51,1939.61,true
2026-02-05 11:30:00,1939.61,1939.93,1939.54,1939.74,true
2026-02-05 12:00:00,1939.76,1939.84,1939.46,1939.50,true
2026-02-05 12:30:00,1939.49,1940.02,1938.28,1938.98,true
2026-02-05 13:00:00,1939.08,1939.74,1939.08,1939.47,true
2026-02-05 13:30:00,1939.47,1939.64,1937.17,1938.09,true
2026-02-05 14:00:00,1938.07,1938.45,1938.01,1938.43,true
2026-02-05 14:30:00,1938.47,1938.47,1936.99,1937.00,true
2026-02-05 15:00:00,1937.37,1938.87,1935.91,1936.86,true
2026-02-05 15:30:00,1936.86,1937.41,1936.76,1937.26,true
2026-02-05 16:00:00,1937.17,1941.47,1929.63,1935.63,true
2026-02-05 16:30:00,1935.64,1936.86,1935.58,1936.65,true
2026-02-05 17:00:00,1936.63,1937.67,1933.88,1935.73,true
2026-02-05 17:30:00,1935.77,1938.09,1934.16,1934.28,true
2026-02-05 18:00:00,1934.11,1934.13,1932.52,1932.96,true
2026-02-05 18:30:00,1932.95,1933.42,1932.95,1933.34,true
2026-02-05 19:00:00,1933.26,1933.76,1932.86,1933.00,true
2026-02-05 19:30:00,1933.04,1933.41,1931.47,1932.21,true
2026-02-05 20:00:00,1932.24,1934.22,1931.48,1932.56,true
2026-02-05 20:30:00,1932.55,1932.55,1932.51,1932.51,true
2026-02-05 21:00:00,1932.50,1932.89,1932.32,1932.85,true
2026-02-05 21:30:00,1932.85,1932.93,1932.55,1932.64,true
2026-02-05 22:00:00,1932.64,1932.90,1932.23,1932.31,true
2026-02-05 22:30:00,1932.33,1932.41,1932.28,1932.29,true
2026-02-05 23:00:00,1932.20,1932.22,1932.19,1932.22,true
2026-02-05 23:30:00,1932.21,1932.33,1932.14,1932.26,true
2026-02-06 00:00:00,1932.27,1932.33,1932.26,1932.33,true
2026-02-06 00:30:00,1933.17,1933.18,1933.17,1933.18,true
2026-02-06 02:00:00,1933.26,1934.50,1931.03,1933.90,true
2026-02-06 02:30:00,1933.91,1936.78,1932.35,1934.85,true
2026-02-06 03:00:00,1934.84,1937.43,1934.73,1936.67,true
2026-02-06 03:30:00,1936.73,1936.92,1936.73,1936.82,true
2026-02-06 04:00:00,1936.73,1940.04,1931.41,1935.26,true
2026-02-06 04:30:00,1935.25,1935.50,1935.10,1935.14,true
2026-02-06 05:00:00,1935.20,1935.62,1935.10,1935.57,true
2026-02-06 05:30:00,1935.57,1935.57,1932.44,1934.29,true
2026-02-06 06:00:00,1934.31,1934.72,1934.31,1934.47,true
2026-02-06 06:30:00,1934.49,1934.61,1933.56,1933.89,true
2026-02-06 07:00:00,1933.99,1934.26,1932.98,1934.08,true
2026-02-06 07:30:00,1933.93,1934.29,1933.86,1934.20,true
2026-02-06 08:00:00,1934.24,1936.77,1932.51,1934.47,true
2026-02-06 08:30:00,1934.49,1936.41,1931.16,1934.04,true
2026-02-06 09:00:00,1934.01,1935.18,1932.83,1934.46,true
2026-02-06 09:30:00,1934.43,1937.30,1933.34,1935.13,true
2026-02-06 10:00:00,1935.14,1935.53,1934.95,1935.42,true
2026-02-06 10:30:00,1935.46,1935.88,1935.33,1935.78,true
2026-02-06 11:00:00,1935.78,1936.39,1935.41,1935.78,true
2026-02-06 11:30:00,1935.76,1935.80,1935.67,1935.74,true
2026-02-06 12:00:00,1935.73,1935.81,1934.61,1935.29,true
2026-02-06 12:30:00,1935.33,1935.79,1934.26,1934.31,true
2026-02-06 13:00:00,1934.37,1935.42,1934.26,1935.16,true
2026-02-06 13:30:00,1935.17,1935.66,1933.77,1933.79,true
2026-02-06 14:00:00,1933.79,1933.97,1932.19,1933.16,true
2026-02-06 14:30:00,1933.16,1933.25,1933.08,1933.21,true
2026-02-06 15:00:00,1933.37,1933.67,1932.82,1933.15,true
2026-02-06 15:30:00,1933.15,1933.54,1932.65,1932.95,true
2026-02-06 16:00:00,1932.95,1934.02,1932.82,1933.69,true
2026-02-06 16:30:00,1933.44,1934.93,1932.32,1933.80,true
2026-02-06 17:00:00,1933.78,1933.96,1933.22,1933.56,true
2026-02-06 17:30:00,1933.50,1939.94,1931.35,1934.77,true
2026-02-06 18:00:00,1934.76,1934.88,1933.86,1934.51,true
2026-02-06 18:30:00,1934.42,1934.67,1934.16,1934.21,true
2026-02-06 19:00:00,1934.21,1935.37,1933.10,1934.71,true
2026-02-06 19:30:00,1934.69,1936.06,1934.26,1936.04,true
2026-02-06 20:00:00,1936.03,1936.03,1935.95,1935.98,true
2026-02-06 20:30:00,1935.97,1936.17,1935.96,1936.05,true
2026-02-06 21:00:00,1936.03,1936.27,1934.36,1934.84,true
2026-02-06 21:30:00,1934.88,1935.21,1934.17,1934.56,true
2026-02-06 22:00:00,1934.56,1934.60,1933.90,1934.08,true
2026-02-06 22:30:00,1934.07,1934.76,1934.07,1934.64,true
2026-02-06 23:00:00,1934.71,1935.14,1934.64,1934.94,true
2026-02-06 23:30:00,1934.86,1935.00,1934.77,1935.00,true
2026-02-09 01:00:00,1935.33,1935.68,1934.85,1934.91,true
2026-02-09 01:30:00,1934.91,1935.29,1934.73,1935.14,true
2026-02-09 02:00:00,1935.15,1935.15,1933.80,1934.02,true
2026-02-09 02:30:00,1934.00,1934.41,1933.49,1933.72,true
2026-02-09 03:00:00,1933.73,1934.01,1933.65,1933.97,true
2026-02-09 03:30:00,1934.01,1934.07,1933.93,1933.96,true
2026-02-09 04:00:00,1934.02,1934.25,1933.43,1933.43,true
2026-02-09 04:30:00,1933.47,1933.76,1933.03,1933.25,true
2026-02-09 05:00:00,1933.25,1933.80,1933.08,1933.50,true
2026-02-09 05:30:00,1933.53,1933.59,1933.46,1933.49,true
2026-02-09 06:00:00,1933.46,1933.52,1933.45,1933.49,true
2026-02-09 06:30:00,1933.50,1934.28,1933.50,1933.91,true
2026-02-09 07:00:00,1933.91,1934.01,1933.17,1933.33,true
2026-02-09 07:30:00,1933.30,1933.35,1933.29,1933.32,true
2026-02-09 08:00:00,1933.34,1933.72,1933.20,1933.56,true
2026-02-09 08:30:00,1933.49,1934.34,1933.30,1934.08,true
2026-02-09 09:00:00,1934.07,1935.34,1932.98,1933.48,true
2026-02-09 09:30:00,1933.45,1933.57,1933.45,1933.53,true
2026-02-09 10:00:00,1933.48,1933.58,1932.39,1933.00,true
2026-02-09 10:30:00,1933.01,1933.12,1930.65,1931.39,true
2026-02-09 11:00:00,1931.34,1931.58,1931.31,1931.44,true
2026-02-09 11:30:00,1931.44,1932.11,1931.41,1932.00,true
2026-02-09 12:00:00,1931.99,1932.33,1931.40,1931.61,true
2026-02-09 12:30:00,1931.60,1933.55,1931.06,1932.74,true
2026-02-09 13:00:00,1932.74,1933.56,1932.60,1932.89,true
2026-02-09 13:30:00,1932.89,1933.17,1931.08,1932.02,true
2026-02-09 14:00:00,1931.97,1932.13,1931.79,1931.86,true
2026-02-09 14:30:00,1931.80,1931.98,1931.72,1931.96,true
2026-02-09 15:00:00,1931.96,1932.56,1931.88,1932.45,true
2026-02-09 15:30:00,1932.44,1932.55,1932.08,1932.31,true
2026-02-09 16:00:00,1932.31,1932.73,1932.29,1932.71,true
2026-02-09 16:30:00,1932.61,1933.36,1932.20,1933.32,true
2026-02-09 17:00:00,1933.30,1933.75,1932.04,1932.07,true
2026-02-09 17:30:00,1932.09,1932.14,1931.60,1931.71,true
2026-02-09 18:00:00,1931.71,1931.84,1931.71,1931.82,true
2026-02-09 18:30:00,1931.79,1936.50,1929.64,1933.50,true
2026-02-09 19:00:00,1933.46,1934.14,1933.46,1934.09,true
2026-02-09 19:30:00,1934.07,1939.57,1926.45,1932.71,true
2026-02-09 20:00:00,1932.73,1933.03,1932.44,1933.01,true
2026-02-09 20:30:00,1933.06,1933.57,1932.10,1933.36,true
2026-02-09 21:00:00,1933.37,1933.46,1933.24,1933.30,true
2026-02-09 21:30:00,1933.33,1933.37,1933.33,1933.36,true
2026-02-09 22:00:00,1933.27,1933.34,1933.27,1933.33,true
2026-02-09 22:30:00,1933.37,1934.63,1932.09,1932.76,true
2026-02-09 23:00:00,1932.68,1932.73,1932.63,1932.71,true
2026-02-09 23:30:00,1932.70,1932.70,1931.97,1932.25,true
2026-02-10 01:00:00,1932.23,1932.39,1930.56,1931.25,true
2026-02-10 01:30:00,1931.48,1931.86,1931.43,1931.65,true
2026-02-10 02:00:00,1931.73,1932.91,1931.16,1932.35,true
2026-02-10 02:30:00,1932.33,1932.35,1932.26,1932.34,true
2026-02-10 03:00:00,1932.18,1932.27,1932.07,1932.12,true
2026-02-10 03:30:00,1932.11,1932.13,1931.79,1931.90,true
2026-02-10 04:00:00,1931.91,1932.01,1931.66,1931.74,true
2026-02-10 04:30:00,1931.72,1934.98,1928.95,1931.22,true
2026-02-10 05:00:00,1931.21,1931.55,1930.82,1931.45,true
2026-02-10 05:30:00,1931.47,1931.49,1931.47,1931.48,true
2026-02-10 06:00:00,1931.47,1932.24,1930.84,1932.13,true
2026-02-10 06:30:00,1932.12,1933.81,1930.10,1932.38,true
2026-02-10 07:00:00,1932.39,1933.76,1932.04,1932.68,true
2026-02-10 07:30:00,1932.67,1933.41,1932.60,1933.15,true
2026-02-10 08:00:00,1933.11,1933.33,1932.81,1933.22,true
2026-02-10 08:30:00,1933.25,1934.05,1933.25,1933.87,true
2026-02-10 09:00:00,1933.84,1933.87,1933.53,1933.70,true
2026-02-10 09:30:00,1933.69,1933.77,1933.69,1933.70,true
2026-02-10 10:00:00,1933.65,1933.78,1931.96,1932.43,true
2026-02-10 10:30:00,1932.44,1934.58,1931.56,1931.93,true
2026-02-10 11:00:00,1931.87,1936.64,1931.73,1933.32,true
2026-02-10 11:30:00,1933.31,1934.69,1932.34,1933.98,true
2026-02-10 12:00:00,1933.95,1934.38,1932.41,1932.41,true
2026-02-10 12:30:00,1932.45,1932.96,1932.40,1932.84,true
2026-02-10 13:00:00,1932.65,1933.00,1931.46,1931.89,true
2026-02-10 13:30:00,1931.45,1931.94,1930.63,1930.81,true
2026-02-10 14:00:00,1930.80,1930.81,1929.93,1929.96,true
2026-02-10 14:30:00,1929.97,1930.05,1929.86,1929.86,true
2026-02-10 15:00:00,1929.85,1930.09,1929.76,1929.95,true
2026-02-10 15:30:00,1929.95,1930.07,1929.95,1930.07,true
2026-02-10 16:00:00,1930.08,1931.27,1929.12,1929.58,true
2026-02-10 16:30:00,1929.57,1934.96,1926.72,1931.71,true
2026-02-10 17:00:00,1931.76,1933.38,1929.99,1932.73,true
2026-02-10 17:30:00,1932.72,1943.63,1928.47,1933.79,true
2026-02-10 18:00:00,1933.78,1934.60,1931.28,1931.87,true
2026-02-10 18:30:00,1931.76,1933.65,1929.68,1932.07,true
2026-02-10 19:00:00,1932.06,1932.09,1929.76,1930.15,true
2026-02-10 19:30:00,1930.14,1930.16,1930.11,1930.15,true
2026-02-10 20:00:00,1930.19,1930.23,1929.60,1929.64,true
2026-02-10 20:30:00,1929.66,1930.49,1929.11,1929.50,true
2026-02-10 21:00:00,1929.46,1929.70,1925.64,1927.70,true
2026-02-10 21:30:00,1927.72,1929.39,1927.70,1929.39,true
2026-02-10 22:00:00,1929.28,1929.74,1922.87,1928.76,true
2026-02-10 22:30:00,1928.74,1932.36,1928.67,1929.77,true
2026-02-10 23:00:00,1929.76,1930.37,1929.49,1929.59,true
2026-02-10 23:30:00,1929.65,1929.65,1928.63,1928.97,true
2026-02-11 00:00:00,1928.82,1930.66,1928.28,1929.68,true
2026-02-11 00:30:00,1929.59,1929.69,1929.37,1929.66,true
2026-02-11 02:00:00,1930.24,1930.92,1930.18,1930.69,true
2026-02-11 02:30:00,1930.64,1931.18,1930.46,1930.84,true
2026-02-11 03:00:00,1930.90,1931.11,1930.54,1930.56,true
2026-02-11 03:30:00,1930.58,1930.65,1930.32,1930.45,true
2026-02-11 04:00:00,1930.43,1933.66,1928.15,1931.00,true
2026-02-11 04:30:00,1931.00,1931.19,1930.95,1930.97,true
2026-02-11 05:00:00,1930.89,1930.96,1930.73,1930.82,true
2026-02-11 05:30:00,1930.89,1930.90,1930.35,1930.67,true
2026-02-11 06:00:00,1930.64,1930.65,1930.56,1930.57,true
2026-02-11 06:30:00,1930.59,1930.81,1930.54,1930.79,true
2026-02-11 07:00:00,1930.67,1930.82,1930.63,1930.80,true
2026-02-11 07:30:00,1930.78,1931.49,1930.70,1931.20,true
2026-02-11 08:00:00,1931.20,1931.26,1931.16,1931.22,true
2026-02-11 08:30:00,1930.82,1930.82,1930.01,1930.59,true
2026-02-11 09:00:00,1930.59,1931.18,1930.51,1931.10,true
2026-02-11 09:30:00,1931.08,1931.99,1931.08,1931.64,true
2026-02-11 10:00:00,1931.64,1932.06,1929.37,1929.92,true
2026-02-11 10:30:00,1929.92,1930.62,1929.85,1930.56,true
2026-02-11 11:00:00,1930.65,1933.89,1928.72,1932.19,true
2026-02-11 11:30:00,1932.20,1933.13,1931.82,1932.77,true
2026-02-11 12:00:00,1932.77,1932.79,1932.73,1932.74,true
2026-02-11 12:30:00,1932.76,1935.23,1931.49,1932.28,true
2026-02-11 13:00:00,1932.29,1932.97,1932.29,1932.92,true
2026-02-11 13:30:00,1932.90,1932.95,1932.79,1932.84,true
2026-02-11 14:00:00,1932.81,1932.99,1932.76,1932.98,true
2026-02-11 14:30:00,1933.10,1933.13,1931.43,1932.40,true
2026-02-11 15:00:00,1932.39,1932.61,1932.34,1932.57,true
2026-02-11 15:30:00,1932.55,1934.02,1932.48,1933.30,true
2026-02-11 16:00:00,1933.39,1933.96,1933.14,1933.64,true
2026-02-11 16:30:00,1933.76,1934.47,1932.60,1933.93,true
2026-02-11 17:00:00,1933.93,1936.48,1933.17,1934.32,true
2026-02-11 17:30:00,1934.29,1934.29,1933.97,1934.15,true
2026-02-11 18:00:00,1934.15,1934.75,1934.08,1934.44,true
2026-02-11 18:30:00,1934.45,1935.30,1934.19,1934.94,true
2026-02-11 19:00:00,1935.01,1936.79,1935.01,1936.37,true
2026-02-11 19:30:00,1936.38,1936.67,1936.24,1936.38,true
2026-02-11 20:00:00,1936.38,1936.57,1934.91,1935.29,true
2026-02-11 20:30:00,1935.31,1935.33,1934.85,1935.31,true
2026-02-11 21:00:00,1935.31,1935.45,1935.15,1935.20,true
2026-02-11 21:30:00,1935.20,1936.13,1934.82,1935.78,true
2026-02-11 22:00:00,1935.76,1936.65,1934.59,1936.07,true
2026-02-11 22:30:00,1936.08,1936.98,1935.72,1936.67,true
2026-02-11 23:00:00,1936.67,1937.13,1935.80,1936.16,true
2026-02-11 23:30:00,1936.15,1936.29,1936.15,1936.24,true
2026-02-12 01:00:00,1936.22,1936.24,1936.05,1936.13,true
2026-02-12 01:30:00,1936.12,1936.37,1935.74,1935.75,true
2026-02-12 02:00:00,1935.76,1936.17,1928.97,1934.13,true
2026-02-12 02:30:00,1934.14,1934.17,1933.95,1934.00,true
2026-02-12 03:00:00,1934.58,1935.17,1934.51,1935.09,true
2026-02-12 03:30:00,1935.09,1935.94,1935.03,1935.86,true
2026-02-12 04:00:00,1935.85,1936.48,1935.78,1936.26,true
2026-02-12 04:30:00,1936.26,1936.67,1935.85,1936.08,true
2026-02-12 05:00:00,1936.08,1937.32,1933.91,1936.36,true
2026-02-12 05:30:00,1936.37,1936.78,1933.17,1935.73,true
2026-02-12 06:00:00,1935.74,1936.89,1933.64,1935.46,true
2026-02-12 06:30:00,1935.39,1935.44,1934.56,1934.75,true
2026-02-12 07:00:00,1934.74,1934.92,1933.30,1933.42,true
2026-02-12 07:30:00,1933.43,1933.58,1933.23,1933.55,true
2026-02-12 08:00:00,1933.52,1934.21,1933.33,1934.21,true
2026-02-12 08:30:00,1934.16,1935.24,1934.01,1934.98,true
2026-02-12 09:00:00,1934.96,1935.07,1934.87,1934.90,true
2026-02-12 09:30:00,1934.99,1935.89,1934.69,1935.53,true
2026-02-12 10:00:00,1935.59,1935.63,1935.47,1935.50,true
2026-02-12 10:30:00,1935.49,1937.35,1933.09,1936.16,true
2026-02-12 11:00:00,1936.16,1937.77,1933.03,1936.63,true
2026-02-12 11:30:00,1936.55,1938.39,1936.51,1936.97,true
2026-02-12 12:00:00,1936.97,1937.40,1936.75,1937.14,true
2026-02-12 12:30:00,1937.12,1937.51,1935.32,1936.77,true
2026-02-12 13:00:00,1936.75,1936.78,1936.65,1936.66,true
2026-02-12 13:30:00,1936.66,1936.66,1936.59,1936.61,true
2026-02-12 14:00:00,1936.59,1937.84,1934.62,1937.31,true
2026-02-12 14:30:00,1937.29,1937.45,1937.10,1937.14,true
2026-02-12 15:00:00,1937.38,1937.75,1937.37,1937.71,true
2026-02-12 15:30:00,1937.80,1937.80,1937.69,1937.71,true
2026-02-12 16:00:00,1937.73,1937.88,1936.60,1936.83,true
2026-02-12 16:30:00,1936.83,1936.88,1936.68,1936.71,true
2026-02-12 17:00:00,1936.73,1937.57,1936.47,1936.98,true
2026-02-12 17:30:00,1936.98,1937.97,1932.72,1933.24,true
2026-02-12 18:00:00,1933.23,1934.23,1929.09,1929.67,true
2026-02-12 18:30:00,1929.66,1930.49,1929.62,1930.38,true
2026-02-12 19:00:00,1930.41,1930.43,1930.36,1930.36,true
2026-02-12 19:30:00,1930.37,1930.97,1930.20,1930.92,true
2026-02-12 20:00:00,1930.93,1931.05,1930.91,1931.03,true
2026-02-12 20:30:00,1930.93,1931.19,1930.58,1931.18,true
2026-02-12 21:00:00,1931.20,1932.35,1930.70,1931.72,true
2026-02-12 21:30:00,1931.72,1931.72,1931.54,1931.56,true
2026-02-12 22:00:00,1931.55,1931.87,1931.50,1931.62,true
2026-02-12 22:30:00,1931.62,1931.67,1931.59,1931.65,true
2026-02-12 23:00:00,1931.66,1933.37,1930.76,1932.51,true
2026-02-12 23:30:00,1932.51,1933.21,1932.43,1932.90,true
2026-02-13 01:00:00,1929.74,1930.71,1929.56,1930.50,true
2026-02-13 01:30:00,1930.53,1930.62,1930.46,1930.56,true
2026-02-13 02:00:00,1930.55,1930.69,1930.41,1930.58,true
2026-02-13 02:30:00,1930.57,1930.67,1930.40,1930.44,true
2026-02-13 03:00:00,1930.52,1932.89,1930.14,1931.27,true
2026-02-13 03:30:00,1931.27,1932.32,1931.17,1932.10,true
2026-02-13 04:00:00,1932.12,1933.69,1931.84,1933.13,true
2026-02-13 04:30:00,1933.17,1933.91,1932.51,1932.53,true
2026-02-13 05:00:00,1932.58,1934.09,1932.45,1934.05,true
2026-02-13 05:30:00,1934.05,1934.63,1933.93,1934.46,true
2026-02-13 06:00:00,1934.47,1934.52,1934.47,1934.49,true
2026-02-13 06:30:00,1934.47,1935.06,1934.34,1934.73,true
2026-02-13 07:00:00,1934.73,1936.14,1933.93,1935.33,true
2026-02-13 07:30:00,1935.40,1935.46,1934.86,1934.93,true
2026-02-13 08:00:00,1934.92,1935.74,1934.85,1935.46,true
2026-02-13 08:30:00,1935.44,1936.57,1934.54,1935.80,true
2026-02-13 09:00:00,1935.88,1936.70,1935.24,1935.27,true
2026-02-13 09:30:00,1935.47,1937.44,1934.26,1936.19,true
2026-02-13 10:00:00,1936.19,1936.71,1934.55,1934.91,true
2026-02-13 10:30:00,1935.11,1935.23,1935.04,1935.04,true
2026-02-13 11:00:00,1935.03,1935.08,1934.50,1934.78,true
2026-02-13 11:30:00,1934.78,1935.25,1930.59,1931.56,true
2026-02-13 12:00:00,1931.59,1932.41,1931.27,1932.21,true
2026-02-13 12:30:00,1932.21,1934.27,1928.49,1929.39,true
2026-02-13 13:00:00,1929.39,1929.67,1929.23,1929.61,true
2026-02-13 13:30:00,1929.68,1930.53,1928.61,1930.17,true
2026-02-13 14:00:00,1930.20,1930.22,1930.05,1930.09,true
2026-02-13 14:30:00,1930.08,1930.23,1929.99,1930.18,true
2026-02-13 15:00:00,1930.16,1930.16,1929.85,1929.94,true
2026-02-13 15:30:00,1929.89,1930.09,1929.70,1929.99,true
2026-02-13 16:00:00,1929.98,1930.20,1929.66,1929.66,true
2026-02-13 16:30:00,1929.54,1932.04,1929.53,1930.99,true
2026-02-13 17:00:00,1931.01,1931.34,1930.86,1930.97,true
2026-02-13 17:30:00,1930.96,1931.16,1930.62,1930.82,true
2026-02-13 18:00:00,1930.85,1931.27,1930.80,1931.23,true
2026-02-13 18:30:00,1931.21,1931.25,1930.50,1930.57,true
2026-02-13 19:00:00,1930.57,1931.01,1929.40,1930.06,true
2026-02-13 19:30:00,1930.10,1930.53,1929.93,1930.38,true
2026-02-13 20:00:00,1930.33,1930.78,1929.36,1929.96,true
2026-02-13 20:30:00,1929.85,1930.52,1929.78,1930.52,true
2026-02-13 21:00:00,1930.55,1930.84,1929.47,1929.82,true
2026-02-13 21:30:00,1929.82,1931.05,1929.81,1930.96,true
2026-02-13 22:00:00,1930.94,1931.10,1929.61,1929.86,true
2026-02-13 22:30:00,1929.84,1929.87,1929.84,1929.86,true
2026-02-13 23:00:00,1929.86,1931.05,1929.68,1930.80,true
2026-02-13 23:30:00,1930.76,1930.77,1930.49,1930.60,true
2026-02-16 00:30:00,1930.97,1931.09,1930.82,1931.08,true
2026-02-16 01:00:00,1931.05,1931.13,1930.95,1931.13,true
2026-02-16 01:30:00,1931.15,1931.27,1931.00,1931.02,true
2026-02-16 02:00:00,1931.00,1931.12,1930.68,1930.97,true
2026-02-16 02:30:00,1930.96,1931.71,1930.68,1931.56,true
2026-02-16 03:00:00,1931.56,1931.76,1931.44,1931.66,true
2026-02-16 03:30:00,1931.64,1931.83,1931.60,1931.78,true
2026-02-16 04:00:00,1931.74,1931.77,1931.41,1931.43,true
2026-02-16 04:30:00,1931.43,1931.96,1931.43,1931.68,true
2026-02-16 05:00:00,1931.63,1932.68,1931.08,1932.05,true
2026-02-16 05:30:00,1932.05,1932.08,1932.01,1932.07,true
2026-02-16 06:00:00,1932.17,1932.86,1931.48,1931.80,true
2026-02-16 06:30:00,1931.81,1931.92,1931.08,1931.61,true
2026-02-16 07:00:00,1932.12,1932.59,1931.90,1932.36,true
2026-02-16 07:30:00,1932.37,1934.00,1931.71,1931.72,true
2026-02-16 08:00:00,1931.75,1931.76,1931.52,1931.63,true
2026-02-16 08:30:00,1931.73,1931.77,1931.66,1931.66,true
2026-02-16 09:00:00,1931.64,1932.30,1931.47,1932.22,true
2026-02-16 09:30:00,1932.24,1932.25,1932.22,1932.22,true
2026-02-16 10:00:00,1932.23,1932.58,1932.16,1932.38,true
2026-02-16 10:30:00,1932.38,1932.64,1932.25,1932.56,true
2026-02-16 11:00:00,1932.54,1932.62,1932.37,1932.39,true
2026-02-16 11:30:00,1932.41,1932.50,1932.20,1932.22,true
2026-02-16 12:00:00,1932.21,1932.36,1931.78,1931.81,true
2026-02-16 12:30:00,1931.76,1931.82,1931.48,1931.56,true
2026-02-16 13:00:00,1931.59,1931.81,1931.24,1931.38,true
2026-02-16 13:30:00,1931.38,1931.39,1930.74,1931.30,true
2026-02-16 14:00:00,1931.30,1931.35,1931.15,1931.23,true
2026-02-16 14:30:00,1931.24,1931.49,1931.24,1931.46,true
2026-02-16 15:00:00,1931.46,1931.84,1931.26,1931.82,true
2026-02-16 15:30:00,1931.82,1932.31,1931.37,1931.94,true
2026-02-16 16:00:00,1931.93,1933.05,1931.52,1931.66,true
2026-02-16 16:30:00,1931.67,1934.01,1930.58,1931.44,true
2026-02-16 17:00:00,1931.46,1932.85,1928.74,1930.24,true
2026-02-16 17:30:00,1930.22,1930.27,1930.19,1930.26,true
2026-02-16 18:00:00,1930.27,1930.39,1929.60,1930.00,true
2026-02-16 18:30:00,1930.02,1930.39,1929.93,1930.26,true
2026-02-16 19:00:00,1930.26,1932.08,1929.87,1930.08,true
2026-02-16 19:30:00,1930.07,1930.07,1929.65,1929.75,true
2026-02-16 20:00:00,1929.76,1930.97,1928.90,1930.06,true
2026-02-16 20:30:00,1930.07,1930.09,1930.04,1930.04,true
2026-02-16 21:00:00,1930.05,1930.59,1929.97,1930.24,true
2026-02-16 21:30:00,1930.27,1931.60,1929.89,1929.95,true
2026-02-16 22:00:00,1929.95,1931.34,1926.99,1929.10,true
2026-02-16 22:30:00,1929.09,1930.18,1929.09,1930.02,true
2026-02-16 23:00:00,1929.96,1930.96,1929.60,1930.88,true
2026-02-16 23:30:00,1930.88,1931.03,1930.79,1931.01,true
2026-02-17 00:00:00,1930.96,1930.98,1930.96,1930.97,true
2026-02-17 00:30:00,1931.63,1932.09,1931.43,1932.04,true
2026-02-17 02:00:00,1932.03,1934.23,1929.39,1931.44,true
2026-02-17 02:30:00,1931.43,1931.91,1931.11,1931.87,true
2026-02-17 03:00:00,1931.86,1932.06,1931.71,1931.72,true
2026-02-17 03:30:00,1931.72,1932.06,1931.17,1931.62,true
2026-02-17 04:00:00,1931.59,1932.09,1931.57,1931.96,true
2026-02-17 04:30:00,1932.03,1932.05,1931.79,1931.86,true
2026-02-17 05:00:00,1931.86,1932.66,1931.21,1932.12,true
2026-02-17 05:30:00,1932.05,1932.30,1931.95,1932.26,true
2026-02-17 06:00:00,1932.27,1932.30,1932.11,1932.16,true
2026-02-17 06:30:00,1932.16,1932.32,1932.14,1932.22,true
2026-02-17 07:00:00,1932.25,1932.53,1932.06,1932.45,true
2026-02-17 07:30:00,1932.51,1932.55,1932.49,1932.54,true
2026-02-17 08:00:00,1932.53,1932.90,1932.50,1932.89,true
2026-02-17 08:30:00,1932.91,1933.10,1932.56,1932.76,true
2026-02-17 09:00:00,1932.76,1932.88,1932.61,1932.78,true
2026-02-17 09:30:00,1932.74,1932.83,1932.45,1932.49,true
2026-02-17 10:00:00,1932.51,1932.62,1932.05,1932.22,true
2026-02-17 10:30:00,1932.16,1932.51,1932.15,1932.35,true
2026-02-17 11:00:00,1932.35,1933.11,1931.61,1932.89,true
2026-02-17 11:30:00,1932.99,1933.98,1931.85,1932.29,true
2026-02-17 12:00:00,1932.29,1932.75,1931.54,1931.78,true
2026-02-17 12:30:00,1931.79,1932.04,1931.66,1931.97,true
2026-02-17 13:00:00,1931.99,1931.99,1931.77,1931.86,true
2026-02-17 13:30:00,1931.86,1932.20,1931.76,1932.03,true
2026-02-17 14:00:00,1932.02,1932.39,1931.79,1932.21,true
2026-02-17 14:30:00,1932.21,1932.66,1932.13,1932.66,true
2026-02-17 15:00:00,1932.68,1932.77,1932.59,1932.73,true
2026-02-17 15:30:00,1932.82,1933.83,1932.11,1932.98,true
2026-02-17 16:00:00,1932.99,1933.24,1930.96,1931.00,true
2026-02-17 16:30:00,1930.99,1931.07,1930.72,1930.78,true
2026-02-17 17:00:00,1930.77,1931.14,1930.74,1931.01,true
2026-02-17 17:30:00,1931.01,1932.42,1930.20,1932.29,true
2026-02-17 18:00:00,1932.33,1932.70,1930.96,1931.59,true
2026-02-17 18:30:00,1931.57,1932.07,1931.02,1931.79,true
2026-02-17 19:00:00,1931.73,1931.91,1931.26,1931.55,true
2026-02-17 19:30:00,1931.57,1931.60,1931.27,1931.40,true
2026-02-17 20:00:00,1931.40,1931.60,1931.28,1931.33,true
2026-02-17 20:30:00,1931.33,1931.36,1931.12,1931.28,true
2026-02-17 21:00:00,1931.27,1931.31,1931.08,1931.16,true
2026-02-17 21:30:00,1931.10,1931.13,1930.98,1931.02,true
2026-02-17 22:00:00,1931.02,1931.03,1930.86,1930.92,true
2026-02-17 22:30:00,1930.91,1932.18,1929.91,1931.56,true
2026-02-17 23:00:00,1931.55,1931.79,1930.64,1931.12,true
2026-02-17 23:30:00,1931.11,1931.55,1930.73,1931.17,true
2026-02-18 01:00:00,1931.41,1931.48,1931.29,1931.37,true
2026-02-18 01:30:00,1931.39,1931.39,1931.26,1931.29,true
2026-02-18 02:00:00,1931.30,1931.36,1931.30,1931.35,true
2026-02-18 02:30:00,1931.07,1931.17,1930.85,1930.93,true
2026-02-18 03:00:00,1930.94,1931.12,1930.75,1931.09,true
2026-02-18 03:30:00,1931.10,1931.17,1930.99,1931.04,true
2026-02-18 04:00:00,1930.99,1931.45,1929.07,1929.25,true
2026-02-18 04:30:00,1929.25,1930.44,1928.34,1929.60,true
2026-02-18 05:00:00,1929.51,1929.55,1928.95,1929.41,true
2026-02-18 05:30:00,1929.17,1930.33,1928.25,1928.48,true
2026-02-18 06:00:00,1928.49,1928.55,1928.45,1928.46,true
2026-02-18 06:30:00,1928.48,1928.50,1927.97,1928.42,true
2026-02-18 07:00:00,1928.42,1928.77,1928.30,1928.67,true
2026-02-18 07:30:00,1928.64,1928.97,1928.53,1928.89,true
2026-02-18 08:00:00,1928.89,1929.21,1928.57,1929.01,true
2026-02-18 08:30:00,1929.01,1929.05,1928.75,1928.82,true
2026-02-18 09:00:00,1928.75,1929.12,1927.71,1928.06,true
2026-02-18 09:30:00,1928.07,1929.25,1927.30,1928.86,true
2026-02-18 10:00:00,1928.87,1930.85,1928.31,1929.80,true
2026-02-18 10:30:00,1929.80,1938.46,1922.95,1928.97,true
2026-02-18 11:00:00,1928.96,1929.31,1928.80,1929.10,true
2026-02-18 11:30:00,1929.11,1929.14,1928.61,1928.63,true
2026-02-18 12:00:00,1928.62,1931.74,1926.88,1928.07,true
2026-02-18 12:30:00,1928.04,1928.11,1927.97,1927.97,true
2026-02-18 13:00:00,1927.97,1928.35,1927.67,1928.29,true
2026-02-18 13:30:00,1928.41,1928.43,1928.31,1928.37,true
2026-02-18 14:00:00,1928.46,1928.53,1928.26,1928.32,true
2026-02-18 14:30:00,1928.33,1928.33,1928.29,1928.31,true
2026-02-18 15:00:00,1928.31,1928.32,1928.07,1928.10,true
2026-02-18 15:30:00,1928.12,1928.22,1927.88,1927.94,true
2026-02-18 16:00:00,1927.92,1928.00,1927.55,1927.66,true
2026-02-18 16:30:00,1927.73,1927.86,1927.19,1927.39,true
2026-02-18 17:00:00,1927.35,1928.35,1927.33,1928.07,true
2026-02-18 17:30:00,1928.02,1928.11,1927.46,1927.60,true
2026-02-18 18:00:00,1927.60,1927.62,1925.89,1926.38,true
2026-02-18 18:30:00,1926.37,1930.12,1925.14,1925.25,true
2026-02-18 19:00:00,1925.23,1925.80,1924.46,1925.74,true
2026-02-18 19:30:00,1925.75,1925.90,1925.50,1925.50,true
2026-02-18 20:00:00,1925.50,1925.50,1924.07,1924.82,true
2026-02-18 20:30:00,1924.91,1925.30,1924.91,1925.26,true
2026-02-18 21:00:00,1925.22,1925.82,1925.20,1925.61,true
2026-02-18 21:30:00,1925.49,1925.86,1925.17,1925.49,true
2026-02-18 22:00:00,1925.70,1925.78,1925.63,1925.66,true
2026-02-18 22:30:00,1925.68,1925.85,1925.64,1925.83,true
2026-02-18 23:00:00,1925.82,1925.94,1925.56,1925.75,true
2026-02-18 23:30:00,1925.79,1925.95,1925.79,1925.79,true
2026-02-19 00:00:00,1925.78,1926.68,1924.49,1924.93,true
2026-02-19 00:30:00,1924.95,1924.95,1924.92,1924.94,true
2026-02-19 02:00:00,1924.89,1925.24,1924.72,1925.14,true
2026-02-19 02:30:00,1925.15,1925.22,1925.10,1925.19,true
2026-02-19 03:00:00,1925.18,1925.52,1925.09,1925.30,true
2026-02-19 03:30:00,1925.30,1925.88,1925.29,1925.69,true
2026-02-19 04:00:00,1925.69,1926.31,1925.12,1926.22,true
2026-02-19 04:30:00,1926.03,1926.12,1924.77,1924.84,true
2026-02-19 05:00:00,1924.86,1925.10,1924.71,1924.80,true
2026-02-19 05:30:00,1924.77,1924.77,1924.49,1924.49,true
2026-02-19 06:00:00,1924.55,1924.55,1924.38,1924.41,true
2026-02-19 06:30:00,1924.41,1924.48,1924.20,1924.23,true
2026-02-19 07:00:00,1924.24,1924.48,1922.79,1923.45,true
2026-02-19 07:30:00,1923.46,1924.33,1922.70,1924.25,true
2026-02-19 08:00:00,1924.24,1924.27,1924.17,1924.21,true
2026-02-19 08:30:00,1924.22,1924.22,1924.00,1924.03,true
2026-02-19 09:00:00,1924.04,1924.27,1923.98,1924.23,true
2026-02-19 09:30:00,1924.23,1924.23,1924.19,1924.21,true
2026-02-19 10:00:00,1924.21,1924.75,1923.16,1923.65,true
2026-02-19 10:30:00,1923.65,1924.15,1923.01,1923.82,true
2026-02-19 11:00:00,1923.82,1923.82,1922.78,1923.26,true
2026-02-19 11:30:00,1923.22,1923.71,1922.86,1923.54,true
2026-02-19 12:00:00,1923.57,1923.89,1923.55,1923.89,true
2026-02-19 12:30:00,1923.89,1924.71,1923.73,1924.52,true
2026-02-19 13:00:00,1924.58,1925.48,1923.84,1925.37,true
2026-02-19 13:30:00,1925.40,1925.62,1924.09,1924.63,true
2026-02-19 14:00:00,1924.80,1925.03,1923.38,1924.33,true
2026-02-19 14:30:00,1924.34,1924.63,1923.77,1924.22,true
2026-02-19 15:00:00,1924.23,1929.63,1920.97,1923.66,true
2026-02-19 15:30:00,1923.67,1924.25,1923.61,1924.21,true
2026-02-19 16:00:00,1924.21,1924.96,1924.20,1924.58,true
2026-02-19 16:30:00,1924.52,1925.15,1923.32,1924.76,true
2026-02-19 17:00:00,1924.79,1924.93,1924.52,1924.68,true
2026-02-19 17:30:00,1924.51,1924.51,1923.26,1923.61,true
2026-02-19 18:00:00,1923.70,1924.01,1920.17,1921.29,true
2026-02-19 18:30:00,1921.34,1921.66,1919.39,1919.63,true
2026-02-19 19:00:00,1919.68,1926.54,1894.60,1917.24,true
2026-02-19 19:30:00,1917.23,1917.31,1917.06,1917.11,true
2026-02-19 20:00:00,1917.13,1917.28,1916.70,1916.71,true
2026-02-19 20:30:00,1916.10,1916.11,1915.39,1915.97,true
2026-02-19 21:00:00,1915.87,1917.35,1913.33,1916.80,true
2026-02-19 21:30:00,1916.77,1917.55,1914.57,1916.10,true
2026-02-19 22:00:00,1915.67,1916.48,1914.27,1914.67,true
2026-02-19 22:30:00,1914.54,1915.24,1913.12,1915.03,true
2026-02-19 23:00:00,1915.05,1915.15,1914.38,1914.38,true
2026-02-19 23:30:00,1914.33,1915.52,1913.58,1913.88,true
2026-02-20 01:00:00,1913.92,1914.13,1913.83,1914.12,true
2026-02-20 01:30:00,1914.12,1915.10,1913.51,1914.12,true
2026-02-20 02:00:00,1914.11,1915.16,1912.29,1914.52,true
2026-02-20 02:30:00,1914.60,1915.62,1914.20,1914.42,true
2026-02-20 03:00:00,1914.36,1914.37,1914.22,1914.24,true
2026-02-20 03:30:00,1914.65,1914.71,1914.09,1914.38,true
2026-02-20 04:00:00,1914.38,1915.84,1914.30,1915.68,true
2026-02-20 04:30:00,1915.71,1916.06,1915.13,1915.31,true
2026-02-20 05:00:00,1915.42,1915.97,1914.54,1915.74,true
2026-02-20 05:30:00,1915.69,1915.70,1914.57,1915.09,true
2026-02-20 06:00:00,1915.21,1916.13,1914.40,1914.62,true
2026-02-20 06:30:00,1914.60,1915.94,1914.54,1915.48,true
2026-02-20 07:00:00,1915.46,1915.97,1915.29,1915.88,true
2026-02-20 07:30:00,1915.89,1916.01,1915.61,1915.67,true
2026-02-20 08:00:00,1915.57,1915.74,1915.32,1915.34,true
2026-02-20 08:30:00,1915.36,1915.47,1915.30,1915.39,true
2026-02-20 09:00:00,1915.36,1915.43,1915.13,1915.23,true
2026-02-20 09:30:00,1915.26,1916.25,1914.98,1916.14,true
2026-02-20 10:00:00,1916.13,1916.62,1915.63,1915.81,true
2026-02-20 10:30:00,1915.80,1915.95,1915.75,1915.93,true
2026-02-20 11:00:00,1915.92,1916.24,1915.92,1916.21,true
2026-02-20 11:30:00,1916.18,1916.21,1916.14,1916.21,true
2026-02-20 12:00:00,1916.22,1916.23,1916.20,1916.20,true
2026-02-20 12:30:00,1916.18,1916.69,1912.05,1915.75,true
2026-02-20 13:00:00,1915.49,1917.61,1914.56,1916.74,true
2026-02-20 13:30:00,1916.76,1916.79,1916.62,1916.63,true
2026-02-20 14:00:00,1916.70,1917.35,1916.65,1917.26,true
2026-02-20 14:30:00,1917.35,1917.47,1916.33,1917.15,true
2026-02-20 15:00:00,1917.15,1917.24,1916.62,1916.66,true
2026-02-20 15:30:00,1916.69,1916.69,1915.81,1916.12,true
2026-02-20 16:00:00,1916.13,1916.16,1915.66,1915.95,true
2026-02-20 16:30:00,1915.92,1918.09,1914.76,1916.51,true
2026-02-20 17:00:00,1916.60,1916.75,1915.54,1915.98,true
2026-02-20 17:30:00,1915.99,1916.21,1915.90,1916.11,true
2026-02-20 18:00:00,1916.13,1916.26,1915.09,1915.17,true
2026-02-20 18:30:00,1915.17,1915.64,1914.76,1914.83,true
2026-02-20 19:00:00,1914.89,1915.49,1914.39,1915.39,true
2026-02-20 19:30:00,1915.37,1918.03,1915.35,1917.83,true
2026-02-20 20:00:00,1917.82,1919.58,1917.68,1918.57,true
2026-02-20 20:30:00,1918.58,1919.18,1918.58,1919.12,true
2026-02-20 21:00:00,1919.12,1919.58,1918.71,1918.71,true
2026-02-20 21:30:00,1918.70,1919.49,1918.29,1918.29,true
2026-02-20 22:00:00,1918.31,1919.97,1918.26,1919.23,true
2026-02-20 22:30:00,1919.23,1919.62,1917.67,1918.34,true
2026-02-20 23:00:00,1918.35,1923.99,1917.98,1921.76,true
2026-02-20 23:30:00,1921.66,1921.78,1921.13,1921.56,true
2026-02-23 01:00:00,1921.45,1921.69,1920.79,1920.87,true
2026-02-23 01:30:00,1920.87,1921.23,1920.01,1920.02,true
2026-02-23 02:00:00,1920.05,1920.06,1917.91,1919.09,true
2026-02-23 02:30:00,1919.08,1920.53,1918.99,1919.68,true
2026-02-23 03:00:00,1919.71,1920.26,1919.56,1920.24,true
2026-02-23 03:30:00,1920.26,1925.29,1920.11,1921.83,true
2026-02-23 04:00:00,1921.81,1923.56,1915.98,1916.94,true
2026-02-23 04:30:00,1916.97,1918.13,1916.54,1917.59,true
2026-02-23 05:00:00,1917.60,1920.16,1917.35,1918.01,true
2026-02-23 05:30:00,1917.89,1918.10,1917.32,1917.53,true
2026-02-23 06:00:00,1917.59,1918.20,1916.75,1917.25,true
2026-02-23 06:30:00,1917.24,1918.15,1916.35,1916.65,true
2026-02-23 07:00:00,1916.64,1917.27,1916.08,1916.79,true
2026-02-23 07:30:00,1916.84,1916.95,1916.44,1916.59,true
2026-02-23 08:00:00,1916.49,1916.62,1916.48,1916.59,true
2026-02-23 08:30:00,1916.59,1916.71,1916.55,1916.65,true
2026-02-23 09:00:00,1916.63,1916.67,1916.62,1916.67,true
2026-02-23 09:30:00,1916.23,1916.36,1914.35,1915.10,true
2026-02-23 10:00:00,1914.99,1915.51,1914.88,1915.46,true
2026-02-23 10:30:00,1915.47,1915.57,1915.43,1915.55,true
2026-02-23 11:00:00,1915.54,1925.84,1912.27,1919.40,true
2026-02-23 11:30:00,1919.36,1920.61,1919.10,1920.37,true
2026-02-23 12:00:00,1920.37,1922.91,1920.01,1922.06,true
2026-02-23 12:30:00,1922.07,1924.18,1920.58,1922.65,true
2026-02-23 13:00:00,1922.56,1924.86,1920.68,1921.44,true
2026-02-23 13:30:00,1921.70,1922.85,1920.99,1921.53,true
2026-02-23 14:00:00,1921.65,1921.78,1921.47,1921.53,true
2026-02-23 14:30:00,1921.53,1924.33,1912.49,1920.68,true
2026-02-23 15:00:00,1920.69,1924.36,1918.61,1921.62,true
2026-02-23 15:30:00,1921.61,1926.02,1916.79,1920.60,true
2026-02-23 16:00:00,1920.53,1920.79,1918.81,1919.02,true
2026-02-23 16:30:00,1919.06,1919.09,1918.97,1919.01,true
2026-02-23 17:00:00,1918.96,1919.13,1918.69,1918.70,true
2026-02-23 17:30:00,1918.62,1918.72,1916.94,1918.09,true
2026-02-23 18:00:00,1918.24,1919.43,1917.71,1918.68,true
2026-02-23 18:30:00,1918.69,1918.72,1918.36,1918.42,true
2026-02-23 19:00:00,1918.42,1921.70,1915.64,1916.47,true
2026-02-23 19:30:00,1916.45,1916.98,1911.43,1912.41,true
2026-02-23 20:00:00,1912.26,1913.51,1910.30,1913.19,true
2026-02-23 20:30:00,1913.31,1913.31,1913.30,1913.30,true
2026-02-23 21:00:00,1913.31,1914.20,1912.58,1913.70,true
2026-02-23 21:30:00,1913.51,1914.06,1911.20,1912.05,true
2026-02-23 22:00:00,1912.03,1915.36,1905.70,1912.53,true
2026-02-23 22:30:00,1912.70,1914.02,1911.47,1912.05,true
2026-02-23 23:00:00,1912.05,1912.05,1911.33,1911.40,true
2026-02-23 23:30:00,1911.41,1911.81,1911.06,1911.74,true
2026-02-24 01:00:00,1911.94,1912.45,1909.54,1911.20,true
2026-02-24 01:30:00,1911.15,1911.89,1910.42,1911.67,true
2026-02-24 02:00:00,1911.89,1912.57,1910.27,1911.56,true
2026-02-24 02:30:00,1911.55,1912.08,1910.87,1911.14,true
2026-02-24 03:00:00,1911.25,1911.60,1909.74,1910.60,true
2026-02-24 03:30:00,1910.59,1910.59,1909.57,1909.84,true
2026-02-24 04:00:00,1909.84,1909.84,1908.92,1909.16,true
2026-02-24 04:30:00,1908.97,1911.37,1907.04,1908.20,true
2026-02-24 05:00:00,1908.21,1908.85,1906.81,1907.63,true
2026-02-24 05:30:00,1907.64,1908.46,1907.63,1908.40,true
2026-02-24 06:00:00,1908.31,1909.26,1907.02,1909.14,true
2026-02-24 06:30:00,1909.13,1909.91,1908.82,1909.76,true
2026-02-24 07:00:00,1909.61,1910.17,1909.38,1909.91,true
2026-02-24 07:30:00,1909.90,1911.25,1908.46,1910.05,true
2026-02-24 08:00:00,1909.96,1909.96,1909.61,1909.74,true
2026-02-24 08:30:00,1909.70,1909.72,1909.50,1909.57,true
2026-02-24 09:00:00,1910.19,1910.36,1907.68,1907.78,true
2026-02-24 09:30:00,1907.78,1915.62,1903.74,1906.79,true
2026-02-24 10:00:00,1906.92,1907.04,1906.79,1906.82,true
2026-02-24 10:30:00,1906.83,1907.09,1906.80,1907.03,true
2026-02-24 11:00:00,1907.03,1907.27,1907.01,1907.24,true
2026-02-24 11:30:00,1907.34,1907.47,1906.59,1906.65,true
2026-02-24 12:00:00,1906.68,1906.76,1906.53,1906.57,true
2026-02-24 12:30:00,1906.54,1908.24,1903.88,1907.38,true
2026-02-24 13:00:00,1907.46,1909.58,1907.21,1908.27,true
2026-02-24 13:30:00,1908.29,1908.44,1907.57,1907.73,true
2026-02-24 14:00:00,1907.73,1907.83,1907.26,1907.28,true
2026-02-24 14:30:00,1907.29,1907.61,1906.75,1907.47,true
2026-02-24 15:00:00,1907.51,1908.04,1907.26,1907.85,true
2026-02-24 15:30:00,1907.81,1907.93,1907.26,1907.67,true
2026-02-24 16:00:00,1907.72,1909.92,1905.98,1906.86,true
2026-02-24 16:30:00,1906.84,1908.31,1905.60,1907.35,true
2026-02-24 17:00:00,1907.37,1909.01,1906.23,1907.77,true
2026-02-24 17:30:00,1907.77,1907.84,1907.50,1907.60,true
2026-02-24 18:00:00,1907.57,1950.34,1901.53,1911.09,true
2026-02-24 18:30:00,1911.23,1913.07,1911.22,1912.36,true
2026-02-24 19:00:00,1912.27,1918.74,1912.27,1916.05,true
2026-02-24 19:30:00,1916.01,1918.46,1897.80,1917.88,true
2026-02-24 20:00:00,1917.93,1918.39,1917.60,1918.08,true
2026-02-24 20:30:00,1918.22,1918.28,1918.22,1918.28,true
2026-02-24 21:00:00,1918.19,1918.75,1918.16,1918.74,true
2026-02-24 21:30:00,1918.78,1919.12,1918.46,1918.91,true
2026-02-24 22:00:00,1918.87,1919.41,1917.52,1918.19,true
2026-02-24 22:30:00,1917.93,1918.44,1917.93,1918.20,true
2026-02-24 23:00:00,1918.09,1918.27,1915.11,1915.83,true
2026-02-24 23:30:00,1915.92,1922.22,1913.15,1918.88,true
2026-02-25 01:00:00,1920.11,1920.78,1917.86,1918.75,true
2026-02-25 01:30:00,1918.04,1919.31,1915.59,1918.32,true
2026-02-25 02:00:00,1918.18,1918.68,1916.14,1916.14,true
2026-02-25 02:30:00,1916.14,1916.46,1916.09,1916.25,true
2026-02-25 03:00:00,1916.23,1916.30,1916.18,1916.27,true
2026-02-25 03:30:00,1916.31,1917.57,1916.23,1916.93,true
2026-02-25 04:00:00,1916.98,1921.55,1915.97,1920.14,true
2026-02-25 04:30:00,1920.21,1920.21,1919.14,1919.37,true
2026-02-25 05:00:00,1919.50,1920.03,1919.43,1919.98,true
2026-02-25 05:30:00,1920.06,1923.72,1902.82,1922.04,true
2026-02-25 06:00:00,1921.96,1922.87,1920.26,1920.40,true
2026-02-25 06:30:00,1920.38,1926.35,1920.38,1921.04,true
2026-02-25 07:00:00,1921.04,1921.25,1920.62,1920.64,true
2026-02-25 07:30:00,1920.66,1920.85,1920.55,1920.73,true
2026-02-25 08:00:00,1919.08,1922.41,1918.59,1921.12,true
2026-02-25 08:30:00,1921.07,1921.12,1921.04,1921.11,true
2026-02-25 09:00:00,1921.04,1921.57,1920.93,1921.27,true
2026-02-25 09:30:00,1921.37,1922.35,1920.02,1920.35,true
2026-02-25 10:00:00,1920.74,1921.34,1919.86,1920.94,true
2026-02-25 10:30:00,1919.41,1919.46,1919.10,1919.18,true
2026-02-25 11:00:00,1919.08,1920.81,1918.82,1920.44,true
2026-02-25 11:30:00,1920.30,1920.43,1920.10,1920.12,true
2026-02-25 12:00:00,1920.22,1921.09,1912.91,1915.25,true
2026-02-25 12:30:00,1915.21,1915.71,1913.14,1913.17,true
2026-02-25 13:00:00,1913.20,1913.42,1913.20,1913.36,true
2026-02-25 13:30:00,1913.25,1916.26,1912.14,1915.21,true
2026-02-25 14:00:00,1915.35,1918.01,1913.24,1914.84,true
2026-02-25 14:30:00,1914.84,1919.95,1909.87,1915.55,true
2026-02-25 15:00:00,1915.66,1917.74,1915.27,1916.27,true
2026-02-25 15:30:00,1916.28,1917.51,1913.93,1916.72,true
2026-02-25 16:00:00,1916.74,1918.96,1914.80,1918.28,true
2026-02-25 16:30:00,1918.29,1919.48,1916.47,1916.76,true
2026-02-25 17:00:00,1916.72,1922.75,1913.38,1913.80,true
2026-02-25 17:30:00,1913.84,1913.84,1900.84,1906.51,true
2026-02-25 18:00:00,1906.51,1908.48,1906.26,1907.75,true
2026-02-25 18:30:00,1907.72,1909.99,1907.72,1909.86,true
2026-02-25 19:00:00,1909.81,1913.87,1908.92,1911.63,true
2026-02-25 19:30:00,1911.63,1917.37,1911.06,1916.20,true
2026-02-25 20:00:00,1916.04,1918.00,1913.77,1914.01,true
2026-02-25 20:30:00,1914.01,1914.34,1913.64,1914.17,true
2026-02-25 21:00:00,1914.39,1918.12,1913.99,1916.96,true
2026-02-25 21:30:00,1917.01,1917.99,1916.30,1917.60,true
2026-02-25 22:00:00,1917.58,1920.79,1907.75,1916.51,true
2026-02-25 22:30:00,1916.43,1917.23,1914.14,1915.32,true
2026-02-25 23:00:00,1915.29,1915.58,1914.93,1915.52,true
2026-02-25 23:30:00,1915.48,1917.26,1913.62,1916.37,true
2026-02-26 01:00:00,1917.11,1919.06,1912.17,1913.05,true
2026-02-26 01:30:00,1912.97,1913.44,1910.73,1911.72,true
2026-02-26 02:00:00,1911.76,1911.78,1910.79,1910.99,true
2026-02-26 02:30:00,1911.04,1911.18,1910.97,1911.13,true
2026-02-26 03:00:00,1911.09,1913.97,1907.59,1913.04,true
2026-02-26 03:30:00,1913.04,1913.05,1912.68,1912.68,true
2026-02-26 04:00:00,1912.68,1912.83,1912.40,1912.44,true
2026-02-26 04:30:00,1912.43,1913.20,1912.42,1913.15,true
2026-02-26 05:00:00,1913.20,1913.21,1912.34,1912.57,true
2026-02-26 05:30:00,1912.54,1912.58,1912.54,1912.56,true
2026-02-26 06:00:00,1912.65,1913.75,1912.04,1913.71,true
2026-02-26 06:30:00,1913.74,1917.03,1913.53,1914.57,true
2026-02-26 07:00:00,1914.34,1914.69,1914.13,1914.49,true
2026-02-26 07:30:00,1914.50,1915.14,1914.32,1914.74,true
2026-02-26 08:00:00,1914.74,1915.35,1912.83,1913.33,true
2026-02-26 08:30:00,1913.29,1913.68,1912.88,1913.57,true
2026-02-26 09:00:00,1913.62,1914.24,1911.75,1913.12,true
2026-02-26 09:30:00,1913.14,1913.23,1912.20,1912.30,true
2026-02-26 10:00:00,1912.27,1912.99,1912.10,1912.80,true
2026-02-26 10:30:00,1912.98,1913.02,1911.53,1911.93,true
2026-02-26 11:00:00,1911.93,1913.67,1909.39,1909.62,true
2026-02-26 11:30:00,1909.67,1910.27,1909.65,1910.23,true
2026-02-26 12:00:00,1910.18,1913.41,1909.27,1912.47,true
2026-02-26 12:30:00,1912.46,1914.50,1912.46,1914.28,true
2026-02-26 13:00:00,1914.53,1918.05,1912.68,1915.17,true
2026-02-26 13:30:00,1915.22,1915.28,1914.57,1914.93,true
2026-02-26 14:00:00,1914.92,1915.20,1913.45,1914.01,true
2026-02-26 14:30:00,1914.00,1915.29,1910.31,1914.91,true
2026-02-26 15:00:00,1914.89,1916.09,1914.72,1916.01,true
2026-02-26 15:30:00,1915.73,1919.57,1913.66,1916.32,true
2026-02-26 16:00:00,1916.28,1916.58,1911.07,1912.97,true
2026-02-26 16:30:00,1912.97,1913.37,1906.37,1909.80,true
2026-02-26 17:00:00,1910.04,1911.21,1906.87,1906.89,true
2026-02-26 17:30:00,1906.74,1915.94,1902.85,1904.92,true
2026-02-26 18:00:00,1904.90,1905.93,1903.73,1904.90,true
2026-02-26 18:30:00,1904.91,1904.99,1902.97,1904.25,true
2026-02-26 19:00:00,1904.44,1907.71,1902.97,1906.30,true
2026-02-26 19:30:00,1906.29,1907.00,1905.85,1906.84,true
2026-02-26 20:00:00,1906.78,1906.96,1906.06,1906.23,true
2026-02-26 20:30:00,1906.31,1910.42,1904.74,1909.88,true
2026-02-26 21:00:00,1909.88,1917.29,1905.09,1914.52,true
2026-02-26 21:30:00,1914.51,1915.02,1912.64,1913.31,true
2026-02-26 22:00:00,1913.29,1914.15,1911.35,1912.88,true
2026-02-26 22:30:00,1912.71,1912.80,1912.09,1912.18,true
2026-02-26 23:00:00,1912.36,1912.55,1912.15,1912.53,true
2026-02-26 23:30:00,1912.43,1915.22,1910.46,1913.36,true
2026-02-27 00:00:00,1913.34,1913.76,1913.34,1913.63,true
2026-02-27 00:30:00,1913.64,1916.85,1913.21,1915.27,true
2026-02-27 01:00:00,1915.28,1915.42,1914.57,1915.42,true
2026-02-27 01:30:00,1915.45,1915.48,1915.30,1915.34,true
2026-02-27 02:00:00,1915.95,1916.94,1915.95,1916.48,true
2026-02-27 02:30:00,1916.33,1916.43,1915.61,1915.74,true
2026-02-27 03:00:00,1915.73,1916.96,1914.62,1916.30,true
2026-02-27 03:30:00,1916.62,1916.90,1916.26,1916.90,true
2026-02-27 04:00:00,1916.89,1928.44,1912.06,1918.06,true
2026-02-27 04:30:00,1918.04,1919.40,1917.33,1917.65,true
2026-02-27 05:00:00,1917.59,1919.81,1916.94,1917.05,true
2026-02-27 05:30:00,1917.03,1921.68,1916.31,1919.89,true
2026-02-27 06:00:00,1920.37,1936.17,1914.99,1924.17,true
2026-02-27 06:30:00,1923.33,1929.70,1917.69,1917.69,true
2026-02-27 07:00:00,1917.73,1921.02,1911.23,1915.00,true
2026-02-27 07:30:00,1914.88,1915.37,1914.10,1914.10,true
2026-02-27 08:00:00,1913.78,1916.53,1907.10,1914.80,true
2026-02-27 08:30:00,1914.80,1914.93,1914.47,1914.58,true
2026-02-27 09:00:00,1914.77,1914.97,1914.46,1914.47,true
2026-02-27 09:30:00,1914.45,1916.68,1911.34,1912.22,true
2026-02-27 10:00:00,1912.14,1912.18,1911.92,1912.01,true
2026-02-27 10:30:00,1912.21,1912.22,1912.17,1912.18,true
2026-02-27 11:00:00,1912.21,1912.76,1906.00,1907.92,true
2026-02-27 11:30:00,1907.96,1909.49,1902.42,1903.04,true
2026-02-27 12:00:00,1903.02,1903.04,1899.60,1900.32,true
2026-02-27 12:30:00,1900.34,1901.10,1900.33,1901.02,true
2026-02-27 13:00:00,1901.05,1902.11,1900.27,1902.11,true
2026-02-27 13:30:00,1902.10,1902.49,1900.21,1900.91,true
2026-02-27 14:00:00,1900.88,1900.90,1900.88,1900.90,true
2026-02-27 14:30:00,1900.90,1901.10,1898.24,1898.96,true
2026-02-27 15:00:00,1899.12,1902.47,1897.74,1901.13,true
2026-02-27 15:30:00,1901.06,1901.06,1900.75,1900.75,true
2026-02-27 16:00:00,1901.15,1901.76,1901.04,1901.45,true
2026-02-27 16:30:00,1901.53,1901.71,1900.43,1901.31,true
2026-02-27 17:00:00,1901.13,1903.97,1897.80,1899.88,true
2026-02-27 17:30:00,1900.03,1900.48,1893.36,1893.83,true
2026-02-27 18:00:00,1893.82,1894.02,1893.37,1893.41,true
2026-02-27 18:30:00,1893.38,1895.81,1890.12,1894.10,true
2026-02-27 19:00:00,1894.21,1894.43,1894.19,1894.42,true
2026-02-27 19:30:00,1894.31,1895.06,1893.52,1893.53,true
2026-02-27 20:00:00,1893.61,1897.70,1893.50,1897.46,true
2026-02-27 20:30:00,1897.44,1903.47,1896.21,1902.76,true
2026-02-27 21:00:00,1902.76,1904.47,1902.64,1903.39,true
2026-02-27 21:30:00,1903.46,1903.46,1902.54,1903.07,true
2026-02-27 22:00:00,1903.50,1905.41,1903.29,1905.35,true
2026-02-27 22:30:00,1905.34,1906.61,1902.20,1903.48,true
2026-02-27 23:00:00,1903.53,1903.54,1903.00,1903.30,true
2026-02-27 23:30:00,1903.30,1903.59,1903.24,1903.51,true
2026-03-02 01:00:00,1903.36,1909.40,1903.35,1906.67,true
2026-03-02 01:30:00,1906.47,1906.85,1905.22,1905.35,true
2026-03-02 02:00:00,1905.39,1906.13,1902.58,1904.06,true
2026-03-02 02:30:00,1904.33,1913.70,1874.46,1911.04,true
2026-03-02 03:00:00,1911.02,1913.09,1906.47,1906.47,true
2026-03-02 03:30:00,1906.33,1907.12,1905.65,1905.86,true
2026-03-02 04:00:00,1905.97,1906.54,1900.56,1901.67,true
2026-03-02 04:30:00,1901.56,1906.10,1897.29,1903.83,true
2026-03-02 05:00:00,1903.70,1903.70,1898.80,1898.85,true
2026-03-02 05:30:00,1899.24,1909.17,1895.84,1900.04,true
2026-03-02 06:00:00,1900.39,1901.00,1892.05,1898.57,true
2026-03-02 06:30:00,1898.70,1900.69,1898.57,1899.76,true
2026-03-02 07:00:00,1899.89,1900.78,1894.97,1896.70,true
2026-03-02 07:30:00,1896.83,1896.99,1894.51,1895.42,true
2026-03-02 08:00:00,1895.11,1895.57,1893.77,1895.49,true
2026-03-02 08:30:00,1894.30,1895.79,1888.32,1889.58,true
2026-03-02 09:00:00,1889.53,1890.29,1887.21,1887.79,true
2026-03-02 09:30:00,1887.13,1917.57,1864.61,1898.04,true
2026-03-02 10:00:00,1898.04,1898.38,1897.82,1898.31,true
2026-03-02 10:30:00,1898.24,1898.24,1896.26,1896.34,true
2026-03-02 11:00:00,1896.38,1896.54,1895.99,1896.28,true
2026-03-02 11:30:00,1896.22,1897.11,1896.21,1896.80,true
2026-03-02 12:00:00,1896.21,1896.63,1895.33,1895.39,true
2026-03-02 12:30:00,1895.20,1895.29,1894.26,1894.31,true
2026-03-02 13:00:00,1894.38,1894.67,1890.95,1892.20,true
2026-03-02 13:30:00,1892.17,1898.18,1891.99,1896.79,true
2026-03-02 14:00:00,1896.85,1897.87,1889.78,1894.16,true
2026-03-02 14:30:00,1894.24,1901.51,1888.31,1888.37,true
2026-03-02 15:00:00,1888.18,1891.79,1887.40,1891.64,true
2026-03-02 15:30:00,1891.53,1893.17,1890.90,1891.09,true
2026-03-02 16:00:00,1890.94,1898.16,1890.94,1894.95,true
2026-03-02 16:30:00,1894.95,1895.09,1892.83,1893.40,true
2026-03-02 17:00:00,1893.26,1893.94,1891.69,1891.80,true
2026-03-02 17:30:00,1891.78,1892.43,1891.40,1891.58,true
2026-03-02 18:00:00,1891.76,1892.79,1889.26,1889.45,true
2026-03-02 18:30:00,1889.62,1898.17,1889.40,1890.80,true
2026-03-02 19:00:00,1890.76,1896.59,1881.50,1888.31,true
2026-03-02 19:30:00,1888.54,1889.20,1887.76,1887.84,true
2026-03-02 20:00:00,1887.92,1888.32,1885.79,1886.49,true
2026-03-02 20:30:00,1886.49,1890.12,1885.52,1890.00,true
2026-03-02 21:00:00,1890.10,1893.08,1889.03,1892.98,true
2026-03-02 21:30:00,1893.05,1899.22,1892.50,1898.45,true
2026-03-02 22:00:00,1898.78,1900.06,1898.43,1899.36,true
2026-03-02 22:30:00,1899.33,1912.51,1871.83,1903.78,true
2026-03-02 23:00:00,1903.76,1906.46,1898.70,1902.73,true
2026-03-02 23:30:00,1902.77,1904.36,1902.64,1904.21,true
2026-03-03 01:00:00,1903.90,1904.06,1902.65,1902.92,true
2026-03-03 01:30:00,1902.91,1904.80,1902.21,1902.70,true
2026-03-03 02:00:00,1902.57,1905.81,1899.78,1905.26,true
2026-03-03 02:30:00,1905.26,1907.98,1904.64,1907.98,true
2026-03-03 03:00:00,1907.78,1909.12,1904.29,1906.17,true
2026-03-03 03:30:00,1906.24,1906.70,1905.11,1906.03,true
2026-03-03 04:00:00,1906.14,1907.34,1904.18,1906.98,true
2026-03-03 04:30:00,1907.44,1908.02,1907.33,1908.00,true
2026-03-03 05:00:00,1907.98,1908.72,1907.96,1908.23,true
2026-03-03 05:30:00,1908.08,1910.53,1907.88,1910.53,true
2026-03-03 06:00:00,1910.57,1912.42,1902.19,1906.10,true
2026-03-03 06:30:00,1905.65,1911.64,1900.90,1908.47,true
2026-03-03 07:00:00,1908.49,1908.57,1898.98,1899.51,true
2026-03-03 07:30:00,1899.57,1902.56,1899.41,1902.32,true
2026-03-03 08:00:00,1902.19,1903.98,1899.20,1903.21,true
2026-03-03 08:30:00,1903.25,1903.88,1900.59,1901.29,true
2026-03-03 09:00:00,1901.33,1906.63,1899.35,1905.88,true
2026-03-03 09:30:00,1905.88,1906.18,1903.47,1904.23,true
2026-03-03 10:00:00,1903.99,1904.27,1902.20,1903.40,true
2026-03-03 10:30:00,1903.40,1906.82,1897.35,1905.01,true
2026-03-03 11:00:00,1904.97,1907.45,1904.97,1906.21,true
2026-03-03 11:30:00,1906.34,1908.61,1904.35,1908.53,true
2026-03-03 12:00:00,1908.53,1909.52,1907.99,1909.43,true
2026-03-03 12:30:00,1909.08,1909.45,1908.87,1909.45,true
2026-03-03 13:00:00,1909.62,1914.64,1904.98,1911.36,true
2026-03-03 13:30:00,1911.25,1917.93,1888.11,1912.86,true
2026-03-03 14:00:00,1913.18,1922.32,1866.59,1907.52,true
2026-03-03 14:30:00,1907.70,1909.63,1907.48,1909.10,true
2026-03-03 15:00:00,1908.77,1909.12,1907.42,1907.46,true
2026-03-03 15:30:00,1907.58,1908.13,1907.55,1907.77,true
2026-03-03 16:00:00,1907.85,1908.08,1907.31,1907.31,true
2026-03-03 16:30:00,1906.43,1911.36,1896.57,1905.11,true
2026-03-03 17:00:00,1904.98,1905.09,1903.15,1903.27,true
2026-03-03 17:30:00,1903.06,1904.02,1897.87,1899.96,true
2026-03-03 18:00:00,1899.74,1906.72,1888.96,1901.96,true
2026-03-03 18:30:00,1901.57,1902.65,1901.48,1902.60,true
2026-03-03 19:00:00,1902.68,1909.19,1901.64,1905.86,true
2026-03-03 19:30:00,1905.83,1905.84,1905.52,1905.56,true
2026-03-03 20:00:00,1905.59,1909.72,1905.59,1908.06,true
2026-03-03 20:30:00,1907.68,1908.84,1906.51,1906.65,true
2026-03-03 21:00:00,1906.62,1906.62,1902.07,1905.26,true
2026-03-03 21:30:00,1905.36,1907.94,1900.81,1903.67,true
2026-03-03 22:00:00,1903.55,1907.98,1903.55,1907.25,true
2026-03-03 22:30:00,1907.25,1907.44,1907.22,1907.32,true
2026-03-03 23:00:00,1907.32,1912.72,1899.61,1910.32,true
2026-03-03 23:30:00,1910.22,1914.06,1909.32,1909.73,true
2026-03-04 01:00:00,1909.70,1910.46,1909.22,1909.35,true
2026-03-04 01:30:00,1909.26,1909.86,1908.35,1908.60,true
2026-03-04 02:00:00,1908.64,1911.25,1905.96,1906.21,true
2026-03-04 02:30:00,1906.30,1907.18,1905.95,1906.75,true
2026-03-04 03:00:00,1907.04,1909.89,1905.28,1908.98,true
2026-03-04 03:30:00,1908.97,1914.64,1908.28,1910.40,true
2026-03-04 04:00:00,1910.43,1917.95,1909.18,1912.21,true
2026-03-04 04:30:00,1912.91,1913.06,1912.88,1912.90,true
2026-03-04 05:00:00,1912.90,1916.30,1912.08,1915.74,true
2026-03-04 05:30:00,1915.79,1917.25,1913.17,1913.51,true
2026-03-04 06:00:00,1913.43,1916.21,1912.06,1912.31,true
2026-03-04 06:30:00,1912.27,1912.27,1912.26,1912.26,true
2026-03-04 07:00:00,1912.29,1912.36,1912.29,1912.33,true
2026-03-04 07:30:00,1912.34,1912.86,1912.10,1912.80,true
2026-03-04 08:00:00,1912.94,1913.05,1912.04,1912.06,true
2026-03-04 08:30:00,1912.07,1913.09,1910.75,1910.76,true
2026-03-04 09:00:00,1910.77,1916.96,1910.77,1916.36,true
2026-03-04 09:30:00,1916.49,1916.49,1914.32,1915.14,true
2026-03-04 10:00:00,1915.16,1924.07,1914.57,1920.08,true
2026-03-04 10:30:00,1920.08,1920.15,1920.03,1920.12,true
2026-03-04 11:00:00,1920.67,1920.95,1919.60,1919.99,true
2026-03-04 11:30:00,1919.56,1922.75,1919.56,1922.11,true
2026-03-04 12:00:00,1922.05,1922.34,1915.50,1917.29,true
2026-03-04 12:30:00,1917.37,1919.58,1916.94,1918.26,true
2026-03-04 13:00:00,1918.01,1921.34,1914.32,1915.21,true
2026-03-04 13:30:00,1915.25,1915.71,1915.23,1915.63,true
2026-03-04 14:00:00,1915.80,1918.98,1912.87,1914.74,true
2026-03-04 14:30:00,1914.79,1916.43,1909.81,1911.32,true
2026-03-04 15:00:00,1911.32,1912.57,1908.10,1908.27,true
2026-03-04 15:30:00,1908.22,1912.02,1880.53,1898.88,true
2026-03-04 16:00:00,1898.88,1899.89,1898.11,1898.23,true
2026-03-04 16:30:00,1898.31,1900.78,1868.17,1893.25,true
2026-03-04 17:00:00,1893.25,1893.53,1892.95,1893.13,true
2026-03-04 17:30:00,1893.29,1900.19,1884.80,1888.66,true
2026-03-04 18:00:00,1888.61,1891.52,1884.95,1889.32,true
2026-03-04 18:30:00,1889.29,1902.25,1884.23,1898.71,true
2026-03-04 19:00:00,1898.89,1951.02,1863.55,1903.87,true
2026-03-04 19:30:00,1904.54,1908.37,1892.41,1902.94,true
2026-03-04 20:00:00,1902.43,1905.34,1898.32,1900.58,true
2026-03-04 20:30:00,1900.21,1900.92,1895.03,1896.02,true
2026-03-04 21:00:00,1896.06,1896.07,1895.39,1895.93,true
2026-03-04 21:30:00,1895.72,1896.51,1895.72,1896.34,true
2026-03-04 22:00:00,1896.73,1922.94,1878.93,1903.23,true
2026-03-04 22:30:00,1903.21,1905.15,1901.38,1901.85,true
2026-03-04 23:00:00,1901.77,1903.21,1901.52,1902.65,true
2026-03-04 23:30:00,1902.39,1902.71,1901.80,1901.82,true
2026-03-05 00:00:00,1901.77,1913.27,1897.51,1903.90,true
2026-03-05 00:30:00,1903.31,1903.84,1903.30,1903.73,true
2026-03-05 02:00:00,1903.69,1911.38,1903.68,1909.53,true
2026-03-05 02:30:00,1908.73,1910.88,1907.16,1910.28,true
2026-03-05 03:00:00,1910.33,1912.92,1909.24,1909.86,true
2026-03-05 03:30:00,1909.75,1909.83,1908.41,1909.35,true
2026-03-05 04:00:00,1909.56,1913.87,1905.93,1912.05,true
2026-03-05 04:30:00,1911.79,1915.03,1905.91,1914.47,true
2026-03-05 05:00:00,1914.54,1914.96,1914.39,1914.51,true
2026-03-05 05:30:00,1914.20,1915.78,1902.92,1908.76,true
2026-03-05 06:00:00,1908.86,1909.83,1900.72,1909.71,true
2026-03-05 06:30:00,1909.64,1910.77,1906.75,1908.42,true
2026-03-05 07:00:00,1907.73,1913.71,1901.36,1909.75,true
2026-03-05 07:30:00,1909.69,1909.86,1907.32,1907.59,true
2026-03-05 08:00:00,1907.86,1909.85,1906.48,1908.15,true
2026-03-05 08:30:00,1909.51,1910.49,1909.50,1909.71,true
2026-03-05 09:00:00,1909.49,1910.25,1908.47,1908.77,true
2026-03-05 09:30:00,1908.52,1910.54,1901.88,1906.86,true
2026-03-05 10:00:00,1906.69,1906.69,1905.89,1905.89,true
2026-03-05 10:30:00,1905.78,1913.59,1905.37,1911.09,true
2026-03-05 11:00:00,1911.32,1912.61,1906.59,1907.55,true
2026-03-05 11:30:00,1907.36,1912.55,1907.22,1912.39,true
2026-03-05 12:00:00,1912.36,1912.40,1912.35,1912.37,true
2026-03-05 12:30:00,1912.77,1912.82,1912.51,1912.54,true
2026-03-05 13:00:00,1912.50,1912.67,1912.47,1912.63,true
2026-03-05 13:30:00,1912.63,1916.38,1908.97,1914.46,true
2026-03-05 14:00:00,1914.44,1914.45,1914.22,1914.27,true
2026-03-05 14:30:00,1914.79,1915.56,1914.76,1915.38,true
2026-03-05 15:00:00,1915.31,1943.78,1887.85,1921.63,true
2026-03-05 15:30:00,1921.77,1925.02,1921.44,1925.02,true
2026-03-05 16:00:00,1924.80,1927.90,1920.96,1926.69,true
2026-03-05 16:30:00,1926.50,1931.22,1922.77,1927.61,true
2026-03-05 17:00:00,1927.94,1929.89,1917.37,1924.93,true
2026-03-05 17:30:00,1924.80,1926.67,1924.01,1926.51,true
2026-03-05 18:00:00,1926.40,1932.37,1926.40,1930.83,true
2026-03-05 18:30:00,1923.04,1926.15,1921.93,1924.34,true
2026-03-05 19:00:00,1924.46,1932.98,1924.46,1931.74,true
2026-03-05 19:30:00,1931.74,1932.33,1925.02,1928.01,true
2026-03-05 20:00:00,1928.08,1929.21,1918.39,1923.71,true
2026-03-05 20:30:00,1923.80,1924.81,1923.48,1924.21,true
2026-03-05 21:00:00,1924.10,1927.48,1923.56,1925.42,true
2026-03-05 21:30:00,1925.45,1927.59,1920.97,1923.99,true
2026-03-05 22:00:00,1923.91,1933.01,1923.33,1929.97,true
2026-03-05 22:30:00,1929.87,1931.86,1922.21,1927.27,true
2026-03-05 23:00:00,1927.00,1927.36,1924.03,1926.43,true
2026-03-05 23:30:00,1926.66,1929.45,1925.21,1927.79,true
2026-03-06 01:00:00,1926.48,1928.58,1926.04,1927.81,true
2026-03-06 01:30:00,1927.87,1928.51,1927.31,1928.03,true
2026-03-06 02:00:00,1928.02,1929.54,1926.48,1927.62,true
2026-03-06 02:30:00,1927.58,1928.61,1927.46,1928.28,true
2026-03-06 03:00:00,1928.34,1928.42,1927.84,1927.91,true
2026-03-06 03:30:00,1927.93,1938.05,1916.29,1926.37,true
2026-03-06 04:00:00,1926.11,1927.55,1925.60,1926.55,true
2026-03-06 04:30:00,1926.59,1928.92,1923.70,1926.87,true
2026-03-06 05:00:00,1926.54,1926.54,1925.62,1926.24,true
2026-03-06 05:30:00,1926.17,1927.83,1925.98,1926.44,true
2026-03-06 06:00:00,1926.44,1926.48,1925.69,1925.89,true
2026-03-06 06:30:00,1925.89,1925.90,1925.33,1925.42,true
2026-03-06 07:00:00,1925.40,1925.81,1925.00,1925.06,true
2026-03-06 07:30:00,1924.98,1928.66,1924.98,1925.33,true
2026-03-06 08:00:00,1925.66,1945.03,1923.62,1928.44,true
2026-03-06 08:30:00,1928.44,1929.15,1928.15,1928.83,true
2026-03-06 09:00:00,1928.80,1928.97,1928.75,1928.94,true
2026-03-06 09:30:00,1928.84,1931.12,1926.27,1929.43,true
2026-03-06 10:00:00,1929.51,1929.73,1921.30,1925.99,true
2026-03-06 10:30:00,1925.61,1926.86,1923.49,1923.62,true
2026-03-06 11:00:00,1923.49,1924.66,1919.12,1923.85,true
2026-03-06 11:30:00,1923.33,1924.78,1922.25,1924.24,true
2026-03-06 12:00:00,1924.39,1925.11,1910.55,1921.81,true
2026-03-06 12:30:00,1921.82,1922.48,1921.71,1922.39,true
2026-03-06 13:00:00,1922.49,1926.19,1920.20,1920.73,true
2026-03-06 13:30:00,1920.84,1927.07,1915.89,1918.52,true
2026-03-06 14:00:00,1918.59,1919.81,1915.47,1917.79,true
2026-03-06 14:30:00,1917.83,1918.76,1917.68,1918.65,true
2026-03-06 15:00:00,1918.55,1921.06,1914.96,1919.28,true
2026-03-06 15:30:00,1919.39,1921.95,1913.03,1917.04,true
2026-03-06 16:00:00,1916.10,1916.31,1916.03,1916.17,true
2026-03-06 16:30:00,1916.08,1916.09,1915.64,1915.73,true
2026-03-06 17:00:00,1915.55,1916.91,1914.77,1914.80,true
2026-03-06 17:30:00,1914.80,1920.47,1912.43,1915.47,true
2026-03-06 18:00:00,1915.21,1919.58,1909.42,1917.05,true
2026-03-06 18:30:00,1917.22,1920.06,1917.22,1919.45,true
2026-03-06 19:00:00,1919.49,1919.73,1918.58,1919.23,true
2026-03-06 19:30:00,1919.08,1920.31,1918.89,1919.51,true
2026-03-06 20:00:00,1919.51,1920.51,1907.54,1920.25,true
2026-03-06 20:30:00,1920.22,1922.63,1919.47,1922.38,true
2026-03-06 21:00:00,1922.32,1922.91,1921.50,1921.61,true
2026-03-06 21:30:00,1921.59,1921.77,1921.41,1921.50,true
2026-03-06 22:00:00,1921.46,1925.47,1918.14,1924.15,true
2026-03-06 22:30:00,1924.38,1924.91,1924.32,1924.74,true
2026-03-06 23:00:00,1924.63,1928.04,1917.87,1922.66,true
2026-03-06 23:30:00,1922.64,1923.19,1922.37,1923.12,true
2026-03-09 02:00:00,1921.71,1921.76,1921.41,1921.57,true
2026-03-09 02:30:00,1921.55,1928.58,1917.86,1919.51,true
2026-03-09 03:00:00,1919.48,1924.07,1919.35,1922.91,true
2026-03-09 03:30:00,1922.75,1925.09,1920.04,1923.99,true
2026-03-09 04:00:00,1923.96,1954.16,1923.96,1931.92,true
2026-03-09 04:30:00,1931.83,1932.27,1922.62,1927.85,true
2026-03-09 05:00:00,1927.82,1933.03,1921.48,1932.54,true
2026-03-09 05:30:00,1932.38,1932.89,1931.65,1931.89,true
2026-03-09 06:00:00,1931.62,1931.84,1929.93,1930.03,true
2026-03-09 06:30:00,1930.03,1933.26,1928.47,1933.19,true
2026-03-09 07:00:00,1933.18,1936.91,1920.30,1928.73,true
2026-03-09 07:30:00,1929.30,1935.47,1914.26,1921.82,true
2026-03-09 08:00:00,1921.96,1921.98,1921.82,1921.86,true
2026-03-09 08:30:00,1922.44,1925.60,1921.02,1923.87,true
2026-03-09 09:00:00,1923.22,1923.90,1917.71,1921.41,true
2026-03-09 09:30:00,1921.01,1921.05,1920.03,1920.82,true
2026-03-09 10:00:00,1920.80,1928.45,1909.24,1910.84,true
2026-03-09 10:30:00,1910.90,1920.05,1909.09,1916.34,true
2026-03-09 11:00:00,1916.34,1917.33,1867.38,1913.62,true
2026-03-09 11:30:00,1913.37,1915.44,1912.41,1914.15,true
2026-03-09 12:00:00,1913.76,1918.39,1911.51,1915.77,true
2026-03-09 12:30:00,1916.21,1934.59,1912.74,1934.59,true
2026-03-09 13:00:00,1934.00,1934.64,1926.19,1926.33,true
2026-03-09 13:30:00,1926.27,1928.86,1925.67,1928.74,true
2026-03-09 14:00:00,1928.71,1934.24,1926.15,1933.83,true
2026-03-09 14:30:00,1933.50,1937.30,1932.06,1937.23,true
2026-03-09 15:00:00,1936.34,1936.39,1936.18,1936.18,true
2026-03-09 15:30:00,1936.18,1938.08,1934.52,1935.07,true
2026-03-09 16:00:00,1935.09,1938.19,1933.98,1938.10,true
2026-03-09 16:30:00,1938.19,1938.93,1918.82,1925.52,true
2026-03-09 17:00:00,1926.05,1955.97,1888.81,1907.35,true
2026-03-09 17:30:00,1906.89,1912.12,1896.44,1910.78,true
2026-03-09 18:00:00,1911.05,1911.16,1910.33,1910.68,true
2026-03-09 18:30:00,1910.35,1910.89,1901.93,1903.88,true
2026-03-09 19:00:00,1903.88,1905.33,1903.45,1905.02,true
2026-03-09 19:30:00,1905.75,1929.70,1884.16,1912.72,true
2026-03-09 20:00:00,1916.11,1917.63,1915.89,1917.36,true
2026-03-09 20:30:00,1917.12,1917.12,1912.67,1913.86,true
2026-03-09 21:00:00,1913.94,1918.41,1913.00,1917.35,true
2026-03-09 21:30:00,1917.56,1918.75,1889.42,1914.55,true
2026-03-09 22:00:00,1914.45,1924.67,1906.27,1920.94,true
2026-03-09 22:30:00,1920.89,1933.32,1912.15,1917.63,true
2026-03-09 23:00:00,1917.63,1917.89,1916.37,1917.37,true
2026-03-09 23:30:00,1916.78,1917.98,1916.74,1917.70,true
2026-03-10 00:00:00,1917.70,1926.77,1878.59,1922.16,true
2026-03-10 00:30:00,1918.73,1926.71,1918.68,1922.79,true
2026-03-10 02:00:00,1924.61,1943.83,1913.97,1914.69,true
2026-03-10 02:30:00,1914.80,1918.12,1914.69,1918.04,true
2026-03-10 03:00:00,1917.97,1918.01,1908.41,1908.85,true
2026-03-10 03:30:00,1909.79,1912.66,1908.21,1908.62,true
2026-03-10 04:00:00,1908.14,1908.70,1904.47,1907.41,true
2026-03-10 04:30:00,1907.41,1932.44,1906.25,1910.32,true
2026-03-10 05:00:00,1909.59,1920.33,1907.11,1915.51,true
2026-03-10 05:30:00,1915.57,1918.71,1913.19,1916.23,true
2026-03-10 06:00:00,1916.76,1925.50,1902.57,1911.34,true
2026-03-10 06:30:00,1911.11,1911.14,1910.61,1910.61,true
2026-03-10 07:00:00,1910.99,1911.44,1909.97,1910.01,true
2026-03-10 07:30:00,1910.07,1911.41,1904.01,1906.28,true
2026-03-10 08:00:00,1906.01,1906.22,1905.98,1906.19,true
2026-03-10 08:30:00,1906.01,1906.01,1898.56,1899.80,true
2026-03-10 09:00:00,1898.77,1900.82,1887.43,1891.44,true
2026-03-10 09:30:00,1891.62,1895.77,1886.11,1893.91,true
2026-03-10 10:00:00,1893.75,1894.18,1885.01,1885.97,true
2026-03-10 10:30:00,1886.03,1895.02,1875.33,1891.06,true
2026-03-10 11:00:00,1891.06,1891.06,1888.65,1889.35,true
2026-03-10 11:30:00,1888.97,1889.04,1882.59,1882.65,true
2026-03-10 12:00:00,1883.51,1910.10,1880.31,1907.63,true
2026-03-10 12:30:00,1907.92,1915.63,1902.55,1912.25,true
2026-03-10 13:00:00,1912.15,1915.74,1899.75,1900.61,true
2026-03-10 13:30:00,1900.88,1907.96,1880.84,1885.99,true
2026-03-10 14:00:00,1886.42,1890.98,1860.05,1883.05,true
2026-03-10 14:30:00,1883.00,1889.84,1878.80,1889.15,true
2026-03-10 15:00:00,1888.44,1898.00,1886.57,1897.46,true
2026-03-10 15:30:00,1897.20,1932.78,1889.44,1904.10,true
2026-03-10 16:00:00,1905.31,1906.62,1901.24,1903.04,true
2026-03-10 16:30:00,1903.23,1922.65,1897.40,1916.58,true
2026-03-10 17:00:00,1916.28,1937.58,1914.81,1937.19,true
2026-03-10 17:30:00,1937.23,1945.62,1933.01,1944.20,true
2026-03-10 18:00:00,1944.16,1953.75,1938.48,1947.12,true
2026-03-10 18:30:00,1946.92,1953.29,1940.77,1940.84,true
2026-03-10 19:00:00,1941.39,1944.94,1938.86,1942.79,true
2026-03-10 19:30:00,1942.68,1942.68,1925.77,1929.16,true
2026-03-10 20:00:00,1928.04,1928.05,1927.44,1927.67,true
2026-03-10 20:30:00,1927.67,1932.07,1925.38,1929.63,true
2026-03-10 21:00:00,1929.39,1929.46,1929.32,1929.44,true
2026-03-10 21:30:00,1929.41,1940.12,1904.50,1919.46,true
2026-03-10 22:00:00,1922.15,1926.25,1922.05,1925.19,true
2026-03-10 22:30:00,1925.19,1929.21,1916.91,1928.68,true
2026-03-10 23:00:00,1928.95,1933.70,1922.05,1924.74,true
2026-03-10 23:30:00,1925.90,1926.03,1925.73,1926.01,true
2026-03-11 00:00:00,1925.84,1928.67,1925.77,1928.08,true
2026-03-11 00:30:00,1927.68,1931.79,1927.61,1929.50,true
2026-03-11 01:00:00,1929.32,1930.63,1928.16,1930.43,true
2026-03-11 01:30:00,1931.70,1939.02,1926.85,1932.89,true
2026-03-11 02:00:00,1932.71,1946.66,1926.63,1939.46,true
2026-03-11 02:30:00,1939.52,1942.38,1938.61,1941.39,true
2026-03-11 03:00:00,1941.95,1944.32,1940.73,1944.30,true
2026-03-11 03:30:00,1945.27,1947.45,1943.78,1946.54,true
2026-03-11 04:00:00,1946.95,1947.48,1943.41,1944.09,true
2026-03-11 04:30:00,1944.03,1952.19,1941.99,1946.07,true
2026-03-11 05:00:00,1946.15,1946.36,1946.13,1946.30,true
2026-03-11 05:30:00,1946.08,1949.73,1944.63,1948.69,true
2026-03-11 06:00:00,1948.70,1955.87,1946.12,1946.51,true
2026-03-11 06:30:00,1946.53,1950.30,1945.57,1950.30,true
2026-03-11 07:00:00,1950.29,1950.82,1941.50,1948.87,true
2026-03-11 07:30:00,1948.67,1951.90,1946.45,1947.58,true
2026-03-11 08:00:00,1948.11,1952.95,1947.53,1949.74,true
2026-03-11 08:30:00,1949.89,1950.17,1931.98,1932.68,true
2026-03-11 09:00:00,1932.49,1937.48,1932.12,1935.49,true
2026-03-11 09:30:00,1936.27,1939.06,1936.16,1937.83,true
2026-03-11 10:00:00,1937.95,1948.68,1912.46,1914.90,true
2026-03-11 10:30:00,1915.21,1925.72,1911.11,1920.95,true
2026-03-11 11:00:00,1920.70,1922.42,1895.42,1901.64,true
2026-03-11 11:30:00,1901.70,1903.96,1895.78,1896.71,true
2026-03-11 12:00:00,1896.91,1902.21,1892.64,1901.47,true
2026-03-11 12:30:00,1901.67,1903.46,1895.96,1903.22,true
2026-03-11 13:00:00,1903.12,1904.66,1903.01,1903.91,true
2026-03-11 13:30:00,1903.66,1905.26,1902.57,1902.87,true
2026-03-11 14:00:00,1902.87,1920.26,1897.95,1900.06,true
2026-03-11 14:30:00,1900.01,1908.29,1891.18,1902.77,true
2026-03-11 15:00:00,1902.99,1903.99,1902.08,1902.12,true
2026-03-11 15:30:00,1902.55,1903.45,1899.86,1900.08,true
2026-03-11 16:00:00,1900.08,1911.47,1893.30,1906.20,true
2026-03-11 16:30:00,1906.08,1909.27,1904.40,1908.77,true
2026-03-11 17:00:00,1908.38,1940.98,1908.38,1932.97,true
2026-03-11 17:30:00,1933.57,1936.83,1920.48,1922.02,true
2026-03-11 18:00:00,1921.91,1927.37,1917.81,1918.79,true
2026-03-11 18:30:00,1918.02,1920.55,1917.96,1920.52,true
2026-03-11 19:00:00,1919.74,1919.96,1919.24,1919.48,true
2026-03-11 19:30:00,1919.44,1921.18,1919.43,1920.99,true
2026-03-11 20:00:00,1921.56,1921.69,1921.16,1921.28,true
2026-03-11 20:30:00,1921.31,1922.10,1921.00,1921.72,true
2026-03-11 21:00:00,1921.96,1923.70,1921.70,1923.28,true
2026-03-11 21:30:00,1923.45,1924.75,1920.42,1924.51,true
2026-03-11 22:00:00,1925.29,1929.73,1925.19,1929.72,true
2026-03-11 22:30:00,1929.72,1931.60,1929.09,1931.02,true
2026-03-11 23:00:00,1931.00,1933.75,1930.71,1933.70,true
2026-03-11 23:30:00,1933.91,1940.95,1929.54,1933.02,true
2026-03-12 00:00:00,1933.02,1935.61,1926.08,1932.28,true
2026-03-12 00:30:00,1931.94,1937.46,1931.59,1936.70,true
2026-03-12 01:00:00,1936.77,1936.89,1933.41,1934.55,true
2026-03-12 01:30:00,1934.53,1938.63,1934.43,1936.52,true
2026-03-12 02:00:00,1936.09,1970.38,1929.04,1942.51,true
2026-03-12 02:30:00,1941.80,1943.18,1939.32,1941.20,true
2026-03-12 03:00:00,1941.23,1946.54,1940.01,1945.93,true
2026-03-12 03:30:00,1947.73,1949.29,1946.84,1948.50,true
2026-03-12 04:00:00,1948.67,1952.33,1948.67,1951.49,true
2026-03-12 04:30:00,1951.51,1958.69,1946.59,1948.23,true
2026-03-12 05:00:00,1947.82,1960.62,1942.38,1943.04,true
2026-03-12 05:30:00,1943.28,1954.98,1942.25,1951.71,true
2026-03-12 06:00:00,1951.56,1953.53,1949.91,1950.48,true
2026-03-12 06:30:00,1950.66,1956.28,1950.32,1952.86,true
2026-03-12 07:00:00,1952.78,1953.65,1951.01,1951.67,true
2026-03-12 07:30:00,1951.94,1952.18,1951.10,1951.58,true
2026-03-12 08:00:00,1951.81,1952.17,1945.82,1949.99,true
2026-03-12 08:30:00,1949.89,1953.24,1949.80,1952.47,true
2026-03-12 09:00:00,1953.52,1953.52,1945.59,1949.02,true
2026-03-12 09:30:00,1948.99,1950.86,1948.75,1950.59,true
2026-03-12 10:00:00,1951.36,1956.77,1951.36,1956.19,true
2026-03-12 10:30:00,1956.08,1959.59,1956.07,1958.94,true
2026-03-12 11:00:00,1958.59,1967.00,1957.30,1959.56,true
2026-03-12 11:30:00,1959.45,1961.64,1955.89,1960.71,true
2026-03-12 12:00:00,1961.30,1963.13,1945.10,1954.89,true
2026-03-12 12:30:00,1954.65,1955.70,1950.69,1953.60,true
2026-03-12 13:00:00,1953.67,1954.44,1951.63,1951.65,true
2026-03-12 13:30:00,1951.97,1952.97,1945.62,1947.80,true
2026-03-12 14:00:00,1947.80,1987.97,1926.38,1962.45,true
2026-03-12 14:30:00,1962.56,2001.08,1929.17,1950.86,true
2026-03-12 15:00:00,1950.79,1960.30,1950.38,1956.31,true
2026-03-12 15:30:00,1956.63,1966.13,1955.83,1964.63,true
2026-03-12 16:00:00,1964.40,1973.71,1912.95,1959.99,true
2026-03-12 16:30:00,1959.68,1981.67,1957.11,1976.34,true
2026-03-12 17:00:00,1978.70,1985.06,1978.56,1983.72,true
2026-03-12 17:30:00,1983.96,2039.97,1969.10,1991.20,true
2026-03-12 18:00:00,1992.87,1995.32,1986.37,1988.76,true
2026-03-12 18:30:00,1989.33,2010.17,1953.27,1994.94,true
2026-03-12 19:00:00,1995.04,1996.95,1991.00,1992.00,true
2026-03-12 19:30:00,1992.00,1999.46,1968.94,1989.83,true
2026-03-12 20:00:00,1987.80,1988.64,1987.00,1988.61,true
2026-03-12 20:30:00,1988.35,1988.42,1987.32,1987.56,true
2026-03-12 21:00:00,1987.96,2002.65,1984.22,1994.82,true
2026-03-12 21:30:00,1995.11,1995.11,1971.47,1987.23,true
2026-03-12 22:00:00,1987.41,1988.07,1986.78,1987.10,true
2026-03-12 22:30:00,1985.34,1985.48,1985.14,1985.25,true
2026-03-12 23:00:00,1985.48,1994.65,1985.38,1990.45,true
2026-03-12 23:30:00,1990.89,1990.89,1990.31,1990.47,true
2026-03-13 02:00:00,1983.48,1984.18,1983.48,1984.02,true
2026-03-13 02:30:00,1983.88,1984.19,1982.09,1982.43,true
2026-03-13 03:00:00,1982.39,1984.18,1981.94,1982.97,true
2026-03-13 03:30:00,1983.04,1993.32,1981.77,1984.23,true
2026-03-13 04:00:00,1985.34,1985.61,1980.10,1980.89,true
2026-03-13 04:30:00,1981.45,1981.57,1981.40,1981.48,true
2026-03-13 05:00:00,1982.10,1984.86,1981.67,1984.70,true
2026-03-13 05:30:00,1984.85,1987.13,1982.43,1986.88,true
2026-03-13 06:00:00,1986.89,1987.00,1986.87,1986.97,true
2026-03-13 06:30:00,1986.85,1988.01,1984.72,1987.28,true
2026-03-13 07:00:00,1987.30,1988.70,1987.16,1988.59,true
2026-03-13 07:30:00,1988.59,1998.49,1988.17,1991.09,true
2026-03-13 08:00:00,1991.09,1991.21,1985.82,1987.78,true
2026-03-13 08:30:00,1987.62,1989.31,1987.52,1988.52,true
2026-03-13 09:00:00,1988.39,1991.61,1985.55,1985.88,true
2026-03-13 09:30:00,1985.88,1986.15,1985.60,1985.69,true
2026-03-13 10:00:00,1986.10,1986.41,1985.23,1985.74,true
2026-03-13 10:30:00,1985.49,1985.89,1985.23,1985.65,true
2026-03-13 11:00:00,1985.51,1986.66,1984.39,1986.51,true
2026-03-13 11:30:00,1986.56,1988.75,1983.19,1985.67,true
2026-03-13 12:00:00,1985.67,1986.82,1985.64,1986.40,true
2026-03-13 12:30:00,1986.20,1988.54,1986.20,1988.09,true
2026-03-13 13:00:00,1988.09,1991.57,1988.04,1990.97,true
2026-03-13 13:30:00,1990.97,1996.73,1931.71,1986.14,true
2026-03-13 14:00:00,1986.03,1994.25,1974.17,1989.21,true
2026-03-13 14:30:00,1989.19,1989.61,1986.87,1987.02,true
2026-03-13 15:00:00,1987.02,1987.90,1984.26,1987.77,true
2026-03-13 15:30:00,1987.67,1988.76,1986.98,1987.27,true
2026-03-13 16:00:00,1987.21,1989.70,1986.66,1988.43,true
2026-03-13 16:30:00,1988.75,1992.67,1975.27,1990.22,true
2026-03-13 17:00:00,1990.17,1991.20,1989.98,1990.77,true
2026-03-13 17:30:00,1990.40,2020.83,1989.35,1999.62,true
2026-03-13 18:00:00,1999.88,2000.35,1998.90,1998.91,true
2026-03-13 18:30:00,1998.64,2002.63,1998.64,2002.42,true
2026-03-13 19:00:00,2002.40,2002.66,2001.11,2001.15,true
2026-03-13 19:30:00,2001.17,2003.79,1998.53,1999.93,true
2026-03-13 20:00:00,2000.56,2000.75,1999.81,1999.91,true
2026-03-13 20:30:00,1999.89,2030.80,1989.43,2002.82,true
2026-03-13 21:00:00,2002.79,2004.11,2002.67,2003.39,true
2026-03-13 21:30:00,2003.48,2005.44,1998.45,2005.44,true
2026-03-16 02:00:00,2002.53,2002.61,2002.29,2002.60,true
2026-03-16 02:30:00,2002.66,2003.40,2002.23,2002.25,true
2026-03-16 03:00:00,2002.20,2003.11,2000.41,2002.89,true
2026-03-16 03:30:00,2002.19,2002.19,2001.41,2001.70,true
2026-03-16 04:00:00,2003.02,2003.51,2001.24,2001.30,true
2026-03-16 04:30:00,2001.18,2003.20,1991.80,2000.23,true
2026-03-16 05:00:00,2000.26,2001.71,1997.23,1997.44,true
2026-03-16 05:30:00,1997.53,2014.73,1995.87,1995.87,true
2026-03-16 06:00:00,1995.89,1996.13,1995.56,1995.56,true
2026-03-16 06:30:00,1996.91,1999.21,1993.63,1994.38,true
2026-03-16 07:00:00,1994.57,1994.57,1992.32,1993.33,true
2026-03-16 07:30:00,1993.24,1993.42,1991.43,1992.35,true
2026-03-16 08:00:00,1991.69,1992.01,1991.69,1991.89,true
2026-03-16 08:30:00,1991.82,1992.39,1989.27,1990.90,true
2026-03-16 09:00:00,1990.66,1991.76,1990.66,1991.65,true
2026-03-16 09:30:00,1991.63,1991.77,1990.84,1991.58,true
2026-03-16 10:00:00,1991.66,1994.02,1991.44,1993.71,true
2026-03-16 10:30:00,1993.64,1993.67,1993.49,1993.51,true
2026-03-16 11:00:00,1993.30,1995.30,1992.56,1992.69,true
2026-03-16 11:30:00,1992.66,1993.13,1990.96,1991.16,true
2026-03-16 12:00:00,1990.87,1991.90,1990.08,1991.29,true
2026-03-16 12:30:00,1991.29,1992.94,1988.44,1990.59,true
2026-03-16 13:00:00,1990.54,1990.61,1990.32,1990.36,true
2026-03-16 13:30:00,1990.28,1992.46,1976.11,1987.30,true
2026-03-16 14:00:00,1987.23,1991.60,1986.75,1988.37,true
2026-03-16 14:30:00,1988.28,1989.12,1987.09,1988.09,true
2026-03-16 15:00:00,1987.91,1987.94,1987.51,1987.74,true
2026-03-16 15:30:00,1987.75,1987.80,1984.25,1984.52,true
2026-03-16 16:00:00,1984.49,1986.00,1982.44,1983.64,true
2026-03-16 16:30:00,1983.61,1983.93,1982.82,1983.24,true
2026-03-16 17:00:00,1983.16,1983.77,1978.05,1979.63,true
2026-03-16 17:30:00,1979.60,1979.94,1978.97,1979.12,true
2026-03-16 18:00:00,1978.90,1980.41,1974.57,1977.78,true
2026-03-16 18:30:00,1977.77,1979.91,1974.86,1978.89,true
2026-03-16 19:00:00,1978.87,1982.49,1978.85,1982.06,true
2026-03-16 19:30:00,1982.10,1982.17,1981.57,1982.03,true
2026-03-16 20:00:00,1981.99,1983.00,1980.81,1981.40,true
2026-03-16 20:30:00,1981.33,1981.87,1977.31,1979.46,true
2026-03-16 21:00:00,1979.33,1979.52,1978.93,1979.05,true
2026-03-16 21:30:00,1978.85,1978.93,1978.55,1978.58,true
2026-03-16 22:00:00,1978.58,1978.58,1977.49,1977.83,true
2026-03-16 22:30:00,1977.80,1977.85,1976.91,1977.52,true
2026-03-16 23:00:00,1977.53,1978.06,1977.33,1978.04,true
2026-03-16 23:30:00,1978.30,1979.90,1977.84,1978.71,true
2026-03-17 00:00:00,1978.58,1978.63,1977.43,1977.73,true
2026-03-17 00:30:00,1977.69,1979.54,1976.02,1977.49,true
2026-03-17 01:00:00,1977.51,1979.80,1977.51,1979.38,true
2026-03-17 01:30:00,1979.37,1985.57,1976.61,1982.54,true
2026-03-17 02:00:00,1982.62,1986.74,1979.66,1985.94,true
2026-03-17 02:30:00,1986.05,1989.68,1980.95,1984.35,true
2026-03-17 03:00:00,1984.28,1984.37,1981.84,1982.04,true
2026-03-17 03:30:00,1982.01,1984.69,1979.62,1980.96,true
2026-03-17 04:00:00,1980.66,1982.81,1979.68,1982.39,true
2026-03-17 04:30:00,1982.43,1985.66,1978.99,1981.84,true
2026-03-17 05:00:00,1981.86,1985.13,1978.45,1981.36,true
2026-03-17 05:30:00,1981.44,1981.53,1981.13,1981.21,true
2026-03-17 06:00:00,1981.20,1981.93,1981.08,1981.90,true
2026-03-17 06:30:00,1981.95,1985.60,1977.47,1982.48,true
2026-03-17 07:00:00,1982.40,1983.73,1981.57,1983.50,true
2026-03-17 07:30:00,1983.52,1984.20,1982.86,1983.08,true
2026-03-17 08:00:00,1982.86,1983.30,1982.40,1983.22,true
2026-03-17 08:30:00,1983.22,1988.58,1980.15,1987.18,true
2026-03-17 09:00:00,1987.26,1987.38,1986.24,1987.06,true
2026-03-17 09:30:00,1987.07,1989.93,1982.69,1988.17,true
2026-03-17 10:00:00,1988.19,1988.58,1988.19,1988.37,true
2026-03-17 10:30:00,1988.16,1988.34,1987.58,1987.62,true
2026-03-17 11:00:00,1987.58,1991.51,1979.73,1990.71,true
2026-03-17 11:30:00,1990.73,1991.16,1987.81,1989.95,true
2026-03-17 12:00:00,1989.94,1992.66,1989.83,1990.64,true
2026-03-17 12:30:00,1990.89,1991.63,1988.43,1988.51,true
2026-03-17 13:00:00,1988.56,1991.43,1985.84,1989.77,true
2026-03-17 13:30:00,1989.92,1994.21,1989.70,1991.58,true
2026-03-17 14:00:00,1991.48,1991.65,1986.17,1986.95,true
2026-03-17 14:30:00,1987.28,1990.20,1987.11,1989.66,true
2026-03-17 15:00:00,1989.85,1990.19,1989.84,1990.07,true
2026-03-17 15:30:00,1990.03,1994.96,1989.93,1994.92,true
2026-03-17 16:00:00,1994.92,1994.93,1991.37,1992.10,true
2026-03-17 16:30:00,1992.07,1992.66,1981.97,1986.56,true
2026-03-17 17:00:00,1986.64,1989.25,1983.78,1984.11,true
2026-03-17 17:30:00,1984.03,1984.99,1983.77,1984.99,true
2026-03-17 18:00:00,1985.12,1989.41,1982.95,1986.06,true
2026-03-17 18:30:00,1986.04,1988.42,1985.58,1988.12,true
2026-03-17 19:00:00,1988.22,1988.69,1986.52,1986.52,true
2026-03-17 19:30:00,1986.47,1988.01,1982.02,1982.12,true
2026-03-17 20:00:00,1982.29,1983.17,1982.07,1982.94,true
2026-03-17 20:30:00,1982.94,1983.16,1981.37,1981.43,true
2026-03-17 21:00:00,1981.43,1982.14,1978.10,1980.36,true
2026-03-17 21:30:00,1980.26,1981.61,1979.96,1981.44,true
2026-03-17 22:00:00,1981.37,1982.25,1976.65,1977.31,true
2026-03-17 22:30:00,1977.31,1981.29,1977.21,1978.22,true
2026-03-17 23:00:00,1978.15,1979.34,1978.08,1979.10,true
2026-03-17 23:30:00,1979.12,1981.61,1977.16,1979.68,true
2026-03-18 01:00:00,1979.97,1979.97,1976.67,1976.77,true
2026-03-18 01:30:00,1976.67,1976.96,1975.87,1976.94,true
2026-03-18 02:00:00,1976.86,1977.65,1976.46,1977.56,true
2026-03-18 02:30:00,1977.59,1988.44,1975.21,1980.35,true
2026-03-18 03:00:00,1980.26,1980.57,1977.95,1978.00,true
2026-03-18 03:30:00,1978.11,1982.37,1974.12,1979.69,true
2026-03-18 04:00:00,1979.61,1984.79,1978.88,1984.21,true
2026-03-18 04:30:00,1983.93,1986.28,1970.28,1980.67,true
2026-03-18 05:00:00,1980.69,1983.79,1970.41,1976.21,true
2026-03-18 05:30:00,1976.36,1984.18,1975.57,1978.44,true
2026-03-18 06:00:00,1978.46,1978.75,1974.65,1974.72,true
2026-03-18 06:30:00,1974.70,1975.35,1968.40,1973.74,true
2026-03-18 07:00:00,1973.64,1975.75,1973.22,1974.97,true
2026-03-18 07:30:00,1974.97,1978.43,1973.27,1977.77,true
2026-03-18 08:00:00,1977.74,1982.86,1977.64,1980.68,true
2026-03-18 08:30:00,1980.52,1980.76,1978.88,1979.85,true
2026-03-18 09:00:00,1979.83,1981.87,1978.81,1979.24,true
2026-03-18 09:30:00,1979.29,1980.68,1975.40,1976.67,true
2026-03-18 10:00:00,1976.63,1981.05,1974.18,1979.96,true
2026-03-18 10:30:00,1980.11,1985.73,1979.49,1981.75,true
2026-03-18 11:00:00,1981.92,1983.67,1981.07,1982.16,true
2026-03-18 11:30:00,1982.25,1986.82,1975.38,1976.65,true
2026-03-18 12:00:00,1979.83,1990.16,1977.63,1983.99,true
2026-03-18 12:30:00,1984.56,1986.00,1984.54,1985.92,true
2026-03-18 13:00:00,1985.93,1987.20,1982.89,1984.42,true
2026-03-18 13:30:00,1984.42,1985.35,1984.42,1984.90,true
2026-03-18 14:00:00,1984.73,1999.93,1980.63,1990.72,true
2026-03-18 14:30:00,1990.75,1990.78,1990.64,1990.64,true
2026-03-18 15:00:00,1990.36,1991.71,1988.04,1988.42,true
2026-03-18 15:30:00,1988.45,1993.92,1988.45,1993.57,true
2026-03-18 16:00:00,1993.58,1994.00,1988.65,1992.53,true
2026-03-18 16:30:00,1992.60,1996.12,1990.07,1995.03,true
2026-03-18 17:00:00,1995.11,2000.40,1995.11,1996.66,true
2026-03-18 17:30:00,1996.88,1997.36,1994.89,1995.47,true
2026-03-18 18:00:00,1995.44,1995.95,1992.89,1992.99,true
2026-03-18 18:30:00,1991.01,1992.02,1991.01,1991.85,true
2026-03-18 19:00:00,1991.83,1992.13,1990.31,1990.58,true
2026-03-18 19:30:00,1990.64,1997.03,1990.26,1992.77,true
2026-03-18 20:00:00,1992.78,1994.08,1992.39,1993.26,true
2026-03-18 20:30:00,1993.25,2001.57,1992.24,1996.83,true
2026-03-18 21:00:00,1996.86,1997.65,1996.86,1997.27,true
2026-03-18 21:30:00,1997.08,1999.96,1996.16,1999.77,true
2026-03-18 22:00:00,2000.26,2000.62,1995.56,1996.83,true
2026-03-18 22:30:00,1996.83,2014.15,1995.29,1999.85,true
2026-03-18 23:00:00,1999.80,2002.74,1996.07,1998.33,true
2026-03-18 23:30:00,1998.27,2004.90,1997.30,2004.47,true
2026-03-19 00:00:00,2004.62,2007.61,2003.10,2006.72,true
2026-03-19 00:30:00,2005.81,2010.88,2001.64,2002.01,true
2026-03-19 02:00:00,2000.94,2001.83,2000.90,2001.25,true
2026-03-19 02:30:00,2001.13,2001.32,2000.94,2000.95,true
2026-03-19 03:00:00,2000.89,2001.61,1999.99,2001.44,true
2026-03-19 03:30:00,2001.48,2002.62,2000.53,2002.08,true
2026-03-19 04:00:00,2001.92,2002.45,1996.07,1999.32,true
2026-03-19 04:30:00,1999.26,2005.01,1994.08,2000.78,true
2026-03-19 05:00:00,2000.83,2000.84,2000.78,2000.78,true
2026-03-19 05:30:00,2000.85,2000.85,2000.23,2000.68,true
2026-03-19 06:00:00,2000.23,2001.43,2000.00,2001.24,true
2026-03-19 06:30:00,2001.29,2003.80,2000.43,2003.04,true
2026-03-19 07:00:00,2003.06,2011.47,1998.79,2004.54,true
2026-03-19 07:30:00,2004.68,2005.97,2004.68,2005.34,true
2026-03-19 08:00:00,2005.52,2008.93,2005.41,2007.60,true
2026-03-19 08:30:00,2007.46,2007.50,2007.43,2007.48,true
2026-03-19 09:00:00,2007.34,2007.39,2007.24,2007.38,true
2026-03-19 09:30:00,2006.94,2007.12,2006.44,2006.77,true
2026-03-19 10:00:00,2006.70,2007.99,2006.58,2007.67,true
2026-03-19 10:30:00,2007.61,2007.72,2007.28,2007.35,true
2026-03-19 11:00:00,2007.40,2012.66,2004.37,2005.66,true
2026-03-19 11:30:00,2005.65,2006.62,2005.65,2006.04,true
2026-03-19 12:00:00,2006.01,2006.06,2005.63,2005.78,true
2026-03-19 12:30:00,2005.80,2007.95,2005.74,2007.90,true
2026-03-19 13:00:00,2007.84,2009.00,2007.53,2008.13,true
2026-03-19 13:30:00,2008.14,2010.45,2004.98,2007.12,true
2026-03-19 14:00:00,2007.14,2007.68,2006.63,2007.63,true
2026-03-19 14:30:00,2007.71,2007.73,2005.29,2005.56,true
2026-03-19 15:00:00,2005.53,2014.30,2005.23,2009.90,true
2026-03-19 15:30:00,2009.96,2013.57,2004.61,2005.89,true
2026-03-19 16:00:00,2005.31,2006.99,2001.69,2002.24,true
2026-03-19 16:30:00,2002.25,2007.74,2000.07,2003.56,true
2026-03-19 17:00:00,2003.19,2007.48,2001.48,2006.80,true
2026-03-19 17:30:00,2006.93,2032.12,1989.92,2000.88,true
2026-03-19 18:00:00,2000.86,2002.11,1997.72,1998.27,true
2026-03-19 18:30:00,1998.28,2015.02,1986.94,2001.18,true
2026-03-19 19:00:00,2001.20,2001.43,1994.01,1998.89,true
2026-03-19 19:30:00,1998.77,2000.52,1991.25,1993.22,true
2026-03-19 20:00:00,1993.11,2010.09,1991.89,1997.77,true
2026-03-19 20:30:00,1997.58,1998.12,1997.57,1998.12,true
2026-03-19 21:00:00,1997.73,1997.90,1996.29,1996.49,true
2026-03-19 21:30:00,1996.44,1996.72,1989.19,1990.73,true
2026-03-19 22:00:00,1989.61,1990.43,1989.51,1990.21,true
2026-03-19 22:30:00,1990.18,1991.70,1989.53,1990.74,true
2026-03-19 23:00:00,1990.77,1991.16,1990.34,1991.03,true
2026-03-19 23:30:00,1991.02,1997.14,1989.48,1989.66,true
2026-03-20 00:00:00,1989.71,1992.76,1987.19,1992.27,true
2026-03-20 00:30:00,1992.20,1992.58,1991.29,1991.46,true
2026-03-20 01:00:00,1991.45,1991.70,1990.02,1990.79,true
2026-03-20 01:30:00,1990.27,1998.79,1990.02,1996.16,true
2026-03-20 02:00:00,1996.22,1996.26,1996.09,1996.12,true
2026-03-20 02:30:00,1995.98,2000.24,1995.23,1999.87,true
2026-03-20 03:00:00,1999.70,2002.16,1997.08,1998.04,true
2026-03-20 03:30:00,1997.90,2001.86,1996.89,2001.55,true
2026-03-20 04:00:00,2001.58,2007.90,2001.50,2006.83,true
2026-03-20 04:30:00,2006.90,2008.93,2006.55,2008.48,true
2026-03-20 05:00:00,2008.47,2015.64,2007.38,2012.48,true
2026-03-20 05:30:00,2012.52,2012.59,2010.99,2011.25,true
2026-03-20 06:00:00,2011.17,2011.73,2007.40,2008.99,true
2026-03-20 06:30:00,2008.93,2010.45,2005.33,2009.81,true
2026-03-20 07:00:00,2009.84,2010.15,2007.30,2007.94,true
2026-03-20 07:30:00,2008.17,2011.54,1995.11,2009.70,true
2026-03-20 08:00:00,2009.59,2020.54,2007.68,2016.58,true
2026-03-20 08:30:00,2016.38,2020.96,2016.19,2019.23,true
2026-03-20 09:00:00,2019.55,2020.42,2018.97,2019.01,true
2026-03-20 09:30:00,2018.87,2050.13,2005.76,2023.11,true
2026-03-20 10:00:00,2023.39,2023.69,2022.41,2022.60,true
2026-03-20 10:30:00,2022.33,2028.14,2018.23,2024.21,true
2026-03-20 11:00:00,2024.33,2024.60,2024.32,2024.60,true
2026-03-20 11:30:00,2024.90,2025.02,2024.48,2024.61,true
2026-03-20 12:00:00,2024.54,2024.77,2017.54,2018.19,true
2026-03-20 12:30:00,2018.19,2018.22,2017.95,2018.04,true
2026-03-20 13:00:00,2017.99,2018.03,2015.30,2015.53,true
2026-03-20 13:30:00,2015.51,2015.67,2014.43,2014.63,true
2026-03-20 14:00:00,2014.21,2014.21,2012.20,2013.40,true
2026-03-20 14:30:00,2013.34,2013.35,2013.21,2013.28,true
2026-03-20 15:00:00,2013.10,2015.81,2012.24,2014.10,true
2026-03-20 15:30:00,2014.11,2014.66,2013.99,2014.64,true
2026-03-20 16:00:00,2015.17,2015.34,1997.83,2009.89,true
2026-03-20 16:30:00,2010.39,2012.48,2004.64,2007.24,true
2026-03-20 17:00:00,2007.40,2008.34,2004.47,2005.64,true
2026-03-20 17:30:00,2005.69,2007.91,2002.36,2006.80,true
2026-03-20 18:00:00,2006.84,2006.84,2006.75,2006.76,true
2026-03-20 18:30:00,2006.38,2008.10,2006.01,2007.81,true
2026-03-20 19:00:00,2006.66,2010.26,1978.74,2004.73,true
2026-03-20 19:30:00,2004.96,2005.47,2002.63,2004.48,true
2026-03-20 20:00:00,2004.45,2004.51,2004.26,2004.29,true
2026-03-20 20:30:00,2004.30,2011.57,2002.00,2005.45,true
2026-03-20 21:00:00,2006.23,2008.37,2005.86,2007.86,true
2026-03-20 21:30:00,2008.09,2013.71,2007.92,2010.05,true
2026-03-20 22:00:00,2010.16,2010.67,2001.49,2001.83,true
2026-03-20 22:30:00,2001.87,2006.79,1996.32,2004.02,true
2026-03-20 23:00:00,2003.84,2006.98,2003.77,2006.24,true
2026-03-20 23:30:00,2006.30,2015.32,1994.90,2011.83,true
2026-03-23 01:00:00,2003.94,2008.01,2003.72,2005.38,true
2026-03-23 01:30:00,2005.26,2006.02,2004.89,2005.92,true
2026-03-23 02:00:00,2005.87,2006.30,2005.09,2005.63,true
2026-03-23 02:30:00,2005.87,2006.57,2005.62,2005.63,true
2026-03-23 03:00:00,2005.65,2010.93,2005.65,2007.64,true
2026-03-23 03:30:00,2007.76,2008.17,2007.51,2008.15,true
2026-03-23 04:00:00,2002.45,2005.02,2000.95,2003.52,true
2026-03-23 04:30:00,2003.60,2003.67,2002.99,2003.04,true
2026-03-23 05:00:00,2003.21,2008.44,1998.88,2001.70,true
2026-03-23 05:30:00,2001.65,2001.65,1997.40,2000.20,true
2026-03-23 06:00:00,2000.23,2000.35,1999.98,2000.10,true
2026-03-23 06:30:00,2000.09,2019.24,1998.25,1998.71,true
2026-03-23 07:00:00,1998.94,2000.21,1996.20,1996.39,true
2026-03-23 07:30:00,1996.20,1999.51,1992.75,1998.66,true
2026-03-23 08:00:00,1998.58,2003.63,1995.16,1999.62,true
2026-03-23 08:30:00,1999.52,2000.66,1999.45,2000.46,true
2026-03-23 09:00:00,2000.33,2012.92,1990.21,1999.14,true
2026-03-23 09:30:00,1998.78,1998.78,1998.67,1998.69,true
2026-03-23 10:00:00,1998.68,2001.13,1998.08,1999.00,true
2026-03-23 10:30:00,1998.93,2011.60,1991.72,2002.00,true
2026-03-23 11:00:00,2001.87,2002.47,2001.77,2002.35,true
2026-03-23 11:30:00,2002.35,2002.58,2001.91,2001.97,true
2026-03-23 12:00:00,2001.91,2001.91,1999.99,2000.97,true
2026-03-23 12:30:00,2000.95,2001.27,2000.90,2001.13,true
2026-03-23 13:00:00,2001.25,2002.08,1997.70,1998.21,true
2026-03-23 13:30:00,1998.15,1998.69,1997.70,1997.88,true
2026-03-23 14:00:00,1997.72,1997.77,1997.55,1997.63,true
2026-03-23 14:30:00,1997.56,1997.76,1996.87,1996.87,true
2026-03-23 15:00:00,1996.89,1997.04,1995.99,1996.09,true
2026-03-23 15:30:00,1996.09,1999.94,1971.68,1999.92,true
2026-03-23 16:00:00,1999.98,1999.98,1999.58,1999.66,true
2026-03-23 16:30:00,1999.80,2017.97,1987.73,2001.69,true
2026-03-23 17:00:00,2001.96,2001.98,1999.62,2001.18,true
2026-03-23 17:30:00,2000.92,2007.61,1992.59,2002.56,true
2026-03-23 18:00:00,2002.59,2004.58,2002.11,2004.20,true
2026-03-23 18:30:00,2004.20,2005.05,2003.61,2004.87,true
2026-03-23 19:00:00,2004.54,2006.46,2003.10,2004.30,true
2026-03-23 19:30:00,2004.34,2013.66,1997.19,2005.35,true
2026-03-23 20:00:00,2005.48,2006.50,2004.37,2004.56,true
2026-03-23 20:30:00,2004.51,2005.09,2003.45,2005.01,true
2026-03-23 21:00:00,2005.13,2011.00,2005.13,2009.22,true
2026-03-23 21:30:00,2009.30,2010.90,2009.22,2010.75,true
2026-03-23 22:00:00,2010.68,2014.18,2010.12,2012.43,true
2026-03-23 22:30:00,2012.27,2012.37,2012.24,2012.35,true
2026-03-23 23:00:00,2012.27,2014.46,2012.24,2013.92,true
2026-03-23 23:30:00,2013.93,2014.23,2010.92,2010.92,true
2026-03-24 01:00:00,2011.16,2012.19,2011.12,2011.89,true
2026-03-24 01:30:00,2011.81,2013.26,2006.58,2009.52,true
2026-03-24 02:00:00,2009.47,2010.88,2003.98,2008.66,true
2026-03-24 02:30:00,2008.69,2009.26,2007.77,2007.91,true
2026-03-24 03:00:00,2007.87,2008.33,2007.75,2008.25,true
2026-03-24 03:30:00,2008.44,2008.49,2007.71,2007.83,true
2026-03-24 04:00:00,2007.73,2009.24,2006.97,2008.36,true
2026-03-24 04:30:00,2008.36,2010.04,2007.66,2009.57,true
2026-03-24 05:00:00,2009.54,2010.63,2009.29,2010.36,true
2026-03-24 05:30:00,2010.51,2012.28,2008.85,2011.61,true
2026-03-24 06:00:00,2011.58,2011.80,2010.63,2010.91,true
2026-03-24 06:30:00,2010.75,2010.93,2010.70,2010.87,true
2026-03-24 07:00:00,2011.03,2011.73,2010.97,2011.33,true
2026-03-24 07:30:00,2011.17,2017.69,2008.66,2014.30,true
2026-03-24 08:00:00,2014.27,2040.65,2010.67,2016.40,true
2026-03-24 08:30:00,2016.41,2018.44,2016.25,2017.95,true
2026-03-24 09:00:00,2017.92,2040.97,2010.41,2020.14,true
2026-03-24 09:30:00,2020.16,2020.80,2019.38,2019.72,true
2026-03-24 10:00:00,2019.74,2020.19,2019.72,2020.19,true
2026-03-24 10:30:00,2020.01,2022.45,2017.94,2021.25,true
2026-03-24 11:00:00,2021.23,2024.12,2020.91,2023.46,true
2026-03-24 11:30:00,2023.39,2023.55,2021.75,2022.86,true
2026-03-24 12:00:00,2022.82,2026.01,2015.72,2016.26,true
2026-03-24 12:30:00,2016.45,2020.09,2016.43,2018.92,true
2026-03-24 13:00:00,2018.76,2020.86,2017.54,2019.94,true
2026-03-24 13:30:00,2019.90,2024.19,2019.00,2023.06,true
2026-03-24 14:00:00,2023.77,2029.04,2023.77,2026.54,true
2026-03-24 14:30:00,2026.62,2026.77,2026.56,2026.72,true
2026-03-24 15:00:00,2026.68,2033.53,2022.59,2027.94,true
2026-03-24 15:30:00,2027.94,2029.39,2027.54,2027.67,true
2026-03-24 16:00:00,2027.85,2027.85,2026.15,2026.48,true
2026-03-24 16:30:00,2026.48,2026.80,2026.27,2026.61,true
2026-03-24 17:00:00,2025.47,2027.53,2025.10,2026.68,true
2026-03-24 17:30:00,2026.07,2026.36,2021.44,2023.63,true
2026-03-24 18:00:00,2023.73,2024.88,2021.20,2022.02,true
2026-03-24 18:30:00,2022.47,2049.38,2005.34,2026.14,true
2026-03-24 19:00:00,2026.03,2027.81,2025.95,2026.86,true
2026-03-24 19:30:00,2026.38,2029.80,2024.69,2027.30,true
2026-03-24 20:00:00,2027.20,2027.94,2025.30,2026.68,true
2026-03-24 20:30:00,2026.68,2028.22,2025.84,2027.43,true
2026-03-24 21:00:00,2027.57,2029.87,2024.43,2029.10,true
2026-03-24 21:30:00,2028.94,2028.94,2027.93,2027.93,true
2026-03-24 22:00:00,2027.87,2031.11,2026.80,2029.06,true
2026-03-24 22:30:00,2029.00,2032.38,2024.76,2031.57,true
2026-03-24 23:00:00,2031.76,2031.85,2029.97,2031.30,true
2026-03-24 23:30:00,2031.30,2039.58,2030.51,2030.59,true
2026-03-25 00:00:00,2030.61,2030.67,2030.55,2030.66,true
2026-03-25 00:30:00,2030.63,2030.94,2030.62,2030.92,true
2026-03-25 02:00:00,2031.43,2035.78,2031.43,2033.16,true
2026-03-25 02:30:00,2033.10,2034.93,2031.19,2032.22,true
2026-03-25 03:00:00,2032.28,2032.38,2032.20,2032.22,true
2026-03-25 03:30:00,2032.07,2034.26,2031.84,2033.28,true
2026-03-25 04:00:00,2033.32,2035.91,2032.67,2034.28,true
2026-03-25 04:30:00,2034.29,2035.38,2025.75,2027.64,true
2026-03-25 05:00:00,2027.78,2028.06,2027.52,2027.64,true
2026-03-25 05:30:00,2027.64,2036.63,2026.72,2029.10,true
2026-03-25 06:00:00,2029.36,2029.78,2029.36,2029.78,true
2026-03-25 06:30:00,2029.72,2046.25,2023.52,2027.77,true
2026-03-25 07:00:00,2027.90,2034.35,2025.68,2028.64,true
2026-03-25 07:30:00,2028.66,2029.77,2027.99,2028.76,true
2026-03-25 08:00:00,2028.78,2028.80,2028.20,2028.26,true
2026-03-25 08:30:00,2028.31,2039.87,2017.51,2032.67,true
2026-03-25 09:00:00,2032.35,2032.83,2030.90,2032.69,true
2026-03-25 09:30:00,2031.77,2032.27,2031.77,2032.27,true
2026-03-25 10:00:00,2032.33,2032.96,2032.32,2032.87,true
2026-03-25 10:30:00,2032.77,2034.71,2032.45,2033.23,true
2026-03-25 11:00:00,2033.26,2034.82,2030.36,2032.48,true
2026-03-25 11:30:00,2032.48,2036.83,2032.40,2034.43,true
2026-03-25 12:00:00,2034.49,2035.72,2032.49,2034.00,true
2026-03-25 12:30:00,2034.61,2035.71,2034.06,2035.48,true
2026-03-25 13:00:00,2035.88,2036.61,2035.37,2036.21,true
2026-03-25 13:30:00,2036.35,2036.74,2035.11,2035.11,true
2026-03-25 14:00:00,2035.16,2037.32,2034.70,2036.99,true
2026-03-25 14:30:00,2037.06,2037.06,2032.45,2034.53,true
2026-03-25 15:00:00,2034.45,2047.68,2030.19,2036.93,true
2026-03-25 15:30:00,2036.93,2038.04,2034.01,2035.52,true
2026-03-25 16:00:00,2035.52,2037.68,2033.13,2037.37,true
2026-03-25 16:30:00,2037.42,2041.86,2021.47,2035.88,true
2026-03-25 17:00:00,2035.93,2040.38,2035.93,2039.58,true
2026-03-25 17:30:00,2039.61,2039.66,2039.03,2039.06,true
2026-03-25 18:00:00,2039.06,2039.06,2037.63,2038.25,true
2026-03-25 18:30:00,2038.31,2039.67,2037.50,2038.02,true
2026-03-25 19:00:00,2038.07,2038.08,2037.81,2037.82,true
2026-03-25 19:30:00,2037.74,2038.96,2036.96,2038.53,true
2026-03-25 20:00:00,2038.51,2038.57,2033.90,2033.99,true
2026-03-25 20:30:00,2034.12,2034.61,2033.58,2034.50,true
2026-03-25 21:00:00,2034.54,2034.84,2033.61,2034.15,true
2026-03-25 21:30:00,2034.12,2034.27,2034.02,2034.04,true
2026-03-25 22:00:00,2033.81,2034.33,2032.94,2033.19,true
2026-03-25 22:30:00,2033.17,2038.01,2030.27,2031.96,true
2026-03-25 23:00:00,2031.90,2031.92,2031.89,2031.92,true
2026-03-25 23:30:00,2032.28,2032.32,2032.28,2032.30,true
2026-03-26 01:00:00,2031.76,2032.08,2031.51,2031.91,true
2026-03-26 01:30:00,2031.91,2034.12,2030.37,2033.08,true
2026-03-26 02:00:00,2033.04,2033.05,2032.59,2033.00,true
2026-03-26 02:30:00,2032.96,2034.55,2032.15,2034.15,true
2026-03-26 03:00:00,2033.79,2040.10,2032.74,2035.22,true
2026-03-26 03:30:00,2035.22,2041.80,2029.58,2034.28,true
2026-03-26 04:00:00,2034.52,2036.18,2034.52,2036.07,true
2026-03-26 04:30:00,2035.74,2036.08,2035.25,2035.35,true
2026-03-26 05:00:00,2035.43,2036.10,2035.18,2035.50,true
2026-03-26 05:30:00,2035.49,2035.96,2035.46,2035.75,true
2026-03-26 06:00:00,2035.57,2035.58,2035.23,2035.32,true
2026-03-26 06:30:00,2035.43,2037.80,2034.83,2037.08,true
2026-03-26 07:00:00,2037.10,2037.10,2037.02,2037.03,true
2026-03-26 07:30:00,2036.98,2037.06,2036.82,2036.90,true
2026-03-26 08:00:00,2036.95,2037.89,2035.64,2036.31,true
2026-03-26 08:30:00,2036.30,2036.62,2036.20,2036.45,true
2026-03-26 09:00:00,2036.44,2050.51,2036.44,2038.35,true
2026-03-26 09:30:00,2037.75,2039.08,2035.32,2037.17,true
2026-03-26 10:00:00,2037.17,2037.36,2036.62,2036.95,true
2026-03-26 10:30:00,2036.77,2038.52,2034.18,2037.68,true
2026-03-26 11:00:00,2037.73,2045.22,2029.19,2043.33,true
2026-03-26 11:30:00,2043.40,2045.87,2040.64,2042.26,true
2026-03-26 12:00:00,2042.31,2051.01,2041.74,2044.39,true
2026-03-26 12:30:00,2044.45,2046.03,2044.32,2044.63,true
2026-03-26 13:00:00,2044.51,2045.00,2044.09,2044.62,true
2026-03-26 13:30:00,2044.62,2044.79,2044.17,2044.17,true
2026-03-26 14:00:00,2044.06,2044.58,2043.63,2044.41,true
2026-03-26 14:30:00,2044.41,2044.67,2044.09,2044.55,true
2026-03-26 15:00:00,2044.54,2044.54,2043.20,2043.55,true
2026-03-26 15:30:00,2043.46,2044.29,2036.77,2038.78,true
2026-03-26 16:00:00,2038.78,2039.19,2038.37,2038.65,true
2026-03-26 16:30:00,2038.62,2040.09,2036.00,2039.80,true
2026-03-26 17:00:00,2039.78,2047.42,2039.23,2044.82,true
2026-03-26 17:30:00,2044.77,2046.35,2044.73,2045.74,true
2026-03-26 18:00:00,2045.54,2045.54,2044.05,2044.38,true
2026-03-26 18:30:00,2044.39,2046.35,2044.34,2046.13,true
2026-03-26 19:00:00,2046.18,2046.41,2045.77,2046.09,true
2026-03-26 19:30:00,2046.06,2046.71,2045.87,2046.56,true
2026-03-26 20:00:00,2046.52,2046.69,2046.44,2046.63,true
2026-03-26 20:30:00,2046.67,2046.68,2046.35,2046.35,true
2026-03-26 21:00:00,2046.12,2046.13,2046.05,2046.07,true
2026-03-26 21:30:00,2046.25,2048.85,2021.87,2044.12,true
2026-03-26 22:00:00,2044.02,2046.08,2043.62,2045.65,true
2026-03-26 22:30:00,2045.70,2058.84,2032.56,2047.19,true
2026-03-26 23:00:00,2046.81,2049.52,2042.43,2046.08,true
2026-03-26 23:30:00,2046.18,2062.26,2039.14,2047.66,true
2026-03-27 00:00:00,2047.69,2048.01,2047.48,2047.59,true
2026-03-27 00:30:00,2047.94,2047.97,2047.88,2047.92,true
2026-03-27 02:00:00,2049.93,2050.28,2048.62,2049.70,true
2026-03-27 02:30:00,2049.37,2051.93,2048.70,2050.68,true
2026-03-27 03:00:00,2050.56,2050.75,2049.62,2050.11,true
2026-03-27 03:30:00,2050.08,2051.12,2048.44,2049.90,true
2026-03-27 04:00:00,2049.93,2050.11,2049.93,2050.10,true
2026-03-27 04:30:00,2050.04,2059.21,2048.62,2050.89,true
2026-03-27 05:00:00,2050.99,2051.01,2049.83,2050.39,true
2026-03-27 05:30:00,2050.11,2057.10,2048.71,2051.31,true
2026-03-27 06:00:00,2051.10,2051.11,2051.06,2051.06,true
2026-03-27 06:30:00,2051.13,2051.39,2051.07,2051.31,true
2026-03-27 07:00:00,2051.37,2051.37,2050.95,2051.08,true
2026-03-27 07:30:00,2051.12,2051.61,2049.10,2050.29,true
2026-03-27 08:00:00,2050.12,2050.82,2050.12,2050.63,true
2026-03-27 08:30:00,2050.57,2050.76,2050.06,2050.44,true
2026-03-27 09:00:00,2050.40,2051.67,2049.31,2051.10,true
2026-03-27 09:30:00,2051.12,2051.60,2050.71,2051.25,true
2026-03-27 10:00:00,2051.21,2053.44,2051.21,2052.34,true
2026-03-27 10:30:00,2052.31,2053.40,2052.07,2052.39,true
2026-03-27 11:00:00,2052.36,2053.01,2045.86,2051.15,true
2026-03-27 11:30:00,2051.19,2051.58,2050.88,2051.34,true
2026-03-27 12:00:00,2051.36,2051.54,2051.32,2051.54,true
2026-03-27 12:30:00,2051.48,2052.20,2051.30,2051.78,true
2026-03-27 13:00:00,2051.82,2052.01,2051.79,2052.00,true
2026-03-27 13:30:00,2051.98,2052.07,2050.84,2051.05,true
2026-03-27 14:00:00,2050.99,2052.75,2049.91,2050.14,true
2026-03-27 14:30:00,2050.19,2050.33,2048.20,2048.20,true
2026-03-27 15:00:00,2048.10,2048.56,2044.28,2048.33,true
2026-03-27 15:30:00,2048.65,2049.26,2048.43,2049.12,true
2026-03-27 16:00:00,2048.94,2050.91,2046.99,2047.39,true
2026-03-27 16:30:00,2047.24,2047.93,2046.96,2047.78,true
2026-03-27 17:00:00,2047.80,2049.39,2035.66,2045.92,true
2026-03-27 17:30:00,2045.94,2046.53,2045.01,2045.22,true
2026-03-27 18:00:00,2045.26,2045.38,2043.87,2044.12,true
2026-03-27 18:30:00,2044.10,2045.56,2043.20,2043.76,true
2026-03-27 19:00:00,2043.84,2045.17,2043.60,2044.35,true
2026-03-27 19:30:00,2044.33,2044.34,2044.21,2044.24,true
2026-03-27 20:00:00,2044.24,2044.28,2043.94,2044.03,true
2026-03-27 20:30:00,2044.10,2044.88,2042.60,2042.71,true
2026-03-27 21:00:00,2042.59,2042.88,2042.51,2042.85,true
2026-03-27 21:30:00,2042.83,2048.54,2039.20,2043.58,true
2026-03-27 22:00:00,2043.56,2043.86,2043.54,2043.85,true
2026-03-27 22:30:00,2044.52,2045.66,2044.52,2045.62,true
2026-03-27 23:00:00,2045.64,2045.93,2045.42,2045.71,true
2026-03-27 23:30:00,2045.50,2045.56,2045.13,2045.33,true
2026-03-30 02:00:00,2045.74,2045.81,2045.52,2045.55,true
2026-03-30 02:30:00,2045.72,2045.72,2044.69,2045.35,true
2026-03-30 03:00:00,2045.35,2045.50,2042.82,2043.99,true
2026-03-30 03:30:00,2044.00,2044.00,2040.43,2042.12,true
2026-03-30 04:00:00,2042.21,2042.60,2039.26,2039.42,true
2026-03-30 04:30:00,2039.37,2039.78,2038.18,2039.37,true
2026-03-30 05:00:00,2039.36,2039.44,2038.40,2038.56,true
2026-03-30 05:30:00,2038.20,2039.35,2037.81,2038.92,true
2026-03-30 06:00:00,2038.99,2039.77,2038.82,2039.43,true
2026-03-30 06:30:00,2039.42,2039.61,2038.70,2039.02,true
2026-03-30 07:00:00,2039.11,2040.56,2038.16,2040.37,true
2026-03-30 07:30:00,2040.37,2040.43,2039.88,2039.96,true
2026-03-30 08:00:00,2039.96,2039.98,2039.92,2039.93,true
2026-03-30 08:30:00,2039.89,2040.18,2039.64,2040.17,true
2026-03-30 09:00:00,2040.18,2041.60,2038.24,2039.01,true
2026-03-30 09:30:00,2038.95,2041.25,2038.90,2040.55,true
2026-03-30 10:00:00,2040.48,2043.54,2040.38,2042.81,true
2026-03-30 10:30:00,2042.81,2043.91,2041.64,2042.57,true
2026-03-30 11:00:00,2042.58,2042.89,2042.58,2042.78,true
2026-03-30 11:30:00,2042.95,2043.92,2042.84,2042.84,true
2026-03-30 12:00:00,2042.84,2043.35,2042.53,2043.19,true
2026-03-30 12:30:00,2043.15,2046.97,2035.10,2044.99,true
2026-03-30 13:00:00,2044.93,2045.80,2044.83,2045.36,true
2026-03-30 13:30:00,2045.33,2046.24,2045.02,2046.01,true
2026-03-30 14:00:00,2046.08,2046.31,2044.80,2045.33,true
2026-03-30 14:30:00,2045.36,2048.74,2045.36,2048.18,true
2026-03-30 15:00:00,2048.20,2049.49,2048.05,2048.20,true
2026-03-30 15:30:00,2048.19,2048.55,2048.18,2048.52,true
2026-03-30 16:00:00,2048.51,2048.96,2045.56,2047.31,true
2026-03-30 16:30:00,2047.36,2049.77,2043.00,2047.74,true
2026-03-30 17:00:00,2047.75,2048.81,2047.67,2048.54,true
2026-03-30 17:30:00,2048.54,2048.57,2048.53,2048.55,true
2026-03-30 18:00:00,2048.55,2049.69,2048.55,2049.08,true
2026-03-30 18:30:00,2049.22,2049.57,2048.04,2048.44,true
2026-03-30 19:00:00,2048.50,2048.91,2048.41,2048.73,true
2026-03-30 19:30:00,2048.77,2053.87,2042.66,2047.29,true
2026-03-30 20:00:00,2047.22,2048.18,2045.63,2045.80,true
2026-03-30 20:30:00,2045.81,2046.02,2045.17,2045.30,true
2026-03-30 21:00:00,2045.30,2046.19,2045.15,2046.09,true
2026-03-30 21:30:00,2046.05,2047.49,2045.68,2046.95,true
2026-03-30 22:00:00,2046.92,2049.55,2044.66,2048.47,true
2026-03-30 22:30:00,2048.46,2049.55,2047.46,2049.12,true
2026-03-30 23:00:00,2049.11,2049.28,2047.72,2048.31,true
2026-03-30 23:30:00,2048.38,2050.83,2048.16,2050.27,true
2026-03-31 00:00:00,2050.35,2055.93,2049.52,2049.52,true
2026-03-31 00:30:00,2049.50,2050.04,2048.86,2049.90,true
2026-03-31 02:00:00,2050.63,2050.65,2049.03,2049.54,true
2026-03-31 02:30:00,2049.83,2050.13,2049.83,2050.13,true
2026-03-31 03:00:00,2050.16,2050.33,2050.16,2050.31,true
2026-03-31 03:30:00,2050.30,2050.58,2050.23,2050.57,true
2026-03-31 04:00:00,2050.60,2051.39,2049.83,2050.20,true
2026-03-31 04:30:00,2050.18,2050.23,2049.99,2050.11,true
2026-03-31 05:00:00,2050.14,2050.19,2049.44,2049.45,true
2026-03-31 05:30:00,2049.53,2049.61,2049.33,2049.55,true
2026-03-31 06:00:00,2049.55,2049.60,2049.35,2049.43,true
2026-03-31 06:30:00,2049.46,2049.94,2049.26,2049.91,true
2026-03-31 07:00:00,2049.88,2049.97,2049.87,2049.96,true
2026-03-31 07:30:00,2050.01,2050.42,2049.21,2049.74,true
2026-03-31 08:00:00,2049.70,2049.88,2049.28,2049.60,true
2026-03-31 08:30:00,2049.60,2049.95,2049.54,2049.94,true
2026-03-31 09:00:00,2049.95,2049.95,2049.93,2049.94,true
2026-03-31 09:30:00,2050.01,2050.46,2049.60,2049.80,true
2026-03-31 10:00:00,2049.87,2050.04,2048.64,2049.67,true
2026-03-31 10:30:00,2049.67,2049.72,2049.54,2049.69,true
2026-03-31 11:00:00,2049.61,2049.92,2046.44,2047.49,true
2026-03-31 11:30:00,2047.48,2047.73,2047.20,2047.31,true
2026-03-31 12:00:00,2047.31,2047.31,2047.15,2047.26,true
2026-03-31 12:30:00,2047.22,2047.89,2047.13,2047.22,true
2026-03-31 13:00:00,2047.21,2048.74,2047.08,2048.21,true
2026-03-31 13:30:00,2048.19,2048.19,2048.07,2048.08,true
2026-03-31 14:00:00,2048.13,2048.98,2048.12,2048.54,true
2026-03-31 14:30:00,2048.53,2049.28,2048.53,2049.22,true
2026-03-31 15:00:00,2049.23,2049.47,2048.89,2049.41,true
2026-03-31 15:30:00,2049.37,2050.48,2044.02,2044.61,true
2026-03-31 16:00:00,2044.58,2044.88,2044.57,2044.75,true
2026-03-31 16:30:00,2044.74,2050.25,2042.56,2043.75,true
2026-03-31 17:00:00,2043.74,2051.86,2033.05,2040.72,true
2026-03-31 17:30:00,2040.57,2041.65,2039.41,2040.05,true
2026-03-31 18:00:00,2040.01,2040.19,2039.91,2040.18,true
2026-03-31 18:30:00,2040.37,2041.06,2039.33,2040.92,true
2026-03-31 19:00:00,2040.92,2040.96,2040.92,2040.94,true
2026-03-31 19:30:00,2040.98,2051.73,2026.56,2042.54,true
2026-03-31 20:00:00,2042.54,2042.56,2041.98,2042.11,true
2026-03-31 20:30:00,2042.14,2042.40,2041.74,2041.89,true
2026-03-31 21:00:00,2041.72,2041.76,2041.25,2041.46,true
2026-03-31 21:30:00,2041.47,2044.26,2040.22,2043.21,true
2026-03-31 22:00:00,2043.20,2044.28,2042.93,2043.92,true
2026-03-31 22:30:00,2043.92,2045.31,2039.73,2043.30,true
2026-03-31 23:00:00,2043.25,2043.38,2042.73,2043.14,true
2026-03-31 23:30:00,2043.09,2044.94,2042.95,2043.68,true
2026-04-01 01:00:00,2044.00,2056.39,2033.59,2042.48,true
2026-04-01 01:30:00,2042.51,2043.25,2041.42,2041.82,true
2026-04-01 02:00:00,2041.77,2042.60,2041.50,2042.60,true
2026-04-01 02:30:00,2042.59,2042.62,2041.02,2041.43,true
2026-04-01 03:00:00,2041.43,2046.07,2038.24,2046.06,true
2026-04-01 03:30:00,2046.06,2046.13,2045.37,2045.56,true
2026-04-01 04:00:00,2045.63,2048.71,2042.77,2048.28,true
2026-04-01 04:30:00,2048.11,2048.22,2045.34,2046.66,true
2026-04-01 05:00:00,2046.66,2046.69,2045.85,2045.87,true
2026-04-01 05:30:00,2045.41,2045.45,2045.35,2045.37,true
2026-04-01 06:00:00,2045.38,2046.00,2045.20,2045.99,true
2026-04-01 06:30:00,2045.86,2045.89,2045.78,2045.79,true
2026-04-01 07:00:00,2046.02,2046.20,2045.14,2045.63,true
2026-04-01 07:30:00,2045.56,2047.07,2045.48,2046.99,true
2026-04-01 08:00:00,2047.02,2047.04,2046.72,2046.78,true
2026-04-01 08:30:00,2046.93,2047.29,2045.26,2045.82,true
2026-04-01 09:00:00,2045.83,2047.78,2044.94,2047.00,true
2026-04-01 09:30:00,2047.05,2047.30,2046.91,2047.19,true
2026-04-01 10:00:00,2047.17,2047.22,2046.29,2046.76,true
2026-04-01 10:30:00,2046.76,2048.37,2046.63,2047.09,true
2026-04-01 11:00:00,2047.10,2047.15,2044.46,2044.68,true
2026-04-01 11:30:00,2044.72,2045.07,2043.46,2043.83,true
2026-04-01 12:00:00,2043.88,2044.62,2042.41,2042.74,true
2026-04-01 12:30:00,2042.55,2042.72,2041.87,2041.87,true
2026-04-01 13:00:00,2041.85,2048.12,2039.97,2043.69,true
2026-04-01 13:30:00,2043.68,2045.18,2043.68,2044.14,true
2026-04-01 14:00:00,2044.13,2046.07,2042.80,2045.00,true
2026-04-01 14:30:00,2044.99,2045.52,2044.93,2044.94,true
2026-04-01 15:00:00,2044.92,2045.54,2044.29,2045.27,true
2026-04-01 15:30:00,2045.28,2049.50,2045.06,2046.52,true
2026-04-01 16:00:00,2046.65,2046.74,2046.41,2046.50,true
2026-04-01 16:30:00,2046.51,2047.12,2044.46,2045.27,true
2026-04-01 17:00:00,2045.23,2045.42,2043.67,2043.74,true
2026-04-01 17:30:00,2043.76,2050.81,2039.83,2044.84,true
2026-04-01 18:00:00,2044.91,2045.83,2044.69,2045.48,true
2026-04-01 18:30:00,2045.50,2047.24,2045.50,2047.15,true
2026-04-01 19:00:00,2047.29,2061.07,2044.20,2045.04,true
2026-04-01 19:30:00,2045.02,2048.24,2044.38,2046.41,true
2026-04-01 20:00:00,2046.38,2046.85,2046.36,2046.79,true
2026-04-01 20:30:00,2046.72,2054.78,2046.01,2047.99,true
2026-04-01 21:00:00,2047.98,2049.00,2044.55,2045.31,true
2026-04-01 21:30:00,2045.39,2045.46,2045.38,2045.44,true
2026-04-01 22:00:00,2045.69,2045.70,2045.36,2045.40,true
2026-04-01 22:30:00,2045.38,2046.46,2044.63,2046.23,true
2026-04-01 23:00:00,2046.19,2047.61,2046.18,2047.28,true
2026-04-01 23:30:00,2047.31,2048.37,2047.13,2047.77,true
2026-04-02 01:00:00,2047.50,2048.58,2047.40,2048.55,true
2026-04-02 01:30:00,2048.57,2048.62,2046.30,2046.98,true
2026-04-02 02:00:00,2047.00,2048.73,2045.36,2048.42,true
2026-04-02 02:30:00,2048.42,2050.61,2047.83,2049.88,true
2026-04-02 03:00:00,2049.84,2050.03,2047.23,2047.88,true
2026-04-02 03:30:00,2047.88,2047.97,2047.53,2047.67,true
2026-04-02 04:00:00,2047.58,2049.20,2046.96,2048.93,true
2026-04-02 04:30:00,2048.88,2050.66,2048.54,2050.41,true
2026-04-02 05:00:00,2050.42,2051.74,2047.43,2051.08,true
2026-04-02 05:30:00,2051.08,2051.33,2050.69,2050.75,true
2026-04-02 06:00:00,2050.68,2051.34,2049.80,2051.26,true
2026-04-02 06:30:00,2051.17,2051.86,2049.18,2049.99,true
2026-04-02 07:00:00,2049.88,2050.06,2049.45,2049.60,true
2026-04-02 07:30:00,2049.60,2049.60,2049.54,2049.54,true
2026-04-02 08:00:00,2049.65,2052.41,2048.85,2051.71,true
2026-04-02 08:30:00,2051.69,2051.76,2050.38,2050.58,true
2026-04-02 09:00:00,2050.62,2050.82,2050.01,2050.09,true
2026-04-02 09:30:00,2050.09,2050.41,2049.54,2049.96,true
2026-04-02 10:00:00,2050.02,2054.63,2045.83,2050.70,true
2026-04-02 10:30:00,2050.69,2052.19,2049.02,2049.89,true
2026-04-02 11:00:00,2049.93,2049.93,2041.09,2047.19,true
2026-04-02 11:30:00,2047.21,2048.49,2046.86,2048.31,true
2026-04-02 12:00:00,2048.25,2048.30,2048.24,2048.30,true
2026-04-02 12:30:00,2048.19,2053.54,2046.44,2047.56,true
2026-04-02 13:00:00,2047.48,2047.51,2046.61,2046.61,true
2026-04-02 13:30:00,2046.58,2047.00,2044.78,2044.85,true
2026-04-02 14:00:00,2044.85,2045.90,2044.75,2045.74,true
2026-04-02 14:30:00,2045.87,2046.16,2044.33,2044.39,true
2026-04-02 15:00:00,2044.39,2044.69,2043.90,2044.00,true
2026-04-02 15:30:00,2044.11,2046.34,2043.19,2046.02,true
2026-04-02 16:00:00,2046.16,2046.44,2046.06,2046.40,true
2026-04-02 16:30:00,2046.42,2047.94,2046.08,2047.77,true
2026-04-02 17:00:00,2047.71,2067.81,2035.74,2043.69,true
2026-04-02 17:30:00,2043.73,2050.94,2043.60,2050.64,true
2026-04-02 18:00:00,2050.62,2050.91,2050.58,2050.82,true
2026-04-02 18:30:00,2050.89,2050.96,2050.14,2050.61,true
2026-04-02 19:00:00,2050.73,2053.52,2046.02,2049.63,true
2026-04-02 19:30:00,2049.59,2049.60,2049.52,2049.54,true
2026-04-02 20:00:00,2049.66,2049.90,2048.25,2049.19,true
2026-04-02 20:30:00,2049.23,2055.30,2045.13,2050.87,true
2026-04-02 21:00:00,2050.72,2051.28,2050.71,2051.12,true
2026-04-02 21:30:00,2051.08,2057.44,2032.49,2052.91,true
2026-04-02 22:00:00,2052.75,2053.45,2052.67,2053.43,true
2026-04-02 22:30:00,2053.42,2055.80,2053.28,2054.99,true
2026-04-02 23:00:00,2054.97,2057.38,2054.18,2056.69,true
2026-04-02 23:30:00,2056.62,2058.00,2056.31,2057.01,true
2026-04-03 01:00:00,2058.17,2064.79,2053.13,2058.80,true
2026-04-03 01:30:00,2058.73,2059.02,2058.67,2058.91,true
2026-04-03 02:00:00,2058.66,2058.70,2058.59,2058.62,true
2026-04-03 02:30:00,2058.61,2059.54,2058.52,2058.70,true
2026-04-03 03:00:00,2058.67,2059.66,2057.34,2057.34,true
2026-04-03 03:30:00,2057.34,2057.64,2056.97,2057.50,true
2026-04-03 04:00:00,2057.50,2058.28,2057.29,2058.03,true
2026-04-03 04:30:00,2058.21,2062.51,2056.00,2057.28,true
2026-04-03 05:00:00,2057.13,2057.50,2055.63,2056.35,true
2026-04-03 05:30:00,2056.50,2058.69,2053.75,2055.68,true
2026-04-03 06:00:00,2055.33,2056.31,2048.47,2054.07,true
2026-04-03 06:30:00,2054.00,2054.03,2053.99,2054.03,true
2026-04-03 07:00:00,2054.01,2054.17,2053.66,2053.83,true
2026-04-03 07:30:00,2053.73,2054.13,2051.20,2052.56,true
2026-04-03 08:00:00,2052.36,2053.00,2051.64,2052.87,true
2026-04-03 08:30:00,2053.22,2061.27,2038.64,2048.58,true
2026-04-03 09:00:00,2048.71,2054.78,2040.66,2047.39,true
2026-04-03 09:30:00,2047.33,2048.16,2044.64,2047.64,true
2026-04-03 10:00:00,2047.66,2048.87,2046.98,2048.45,true
2026-04-03 10:30:00,2048.44,2049.02,2047.45,2047.48,true
2026-04-03 11:00:00,2047.53,2048.60,2047.14,2048.58,true
2026-04-03 11:30:00,2048.55,2049.25,2047.70,2048.41,true
2026-04-03 12:00:00,2048.44,2048.60,2047.94,2048.24,true
2026-04-03 12:30:00,2047.97,2048.28,2047.69,2048.10,true
2026-04-03 13:00:00,2049.08,2053.95,2045.93,2048.59,true
2026-04-03 13:30:00,2048.58,2058.88,2048.58,2049.61,true
2026-04-03 14:00:00,2049.58,2056.37,2049.12,2050.96,true
2026-04-03 14:30:00,2050.99,2053.82,2049.42,2050.57,true
2026-04-03 15:00:00,2050.55,2050.68,2050.15,2050.19,true
2026-04-03 15:30:00,2050.52,2052.63,2050.42,2052.06,true
2026-04-03 16:00:00,2051.98,2056.18,2051.57,2053.39,true
2026-04-03 16:30:00,2053.43,2053.97,2052.24,2053.89,true
2026-04-03 17:00:00,2053.76,2055.18,2050.41,2051.60,true
2026-04-03 17:30:00,2051.52,2051.81,2051.43,2051.79,true
2026-04-03 18:00:00,2051.60,2053.32,2050.81,2053.18,true
2026-04-03 18:30:00,2053.22,2053.48,2050.24,2050.36,true
2026-04-03 19:00:00,2050.45,2050.56,2050.44,2050.52,true
2026-04-03 19:30:00,2050.60,2051.61,2050.52,2051.34,true
2026-04-03 20:00:00,2051.36,2052.51,2050.54,2051.36,true
2026-04-03 20:30:00,2052.36,2054.29,2051.50,2054.05,true
2026-04-03 21:00:00,2054.02,2056.11,2052.12,2052.52,true
2026-04-03 21:30:00,2052.66,2053.92,2050.53,2053.14,true
2026-04-03 22:00:00,2053.14,2054.42,2050.83,2051.58,true
2026-04-03 22:30:00,2051.61,2052.34,2050.06,2050.82,true
2026-04-03 23:00:00,2050.82,2051.60,2050.10,2050.23,true
2026-04-03 23:30:00,2050.21,2051.81,2049.11,2051.33,true
2026-04-06 01:00:00,2057.57,2058.87,2055.17,2057.84,true
2026-04-06 01:30:00,2057.63,2059.51,2053.47,2058.57,true
2026-04-06 02:00:00,2058.57,2058.57,2057.74,2058.01,true
2026-04-06 02:30:00,2057.99,2058.13,2057.54,2057.55,true
2026-04-06 03:00:00,2057.46,2057.92,2057.44,2057.88,true
2026-04-06 03:30:00,2058.24,2059.08,2052.22,2057.26,true
2026-04-06 04:00:00,2057.23,2057.96,2055.91,2056.26,true
2026-04-06 04:30:00,2056.28,2056.36,2055.65,2055.87,true
2026-04-06 05:00:00,2055.84,2055.99,2055.45,2055.66,true
2026-04-06 05:30:00,2055.47,2055.54,2054.72,2054.73,true
2026-04-06 06:00:00,2054.89,2055.14,2052.40,2052.82,true
2026-04-06 06:30:00,2052.77,2055.75,2051.88,2054.18,true
2026-04-06 07:00:00,2054.19,2054.82,2054.15,2054.31,true
2026-04-06 07:30:00,2054.04,2054.48,2054.04,2054.46,true
2026-04-06 08:00:00,2054.46,2054.71,2054.36,2054.71,true
2026-04-06 08:30:00,2054.75,2060.66,2049.64,2055.71,true
2026-04-06 09:00:00,2055.69,2058.86,2054.04,2054.04,true
2026-04-06 09:30:00,2054.04,2065.47,2052.47,2058.85,true
2026-04-06 10:00:00,2058.82,2058.82,2058.30,2058.39,true
2026-04-06 10:30:00,2058.46,2058.52,2058.32,2058.33,true
2026-04-06 11:00:00,2058.25,2058.26,2056.95,2056.96,true
2026-04-06 11:30:00,2057.09,2061.36,2056.85,2057.73,true
2026-04-06 12:00:00,2057.72,2057.98,2055.77,2055.83,true
2026-04-06 12:30:00,2055.83,2056.63,2055.41,2055.60,true
2026-04-06 13:00:00,2055.39,2055.79,2055.37,2055.71,true
2026-04-06 13:30:00,2055.79,2059.15,2053.49,2056.55,true
2026-04-06 14:00:00,2056.61,2056.78,2055.51,2055.77,true
2026-04-06 14:30:00,2055.78,2056.12,2054.96,2055.17,true
2026-04-06 15:00:00,2055.16,2055.51,2055.03,2055.35,true
2026-04-06 15:30:00,2055.33,2062.19,2054.20,2059.82,true
2026-04-06 16:00:00,2059.83,2067.90,2058.47,2062.12,true
2026-04-06 16:30:00,2062.09,2062.14,2061.59,2061.72,true
2026-04-06 17:00:00,2061.86,2064.29,2058.63,2064.20,true
2026-04-06 17:30:00,2064.14,2064.81,2059.72,2061.61,true
2026-04-06 18:00:00,2061.45,2062.14,2060.88,2061.18,true
2026-04-06 18:30:00,2061.16,2063.50,2059.63,2059.87,true
2026-04-06 19:00:00,2059.87,2062.10,2058.84,2061.36,true
2026-04-06 19:30:00,2061.10,2061.17,2060.84,2060.92,true
2026-04-06 20:00:00,2060.90,2061.50,2059.22,2059.56,true
2026-04-06 20:30:00,2059.75,2060.27,2059.68,2060.15,true
2026-04-06 21:00:00,2060.12,2061.31,2059.48,2061.00,true
2026-04-06 21:30:00,2060.99,2061.44,2060.64,2061.22,true
2026-04-06 22:00:00,2061.22,2061.29,2060.63,2060.91,true
2026-04-06 22:30:00,2060.88,2061.04,2060.55,2060.70,true
2026-04-06 23:00:00,2060.77,2061.15,2060.34,2060.98,true
2026-04-06 23:30:00,2060.97,2062.07,2059.40,2060.49,true
2026-04-07 00:00:00,2060.62,2061.03,2060.41,2060.73,true
2026-04-07 00:30:00,2060.65,2060.73,2059.68,2060.22,true
2026-04-07 02:00:00,2060.22,2060.37,2060.21,2060.33,true
2026-04-07 02:30:00,2060.30,2060.68,2059.56,2059.69,true
2026-04-07 03:00:00,2059.69,2059.72,2059.30,2059.50,true
2026-04-07 03:30:00,2059.53,2059.53,2054.31,2056.45,true
2026-04-07 04:00:00,2056.51,2062.71,2056.51,2058.69,true
2026-04-07 04:30:00,2058.69,2058.69,2053.73,2056.07,true
2026-04-07 05:00:00,2056.09,2057.08,2054.76,2055.53,true
2026-04-07 05:30:00,2055.59,2057.39,2054.92,2057.24,true
2026-04-07 06:00:00,2057.12,2064.12,2055.13,2058.03,true
2026-04-07 06:30:00,2058.02,2058.12,2057.33,2057.33,true
2026-04-07 07:00:00,2057.18,2057.34,2056.29,2056.63,true
2026-04-07 07:30:00,2056.54,2057.04,2055.80,2056.95,true
2026-04-07 08:00:00,2056.94,2057.03,2056.90,2057.01,true
2026-04-07 08:30:00,2057.01,2058.47,2054.10,2056.75,true
2026-04-07 09:00:00,2056.76,2066.18,2048.53,2049.21,true
2026-04-07 09:30:00,2049.17,2051.11,2042.51,2044.06,true
2026-04-07 10:00:00,2043.64,2044.19,2043.09,2044.17,true
2026-04-07 10:30:00,2044.18,2044.30,2042.50,2042.86,true
2026-04-07 11:00:00,2042.59,2047.86,2042.13,2045.79,true
2026-04-07 11:30:00,2045.79,2046.22,2044.96,2045.16,true
2026-04-07 12:00:00,2045.02,2045.91,2044.35,2045.81,true
2026-04-07 12:30:00,2045.80,2046.24,2045.29,2045.64,true
2026-04-07 13:00:00,2045.54,2045.57,2045.27,2045.31,true
2026-04-07 13:30:00,2045.06,2048.03,2044.01,2047.51,true
2026-04-07 14:00:00,2047.63,2048.03,2046.19,2046.29,true
2026-04-07 14:30:00,2046.09,2046.89,2045.65,2046.62,true
2026-04-07 15:00:00,2046.64,2047.58,2045.66,2047.41,true
2026-04-07 15:30:00,2047.37,2048.30,2046.30,2046.45,true
2026-04-07 16:00:00,2046.54,2054.59,2045.61,2053.62,true
2026-04-07 16:30:00,2053.66,2053.66,2045.10,2050.76,true
2026-04-07 17:00:00,2050.78,2058.31,2044.57,2046.35,true
2026-04-07 17:30:00,2047.14,2057.50,2038.11,2053.79,true
2026-04-07 18:00:00,2053.62,2054.23,2053.55,2054.15,true
2026-04-07 18:30:00,2053.98,2055.32,2053.26,2055.20,true
2026-04-07 19:00:00,2055.28,2057.95,2055.27,2056.41,true
2026-04-07 19:30:00,2056.41,2056.41,2053.76,2054.37,true
2026-04-07 20:00:00,2054.41,2056.39,2054.28,2055.74,true
2026-04-07 20:30:00,2055.88,2058.34,2049.32,2054.41,true
2026-04-07 21:00:00,2054.08,2054.38,2053.51,2053.78,true
2026-04-07 21:30:00,2053.05,2053.12,2053.05,2053.10,true
2026-04-07 22:00:00,2053.17,2053.17,2050.80,2051.91,true
2026-04-07 22:30:00,2051.72,2051.82,2050.40,2051.23,true
2026-04-07 23:00:00,2051.22,2053.32,2050.39,2052.05,true
2026-04-07 23:30:00,2052.09,2052.62,2051.31,2052.27,true
2026-04-08 01:00:00,2052.05,2052.24,2052.01,2052.15,true
2026-04-08 01:30:00,2052.10,2052.11,2050.53,2050.85,true
2026-04-08 02:00:00,2050.86,2051.17,2050.42,2051.05,true
2026-04-08 02:30:00,2051.06,2052.92,2047.70,2050.26,true
2026-04-08 03:00:00,2050.25,2052.10,2049.29,2052.05,true
2026-04-08 03:30:00,2052.11,2052.17,2049.67,2050.34,true
2026-04-08 04:00:00,2050.29,2051.06,2049.35,2050.84,true
2026-04-08 04:30:00,2050.78,2051.61,2050.26,2050.78,true
2026-04-08 05:00:00,2050.85,2050.91,2050.32,2050.47,true
2026-04-08 05:30:00,2050.46,2052.73,2049.97,2051.89,true
2026-04-08 06:00:00,2051.79,2052.91,2051.48,2052.79,true
2026-04-08 06:30:00,2052.79,2053.22,2052.56,2052.97,true
2026-04-08 07:00:00,2052.99,2053.39,2051.10,2051.52,true
2026-04-08 07:30:00,2051.53,2052.57,2050.53,2052.31,true
2026-04-08 08:00:00,2052.32,2052.52,2052.28,2052.46,true
2026-04-08 08:30:00,2052.17,2052.51,2051.54,2051.63,true
2026-04-08 09:00:00,2051.63,2054.33,2051.53,2052.67,true
2026-04-08 09:30:00,2052.65,2058.43,2050.32,2053.54,true
2026-04-08 10:00:00,2053.53,2053.83,2052.19,2052.44,true
2026-04-08 10:30:00,2052.35,2075.11,2051.05,2056.98,true
2026-04-08 11:00:00,2056.87,2057.14,2056.32,2056.62,true
2026-04-08 11:30:00,2056.66,2058.55,2055.11,2058.04,true
2026-04-08 12:00:00,2058.05,2058.17,2057.58,2057.65,true
2026-04-08 12:30:00,2057.49,2058.99,2057.47,2058.04,true
2026-04-08 13:00:00,2058.05,2063.64,2055.83,2056.63,true
2026-04-08 13:30:00,2056.65,2056.71,2056.22,2056.45,true
2026-04-08 14:00:00,2056.35,2056.61,2056.22,2056.61,true
2026-04-08 14:30:00,2056.58,2063.02,2047.20,2057.50,true
2026-04-08 15:00:00,2057.54,2058.57,2057.54,2057.92,true
2026-04-08 15:30:00,2057.94,2058.62,2054.84,2057.64,true
2026-04-08 16:00:00,2057.61,2060.82,2057.59,2058.70,true
2026-04-08 16:30:00,2058.60,2060.47,2056.20,2056.87,true
2026-04-08 17:00:00,2057.02,2057.90,2052.97,2054.18,true
2026-04-08 17:30:00,2054.17,2057.26,2054.17,2056.05,true
2026-04-08 18:00:00,2056.15,2062.66,2047.13,2054.91,true
2026-04-08 18:30:00,2054.51,2054.97,2054.25,2054.27,true
2026-04-08 19:00:00,2054.09,2066.96,2040.42,2048.59,true
2026-04-08 19:30:00,2048.60,2055.16,2042.04,2047.39,true
2026-04-08 20:00:00,2047.19,2047.20,2047.17,2047.18,true
2026-04-08 20:30:00,2047.17,2047.63,2043.43,2046.11,true
2026-04-08 21:00:00,2046.15,2048.11,2043.90,2044.22,true
2026-04-08 21:30:00,2045.31,2046.15,2041.01,2045.78,true
2026-04-08 22:00:00,2045.66,2046.24,2044.01,2044.01,true
2026-04-08 22:30:00,2044.47,2046.76,2043.65,2046.07,true
2026-04-08 23:00:00,2046.13,2048.81,2045.99,2046.90,true
2026-04-08 23:30:00,2046.93,2051.17,2040.68,2047.60,true
2026-04-09 01:00:00,2048.78,2049.51,2048.61,2049.48,true
2026-04-09 01:30:00,2049.57,2057.81,2047.76,2048.78,true
2026-04-09 02:00:00,2049.44,2051.34,2044.02,2047.49,true
2026-04-09 02:30:00,2047.62,2047.74,2047.37,2047.68,true
2026-04-09 03:00:00,2047.68,2047.78,2047.42,2047.48,true
2026-04-09 03:30:00,2047.53,2049.19,2046.46,2047.22,true
2026-04-09 04:00:00,2047.22,2047.44,2047.13,2047.43,true
2026-04-09 04:30:00,2047.36,2048.90,2045.92,2048.60,true
2026-04-09 05:00:00,2048.59,2051.18,2046.38,2050.28,true
2026-04-09 05:30:00,2050.19,2054.82,2050.04,2053.73,true
2026-04-09 06:00:00,2053.54,2057.61,2049.42,2050.57,true
2026-04-09 06:30:00,2050.53,2051.36,2043.94,2044.95,true
2026-04-09 07:00:00,2044.82,2044.97,2043.70,2044.22,true
2026-04-09 07:30:00,2044.22,2052.39,2043.70,2045.69,true
2026-04-09 08:00:00,2045.63,2046.40,2039.40,2044.23,true
2026-04-09 08:30:00,2044.23,2047.74,2039.92,2043.17,true
2026-04-09 09:00:00,2043.21,2044.47,2038.37,2042.07,true
2026-04-09 09:30:00,2042.00,2044.42,2041.85,2043.82,true
2026-04-09 10:00:00,2043.68,2074.93,1975.08,2036.82,true
2026-04-09 10:30:00,2037.78,2038.05,2037.36,2037.53,true
2026-04-09 11:00:00,2037.51,2038.58,2037.46,2037.90,true
2026-04-09 11:30:00,2038.00,2041.47,2025.01,2036.31,true
2026-04-09 12:00:00,2036.31,2036.96,2035.62,2036.81,true
2026-04-09 12:30:00,2036.83,2037.12,2035.13,2035.38,true
2026-04-09 13:00:00,2035.41,2038.56,2034.09,2038.42,true
2026-04-09 13:30:00,2039.74,2040.35,2037.27,2037.99,true
2026-04-09 14:00:00,2037.93,2039.29,2037.27,2037.46,true
2026-04-09 14:30:00,2037.50,2038.04,2037.34,2037.88,true
2026-04-09 15:00:00,2038.08,2042.97,2034.75,2039.28,true
2026-04-09 15:30:00,2039.28,2049.95,2034.52,2044.74,true
2026-04-09 16:00:00,2044.62,2065.13,2031.45,2053.67,true
2026-04-09 16:30:00,2053.91,2054.36,2051.07,2051.07,true
2026-04-09 17:00:00,2051.44,2052.15,2049.96,2050.38,true
2026-04-09 17:30:00,2049.81,2051.64,2044.74,2047.61,true
2026-04-09 18:00:00,2047.40,2048.01,2047.38,2047.93,true
2026-04-09 18:30:00,2047.08,2049.28,2046.23,2048.23,true
2026-04-09 19:00:00,2048.18,2048.37,2048.16,2048.37,true
2026-04-09 19:30:00,2047.56,2049.87,2047.41,2048.98,true
2026-04-09 20:00:00,2048.92,2049.52,2043.11,2046.26,true
2026-04-09 20:30:00,2046.11,2046.59,2043.99,2044.52,true
2026-04-09 21:00:00,2044.51,2048.23,2044.51,2047.18,true
2026-04-09 21:30:00,2047.27,2050.93,2044.66,2049.50,true
2026-04-09 22:00:00,2049.56,2053.88,2042.31,2047.85,true
2026-04-09 22:30:00,2047.89,2050.64,2042.00,2048.63,true
2026-04-09 23:00:00,2048.34,2048.34,2048.05,2048.24,true
2026-04-09 23:30:00,2049.18,2049.96,2048.59,2049.33,true
2026-04-10 00:00:00,2048.65,2048.81,2048.15,2048.43,true
2026-04-10 00:30:00,2048.36,2049.83,2048.26,2048.58,true
2026-04-10 02:00:00,2049.80,2053.17,2049.80,2051.45,true
2026-04-10 02:30:00,2051.05,2051.53,2050.56,2050.77,true
2026-04-10 03:00:00,2050.79,2051.14,2048.23,2048.79,true
2026-04-10 03:30:00,2048.80,2058.66,2048.80,2054.74,true
2026-04-10 04:00:00,2054.41,2054.45,2053.69,2053.75,true
2026-04-10 04:30:00,2053.87,2055.44,2048.31,2051.26,true
2026-04-10 05:00:00,2050.96,2054.59,2046.45,2053.03,true
2026-04-10 05:30:00,2053.99,2053.99,2053.15,2053.47,true
2026-04-10 06:00:00,2053.59,2053.63,2053.23,2053.41,true
2026-04-10 06:30:00,2053.71,2055.73,2049.99,2051.31,true
2026-04-10 07:00:00,2051.33,2052.16,2047.94,2049.19,true
2026-04-10 07:30:00,2049.27,2049.59,2043.52,2043.57,true
2026-04-10 08:00:00,2043.63,2045.28,2040.52,2044.82,true
2026-04-10 08:30:00,2044.76,2060.61,2042.36,2050.00,true
2026-04-10 09:00:00,2050.30,2052.64,2049.19,2051.62,true
2026-04-10 09:30:00,2051.62,2051.64,2049.59,2049.71,true
2026-04-10 10:00:00,2049.75,2050.52,2049.75,2050.28,true
2026-04-10 10:30:00,2050.25,2050.25,2049.30,2049.62,true
2026-04-10 11:00:00,2049.56,2053.77,2049.17,2052.01,true
2026-04-10 11:30:00,2051.94,2056.96,2020.49,2053.79,true
2026-04-10 12:00:00,2054.24,2058.26,2049.93,2057.23,true
2026-04-10 12:30:00,2057.04,2057.40,2056.98,2057.10,true
2026-04-10 13:00:00,2056.72,2057.89,2047.66,2052.76,true
2026-04-10 13:30:00,2053.09,2053.20,2053.09,2053.13,true
2026-04-10 14:00:00,2053.19,2058.68,2053.19,2056.82,true
2026-04-10 14:30:00,2056.76,2080.92,2035.95,2050.97,true
2026-04-10 15:00:00,2051.03,2060.45,2049.47,2059.21,true
2026-04-10 15:30:00,2058.86,2058.90,2057.35,2058.35,true
2026-04-10 16:00:00,2058.32,2058.33,2056.83,2057.04,true
2026-04-10 16:30:00,2057.15,2058.58,2056.33,2057.66,true
2026-04-10 17:00:00,2057.45,2077.48,2054.74,2066.44,true
2026-04-10 17:30:00,2066.69,2066.91,2066.66,2066.78,true
2026-04-10 18:00:00,2066.69,2066.77,2061.17,2064.85,true
2026-04-10 18:30:00,2065.39,2068.32,2061.73,2062.32,true
2026-04-10 19:00:00,2062.25,2062.34,2061.87,2061.87,true
2026-04-10 19:30:00,2061.50,2066.78,2061.50,2065.98,true
2026-04-10 20:00:00,2065.03,2065.27,2064.71,2064.82,true
2026-04-10 20:30:00,2064.72,2066.45,2059.13,2062.55,true
2026-04-10 21:00:00,2062.33,2066.11,2060.95,2061.11,true
2026-04-10 21:30:00,2061.02,2066.47,2056.94,2057.90,true
2026-04-10 22:00:00,2057.76,2058.16,2054.73,2055.02,true
2026-04-10 22:30:00,2055.02,2057.28,2055.02,2056.42,true
2026-04-13 02:00:00,2062.33,2066.35,2061.58,2065.76,true
2026-04-13 02:30:00,2065.57,2067.49,2064.35,2066.67,true
2026-04-13 03:00:00,2066.71,2071.13,2063.23,2065.13,true
2026-04-13 03:30:00,2065.15,2065.16,2065.12,2065.12,true
2026-04-13 04:00:00,2065.08,2065.44,2064.93,2065.39,true
2026-04-13 04:30:00,2065.31,2066.86,2065.21,2065.87,true
2026-04-13 05:00:00,2066.02,2067.99,2064.15,2065.42,true
2026-04-13 05:30:00,2065.44,2071.61,2060.43,2066.24,true
2026-04-13 06:00:00,2066.16,2067.05,2063.21,2064.46,true
2026-04-13 06:30:00,2064.62,2068.37,2060.46,2066.88,true
2026-04-13 07:00:00,2066.86,2067.45,2064.47,2065.79,true
2026-04-13 07:30:00,2066.28,2068.08,2059.86,2067.48,true
2026-04-13 08:00:00,2067.49,2075.13,2064.02,2066.69,true
2026-04-13 08:30:00,2065.86,2066.06,2065.84,2065.96,true
2026-04-13 09:00:00,2065.86,2067.52,2063.94,2066.57,true
2026-04-13 09:30:00,2066.38,2066.38,2064.32,2065.21,true
2026-04-13 10:00:00,2065.25,2068.63,2061.25,2067.59,true
2026-04-13 10:30:00,2067.70,2067.85,2065.62,2066.65,true
2026-04-13 11:00:00,2066.72,2067.07,2062.91,2063.24,true
2026-04-13 11:30:00,2063.37,2070.92,2047.96,2064.81,true
2026-04-13 12:00:00,2064.88,2064.92,2064.86,2064.89,true
2026-04-13 12:30:00,2064.81,2064.98,2064.49,2064.74,true
2026-04-13 13:00:00,2064.74,2066.22,2064.27,2065.93,true
2026-04-13 13:30:00,2065.84,2066.67,2065.63,2066.25,true
2026-04-13 14:00:00,2066.37,2070.26,2065.14,2065.96,true
2026-04-13 14:30:00,2064.63,2064.66,2063.19,2064.14,true
2026-04-13 15:00:00,2063.33,2074.81,2055.59,2056.84,true
2026-04-13 15:30:00,2056.80,2062.00,2054.25,2057.80,true
2026-04-13 16:00:00,2057.81,2058.63,2055.04,2055.63,true
2026-04-13 16:30:00,2055.61,2058.54,2052.80,2057.17,true
2026-04-13 17:00:00,2057.07,2057.72,2056.30,2056.54,true
2026-04-13 17:30:00,2056.54,2060.96,2056.49,2060.06,true
2026-04-13 18:00:00,2060.09,2061.06,2054.16,2054.43,true
2026-04-13 18:30:00,2054.47,2054.79,2048.12,2049.34,true
2026-04-13 19:00:00,2049.37,2051.36,2045.94,2046.06,true
2026-04-13 19:30:00,2046.13,2049.47,2033.16,2047.65,true
2026-04-13 20:00:00,2047.52,2047.63,2047.23,2047.27,true
2026-04-13 20:30:00,2047.36,2052.48,2046.49,2051.61,true
2026-04-13 21:00:00,2051.59,2051.92,2050.86,2051.17,true
2026-04-13 21:30:00,2051.30,2052.43,2043.67,2050.57,true
2026-04-13 22:00:00,2050.63,2051.19,2050.63,2051.14,true
2026-04-13 22:30:00,2051.11,2051.40,2049.90,2050.26,true
2026-04-13 23:00:00,2050.20,2053.70,2049.80,2053.10,true
2026-04-13 23:30:00,2053.40,2054.77,2047.60,2052.41,true
2026-04-14 01:00:00,2053.35,2059.15,2053.35,2059.13,true
2026-04-14 01:30:00,2059.37,2061.12,2054.50,2057.49,true
2026-04-14 02:00:00,2057.58,2062.34,2057.01,2061.68,true
2026-04-14 02:30:00,2061.69,2062.71,2052.66,2053.53,true
2026-04-14 03:00:00,2053.78,2053.78,2049.86,2050.37,true
2026-04-14 03:30:00,2050.30,2062.37,2049.07,2054.10,true
2026-04-14 04:00:00,2054.02,2057.19,2053.04,2056.34,true
2026-04-14 04:30:00,2056.37,2059.79,2054.13,2055.51,true
2026-04-14 05:00:00,2055.25,2055.85,2054.51,2055.81,true
2026-04-14 05:30:00,2055.83,2062.20,2055.83,2062.03,true
2026-04-14 06:00:00,2061.91,2062.14,2061.80,2062.14,true
2026-04-14 06:30:00,2062.29,2062.88,2060.64,2060.84,true
2026-04-14 07:00:00,2061.23,2061.25,2060.59,2060.65,true
2026-04-14 07:30:00,2061.24,2066.01,2058.59,2058.67,true
2026-04-14 08:00:00,2057.22,2058.71,2053.57,2058.30,true
2026-04-14 08:30:00,2058.27,2058.90,2051.90,2056.88,true
2026-04-14 09:00:00,2056.90,2062.44,2056.90,2062.02,true
2026-04-14 09:30:00,2062.13,2067.08,2061.28,2066.63,true
2026-04-14 10:00:00,2066.52,2082.87,2036.14,2069.45,true
2026-04-14 10:30:00,2068.97,2076.88,2067.62,2071.75,true
2026-04-14 11:00:00,2071.19,2074.28,2063.37,2063.79,true
2026-04-14 11:30:00,2063.68,2064.24,2060.98,2061.49,true
2026-04-14 12:00:00,2061.62,2064.49,2055.62,2055.84,true
2026-04-14 12:30:00,2055.84,2075.85,2048.94,2057.22,true
2026-04-14 13:00:00,2057.23,2058.78,2056.53,2058.78,true
2026-04-14 13:30:00,2058.16,2060.64,2054.14,2056.75,true
2026-04-14 14:00:00,2056.75,2063.72,2044.17,2059.81,true
2026-04-14 14:30:00,2060.01,2067.87,2059.38,2065.98,true
2026-04-14 15:00:00,2065.89,2065.89,2065.62,2065.78,true
2026-04-14 15:30:00,2065.86,2072.24,2065.38,2070.78,true
2026-04-14 16:00:00,2070.73,2083.26,2061.47,2068.55,true
2026-04-14 16:30:00,2068.61,2070.63,2067.69,2067.87,true
2026-04-14 17:00:00,2067.82,2073.54,2067.70,2071.17,true
2026-04-14 17:30:00,2071.13,2072.05,2071.07,2072.01,true
2026-04-14 18:00:00,2071.40,2084.15,2071.18,2075.74,true
2026-04-14 18:30:00,2075.96,2077.42,2070.21,2070.63,true
2026-04-14 19:00:00,2070.63,2074.77,2065.96,2074.65,true
2026-04-14 19:30:00,2074.48,2078.11,2073.79,2077.54,true
2026-04-14 20:00:00,2077.56,2080.69,2075.02,2076.13,true
2026-04-14 20:30:00,2076.05,2081.72,2075.63,2081.72,true
2026-04-14 21:00:00,2080.22,2084.29,2080.16,2082.31,true
2026-04-14 21:30:00,2081.95,2086.16,2075.58,2085.39,true
2026-04-14 22:00:00,2085.29,2085.36,2083.22,2083.80,true
2026-04-14 22:30:00,2084.16,2084.16,2084.15,2084.15,true
2026-04-14 23:00:00,2084.00,2084.74,2084.00,2084.07,true
2026-04-14 23:30:00,2084.10,2086.66,2081.36,2083.21,true
2026-04-15 01:00:00,2082.56,2090.78,2076.81,2086.03,true
2026-04-15 01:30:00,2085.93,2088.28,2085.93,2087.31,true
2026-04-15 02:00:00,2087.31,2109.61,2085.59,2099.73,true
2026-04-15 02:30:00,2100.16,2100.77,2100.13,2100.36,true
2026-04-15 03:00:00,2100.27,2102.21,2097.14,2097.75,true
2026-04-15 03:30:00,2097.91,2106.56,2087.53,2096.18,true
2026-04-15 04:00:00,2096.29,2106.22,2093.38,2103.16,true
2026-04-15 04:30:00,2103.26,2127.96,2099.69,2127.92,true
2026-04-15 05:00:00,2127.87,2133.89,2126.70,2131.78,true
2026-04-15 05:30:00,2131.71,2132.18,2131.49,2132.15,true
2026-04-15 06:00:00,2132.04,2132.42,2132.03,2132.34,true
2026-04-15 06:30:00,2132.37,2132.58,2130.86,2130.93,true
2026-04-15 07:00:00,2131.21,2132.84,2129.99,2131.98,true
2026-04-15 07:30:00,2131.65,2139.75,2122.22,2133.65,true
2026-04-15 08:00:00,2133.55,2135.20,2120.28,2126.52,true
2026-04-15 08:30:00,2126.57,2148.84,2125.43,2140.04,true
2026-04-15 09:00:00,2140.18,2199.88,2033.53,2152.17,true
2026-04-15 09:30:00,2152.52,2155.02,2150.69,2151.36,true
2026-04-15 10:00:00,2151.49,2164.63,2141.43,2147.18,true
2026-04-15 10:30:00,2147.97,2148.92,2141.19,2145.85,true
2026-04-15 11:00:00,2145.80,2214.35,2122.72,2151.23,true
2026-04-15 11:30:00,2151.64,2153.96,2150.92,2152.87,true
2026-04-15 12:00:00,2153.27,2156.76,2152.95,2155.03,true
2026-04-15 12:30:00,2155.18,2161.60,2154.72,2158.68,true
2026-04-15 13:00:00,2157.68,2158.33,2155.96,2156.33,true
2026-04-15 13:30:00,2155.62,2215.00,2119.93,2162.59,true
2026-04-15 14:00:00,2162.59,2164.73,2160.53,2162.89,true
2026-04-15 14:30:00,2162.85,2168.47,2162.45,2165.23,true
2026-04-15 15:00:00,2165.13,2177.95,2162.04,2172.30,true
2026-04-15 15:30:00,2171.74,2176.26,2157.37,2167.82,true
2026-04-15 16:00:00,2167.17,2169.97,2148.10,2148.57,true
2026-04-15 16:30:00,2148.57,2186.07,2134.24,2172.76,true
2026-04-15 17:00:00,2172.91,2172.91,2170.42,2171.43,true
2026-04-15 17:30:00,2171.16,2171.61,2162.93,2166.94,true
2026-04-15 18:00:00,2166.89,2169.00,2151.73,2164.00,true
2026-04-15 18:30:00,2164.63,2165.85,2164.63,2165.85,true
2026-04-15 19:00:00,2166.09,2166.42,2162.92,2163.56,true
2026-04-15 19:30:00,2163.57,2187.94,2140.65,2159.71,true
2026-04-15 20:00:00,2159.97,2160.93,2159.88,2160.93,true
2026-04-15 20:30:00,2160.61,2184.25,2159.00,2163.91,true
2026-04-15 21:00:00,2163.24,2163.44,2163.22,2163.38,true
2026-04-15 21:30:00,2161.80,2189.75,2091.77,2172.32,true
2026-04-15 22:00:00,2172.32,2204.19,2169.77,2174.87,true
2026-04-15 22:30:00,2174.02,2178.04,2163.20,2176.24,true
2026-04-15 23:00:00,2176.05,2176.43,2164.53,2165.20,true
2026-04-15 23:30:00,2165.07,2182.76,2153.79,2180.46,true
2026-04-16 00:00:00,2180.97,2184.59,2174.19,2179.79,true
2026-04-16 00:30:00,2179.42,2179.61,2173.52,2174.45,true
2026-04-16 02:00:00,2178.40,2182.67,2171.85,2179.76,true
2026-04-16 02:30:00,2179.68,2182.09,2175.14,2181.32,true
2026-04-16 03:00:00,2181.32,2209.15,2049.82,2195.64,true
2026-04-16 03:30:00,2195.68,2197.70,2185.41,2194.58,true
2026-04-16 04:00:00,2194.43,2219.17,2173.75,2190.67,true
2026-04-16 04:30:00,2190.74,2199.34,2184.06,2197.35,true
2026-04-16 05:00:00,2197.24,2216.73,2194.94,2207.19,true
2026-04-16 05:30:00,2207.19,2214.38,2204.14,2210.84,true
2026-04-16 06:00:00,2211.23,2213.15,2208.11,2208.60,true
2026-04-16 06:30:00,2208.79,2253.64,2204.31,2214.09,true
2026-04-16 07:00:00,2213.79,2214.63,2213.56,2214.40,true
2026-04-16 07:30:00,2213.53,2236.67,2199.71,2209.04,true
2026-04-16 08:00:00,2210.06,2211.27,2203.77,2204.03,true
2026-04-16 08:30:00,2202.50,2204.62,2201.11,2204.42,true
2026-04-16 09:00:00,2204.63,2205.26,2204.38,2205.04,true
2026-04-16 09:30:00,2204.73,2210.27,2200.72,2201.91,true
2026-04-16 10:00:00,2201.97,2203.04,2198.38,2199.58,true
2026-04-16 10:30:00,2199.66,2200.65,2197.59,2198.13,true
2026-04-16 11:00:00,2198.37,2208.66,2183.56,2201.25,true
2026-04-16 11:30:00,2201.21,2202.84,2199.92,2200.32,true
2026-04-16 12:00:00,2200.28,2203.82,2200.03,2202.11,true
2026-04-16 12:30:00,2201.78,2209.28,2196.90,2199.31,true
2026-04-16 13:00:00,2199.31,2200.44,2198.10,2198.61,true
2026-04-16 13:30:00,2198.53,2200.71,2193.92,2196.76,true
2026-04-16 14:00:00,2197.45,2206.13,2197.04,2200.01,true
2026-04-16 14:30:00,2200.83,2202.72,2183.92,2189.60,true
2026-04-16 15:00:00,2189.91,2224.14,2183.06,2220.97,true
2026-04-16 15:30:00,2220.85,2229.66,2220.66,2228.52,true
2026-04-16 16:00:00,2226.68,2227.02,2225.49,2226.22,true
2026-04-16 16:30:00,2227.03,2236.05,2226.41,2235.67,true
2026-04-16 17:00:00,2235.50,2237.46,2216.48,2219.82,true
2026-04-16 17:30:00,2219.52,2221.89,2217.34,2220.56,true
2026-04-16 18:00:00,2220.59,2222.92,2219.52,2221.43,true
2026-04-16 18:30:00,2220.86,2221.22,2210.50,2212.45,true
2026-04-16 19:00:00,2212.40,2214.85,2212.22,2214.85,true
2026-04-16 19:30:00,2214.62,2223.09,2213.57,2218.46,true
2026-04-16 20:00:00,2218.50,2219.50,2215.03,2215.67,true
2026-04-16 20:30:00,2215.60,2220.70,2215.54,2217.78,true
2026-04-16 21:00:00,2218.06,2219.04,2212.31,2214.85,true
2026-04-16 21:30:00,2214.87,2227.33,2204.98,2209.72,true
2026-04-16 22:00:00,2206.55,2213.10,2202.47,2209.88,true
2026-04-17 00:00:00,2210.71,2213.55,2209.58,2211.46,true
2026-04-17 00:30:00,2211.36,2213.70,2205.89,2212.50,true
2026-04-17 02:00:00,2215.66,2225.10,2212.78,2219.20,true
2026-04-17 02:30:00,2218.35,2218.83,2218.35,2218.71,true
2026-04-17 03:00:00,2218.97,2221.71,2213.68,2217.01,true
2026-04-17 03:30:00,2216.89,2216.89,2188.56,2208.84,true
2026-04-17 04:00:00,2208.43,2210.93,2207.67,2210.76,true
2026-04-17 04:30:00,2211.00,2221.84,2200.78,2219.98,true
2026-04-17 05:00:00,2220.08,2229.00,2214.59,2218.76,true
2026-04-17 05:30:00,2218.27,2227.22,2217.49,2225.25,true
2026-04-17 06:00:00,2225.13,2229.13,2220.96,2222.14,true
2026-04-17 06:30:00,2222.14,2227.24,2219.56,2224.44,true
2026-04-17 07:00:00,2224.18,2225.66,2221.90,2222.58,true
2026-04-17 07:30:00,2222.59,2226.73,2214.51,2216.80,true
2026-04-17 08:00:00,2216.90,2219.28,2209.59,2218.43,true
2026-04-17 08:30:00,2218.55,2225.28,2212.23,2216.34,true
2026-04-17 09:00:00,2216.60,2216.60,2214.35,2214.35,true
2026-04-17 09:30:00,2214.41,2226.27,2212.49,2217.10,true
2026-04-17 10:00:00,2217.18,2217.25,2214.16,2214.67,true
2026-04-17 10:30:00,2214.13,2225.10,2213.49,2221.15,true
2026-04-17 11:00:00,2221.24,2270.82,2194.82,2226.78,true
2026-04-17 11:30:00,2226.64,2230.77,2226.50,2228.42,true
2026-04-17 12:00:00,2229.43,2237.87,2226.47,2231.46,true
2026-04-17 12:30:00,2232.47,2233.71,2231.23,2232.22,true
2026-04-17 13:00:00,2232.40,2235.50,2227.21,2234.49,true
2026-04-17 13:30:00,2234.81,2236.61,2232.31,2235.62,true
2026-04-17 14:00:00,2236.15,2236.36,2235.67,2235.73,true
2026-04-17 14:30:00,2235.73,2255.04,2232.23,2238.33,true
2026-04-17 15:00:00,2237.93,2239.97,2232.81,2235.86,true
2026-04-17 15:30:00,2235.71,2274.62,2222.58,2222.70,true
2026-04-17 16:00:00,2222.69,2240.21,2219.82,2225.85,true
2026-04-17 16:30:00,2226.41,2232.34,2211.41,2213.09,true
2026-04-17 17:00:00,2212.46,2212.96,2212.24,2212.86,true
2026-04-17 17:30:00,2212.81,2219.36,2210.10,2217.32,true
2026-04-17 18:00:00,2215.95,2223.12,2211.66,2220.45,true
2026-04-17 18:30:00,2219.84,2220.67,2217.05,2217.86,true
2026-04-17 19:00:00,2218.11,2219.00,2216.19,2216.59,true
2026-04-17 19:30:00,2217.84,2219.41,2217.40,2219.12,true
2026-04-17 20:00:00,2219.19,2220.06,2218.78,2219.74,true
2026-04-17 20:30:00,2220.77,2222.39,2220.42,2221.89,true
2026-04-17 21:00:00,2221.83,2229.96,2195.08,2219.46,true
2026-04-17 21:30:00,2219.43,2234.84,2219.43,2221.76,true
2026-04-17 22:00:00,2221.91,2225.14,2221.40,2224.02,true
2026-04-17 22:30:00,2224.10,2230.98,2222.90,2225.39,true
2026-04-17 23:00:00,2226.26,2226.73,2224.94,2225.44,true
2026-04-17 23:30:00,2225.77,2226.06,2225.54,2226.06,true
2026-04-20 01:00:00,2244.05,2251.22,2216.68,2241.46,true
2026-04-20 01:30:00,2241.21,2241.35,2240.60,2240.89,true
2026-04-20 02:00:00,2241.07,2250.03,2214.52,2233.25,true
2026-04-20 02:30:00,2233.48,2243.60,2219.27,2241.91,true
2026-04-20 03:00:00,2241.85,2252.87,2240.89,2250.61,true
2026-04-20 03:30:00,2250.91,2255.72,2250.91,2254.63,true
2026-04-20 04:00:00,2253.08,2253.08,2251.59,2252.03,true
2026-04-20 04:30:00,2251.67,2255.19,2246.11,2248.56,true
2026-04-20 05:00:00,2248.64,2250.74,2246.50,2249.98,true
2026-04-20 05:30:00,2250.23,2255.83,2245.76,2251.46,true
2026-04-20 06:00:00,2251.42,2251.77,2250.26,2250.44,true
2026-04-20 06:30:00,2250.41,2251.09,2250.27,2251.08,true
2026-04-20 07:00:00,2250.81,2256.53,2250.34,2253.66,true
2026-04-20 07:30:00,2254.02,2254.02,2251.46,2253.10,true
2026-04-20 08:00:00,2252.95,2255.23,2251.04,2251.98,true
2026-04-20 08:30:00,2252.08,2253.86,2252.02,2253.79,true
2026-04-20 09:00:00,2253.89,2265.64,2232.31,2250.57,true
2026-04-20 09:30:00,2250.83,2251.20,2250.26,2250.40,true
2026-04-20 10:00:00,2250.24,2252.48,2231.95,2252.31,true
2026-04-20 10:30:00,2252.31,2252.49,2250.85,2251.03,true
2026-04-20 11:00:00,2250.20,2250.55,2244.74,2246.62,true
2026-04-20 11:30:00,2246.05,2263.38,2237.39,2248.33,true
2026-04-20 12:00:00,2248.41,2256.27,2248.41,2255.39,true
2026-04-20 12:30:00,2255.39,2256.47,2246.93,2249.55,true
2026-04-20 13:00:00,2249.53,2249.70,2248.92,2248.98,true
2026-04-20 13:30:00,2249.40,2251.07,2248.90,2250.56,true
2026-04-20 14:00:00,2250.30,2250.48,2250.06,2250.24,true
2026-04-20 14:30:00,2249.97,2250.68,2249.39,2249.55,true
2026-04-20 15:00:00,2249.41,2251.72,2242.44,2250.67,true
2026-04-20 15:30:00,2250.72,2254.68,2250.72,2254.15,true
2026-04-20 16:00:00,2254.36,2257.74,2254.33,2256.78,true
2026-04-20 16:30:00,2256.86,2267.50,2254.80,2264.25,true
2026-04-20 17:00:00,2264.27,2270.47,2263.72,2269.52,true
2026-04-20 17:30:00,2269.38,2270.90,2268.91,2270.51,true
2026-04-20 18:00:00,2270.67,2271.97,2270.52,2271.94,true
2026-04-20 18:30:00,2271.88,2278.15,2269.11,2269.11,true
2026-04-20 19:00:00,2269.07,2271.33,2267.66,2268.81,true
2026-04-20 19:30:00,2268.81,2272.45,2268.43,2271.06,true
2026-04-21 01:00:00,2271.34,2272.18,2271.00,2271.67,true
2026-04-21 01:30:00,2271.81,2272.19,2271.46,2271.92,true
2026-04-21 02:00:00,2272.61,2272.63,2272.58,2272.59,true
2026-04-21 02:30:00,2272.59,2275.95,2271.44,2275.57,true
2026-04-21 03:00:00,2275.65,2276.27,2270.81,2272.66,true
2026-04-21 03:30:00,2273.14,2273.51,2270.76,2271.64,true
2026-04-21 04:00:00,2271.63,2271.65,2271.04,2271.44,true
2026-04-21 04:30:00,2271.37,2272.91,2270.35,2270.59,true
2026-04-21 05:00:00,2270.61,2271.84,2269.25,2269.82,true
2026-04-21 05:30:00,2269.61,2271.18,2268.84,2270.01,true
2026-04-21 06:00:00,2270.03,2271.72,2269.73,2271.07,true
2026-04-21 06:30:00,2271.19,2271.25,2271.14,2271.23,true
2026-04-21 07:00:00,2271.27,2273.50,2271.12,2273.05,true
2026-04-21 07:30:00,2273.11,2277.26,2272.82,2276.01,true
2026-04-21 08:00:00,2275.63,2280.51,2270.33,2274.44,true
2026-04-21 08:30:00,2274.49,2275.41,2274.07,2274.27,true
2026-04-21 09:00:00,2274.42,2282.22,2273.14,2277.94,true
2026-04-21 09:30:00,2277.86,2284.31,2276.27,2276.82,true
2026-04-21 10:00:00,2277.09,2277.82,2276.89,2277.82,true
2026-04-21 10:30:00,2277.71,2284.61,2276.61,2283.88,true
2026-04-21 11:00:00,2283.92,2288.66,2279.45,2281.20,true
2026-04-21 11:30:00,2281.13,2283.19,2280.70,2283.03,true
2026-04-21 12:00:00,2283.15,2286.98,2277.56,2281.62,true
2026-04-21 12:30:00,2281.86,2286.17,2279.82,2285.33,true
2026-04-21 13:00:00,2285.31,2286.03,2285.29,2285.93,true
2026-04-21 13:30:00,2286.87,2286.87,2286.25,2286.39,true
2026-04-21 14:00:00,2286.39,2287.36,2283.44,2284.70,true
2026-04-21 14:30:00,2284.74,2292.92,2284.57,2286.14,true
2026-04-21 15:00:00,2286.47,2292.79,2281.72,2285.29,true
2026-04-21 15:30:00,2285.31,2286.07,2284.57,2285.44,true
2026-04-21 16:00:00,2285.44,2297.21,2275.49,2290.38,true
2026-04-21 16:30:00,2290.38,2290.62,2288.41,2289.90,true
2026-04-21 17:00:00,2290.73,2293.97,2282.05,2287.97,true
2026-04-21 17:30:00,2288.23,2298.01,2287.56,2294.82,true
2026-04-21 18:00:00,2294.84,2297.24,2294.44,2296.88,true
2026-04-21 18:30:00,2296.77,2298.18,2293.18,2295.02,true
2026-04-21 19:00:00,2295.14,2295.36,2293.79,2293.87,true
2026-04-21 19:30:00,2293.86,2295.93,2289.63,2291.30,true
2026-04-21 20:00:00,2291.65,2291.82,2287.54,2287.81,true
2026-04-21 20:30:00,2287.67,2287.78,2287.63,2287.72,true
2026-04-21 21:00:00,2287.71,2300.24,2264.91,2290.16,true
2026-04-21 21:30:00,2289.95,2292.28,2283.04,2286.91,true
2026-04-21 22:00:00,2287.99,2292.73,2284.34,2289.57,true
2026-04-21 22:30:00,2289.64,2289.86,2279.79,2282.35,true
2026-04-21 23:00:00,2282.19,2282.45,2282.19,2282.41,true
2026-04-21 23:30:00,2282.70,2283.27,2281.38,2281.88,true
2026-04-22 01:00:00,2281.42,2285.31,2272.35,2276.03,true
2026-04-22 01:30:00,2276.06,2278.44,2275.41,2277.61,true
2026-04-22 02:00:00,2277.84,2277.86,2277.82,2277.85,true
2026-04-22 02:30:00,2277.86,2277.91,2273.54,2276.95,true
2026-04-22 03:00:00,2276.99,2277.02,2276.47,2276.64,true
2026-04-22 03:30:00,2276.43,2278.03,2259.13,2274.43,true
2026-04-22 04:00:00,2273.94,2273.94,2270.39,2270.98,true
2026-04-22 04:30:00,2269.39,2276.59,2269.29,2274.68,true
2026-04-22 05:00:00,2274.45,2277.63,2272.71,2276.27,true
2026-04-22 05:30:00,2275.94,2275.95,2275.24,2275.59,true
2026-04-22 06:00:00,2275.51,2277.79,2275.40,2277.11,true
2026-04-22 06:30:00,2277.18,2278.18,2272.17,2278.15,true
2026-04-22 07:00:00,2278.37,2278.56,2274.88,2277.35,true
2026-04-22 07:30:00,2273.52,2278.73,2268.89,2275.34,true
2026-04-22 08:00:00,2273.71,2274.73,2273.53,2274.65,true
2026-04-22 08:30:00,2274.58,2275.28,2270.32,2271.13,true
2026-04-22 09:00:00,2271.57,2274.93,2271.09,2273.31,true
2026-04-22 09:30:00,2273.37,2275.77,2272.78,2274.62,true
2026-04-22 10:00:00,2274.75,2274.82,2271.17,2271.59,true
2026-04-22 10:30:00,2271.77,2271.78,2270.94,2271.28,true
2026-04-22 11:00:00,2271.34,2282.29,2266.74,2272.13,true
2026-04-22 11:30:00,2272.11,2272.82,2270.52,2270.63,true
2026-04-22 12:00:00,2270.59,2272.84,2269.30,2271.54,true
2026-04-22 12:30:00,2271.55,2273.40,2267.05,2268.69,true
2026-04-22 13:00:00,2268.99,2269.47,2267.86,2268.02,true
2026-04-22 13:30:00,2267.79,2269.43,2267.27,2268.48,true
2026-04-22 14:00:00,2268.32,2268.59,2268.20,2268.40,true
2026-04-22 14:30:00,2268.49,2268.73,2266.79,2267.03,true
2026-04-22 15:00:00,2266.99,2268.65,2266.24,2268.27,true
2026-04-22 15:30:00,2268.24,2270.97,2268.21,2269.63,true
2026-04-22 16:00:00,2269.65,2281.81,2257.79,2264.71,true
2026-04-22 16:30:00,2264.79,2265.20,2263.28,2263.63,true
2026-04-22 17:00:00,2263.64,2263.64,2261.36,2261.46,true
2026-04-22 17:30:00,2261.68,2262.38,2261.66,2262.18,true
2026-04-22 18:00:00,2262.43,2265.75,2261.77,2264.12,true
2026-04-22 18:30:00,2263.75,2297.07,2248.86,2267.41,true
2026-04-22 19:00:00,2267.45,2267.88,2267.22,2267.88,true
2026-04-22 19:30:00,2267.97,2268.92,2267.37,2268.69,true
2026-04-22 20:00:00,2268.65,2269.10,2268.49,2268.90,true
2026-04-22 20:30:00,2268.87,2269.19,2268.78,2269.14,true
2026-04-22 21:00:00,2269.27,2269.37,2268.40,2268.78,true
2026-04-22 21:30:00,2268.99,2273.42,2265.25,2265.39,true
2026-04-22 22:00:00,2265.87,2267.41,2263.23,2267.04,true
2026-04-22 22:30:00,2267.07,2267.07,2260.07,2263.07,true
2026-04-22 23:00:00,2263.09,2263.09,2262.90,2262.90,true
2026-04-22 23:30:00,2262.92,2265.31,2262.73,2264.28,true
2026-04-23 01:00:00,2264.14,2264.22,2261.12,2262.26,true
2026-04-23 01:30:00,2261.13,2261.22,2258.90,2259.10,true
2026-04-23 02:00:00,2259.35,2259.37,2255.35,2255.51,true
2026-04-23 02:30:00,2255.51,2257.00,2255.05,2256.17,true
2026-04-23 03:00:00,2256.40,2257.62,2255.61,2257.39,true
2026-04-23 03:30:00,2257.30,2257.78,2255.84,2256.70,true
2026-04-23 04:00:00,2256.72,2257.74,2255.60,2256.56,true
2026-04-23 04:30:00,2256.55,2259.55,2255.66,2259.24,true
2026-04-23 05:00:00,2259.25,2261.12,2258.99,2261.04,true
2026-04-23 05:30:00,2261.05,2262.15,2259.27,2261.47,true
2026-04-23 06:00:00,2261.49,2266.49,2259.81,2264.49,true
2026-04-23 06:30:00,2264.74,2264.80,2264.56,2264.61,true
2026-04-23 07:00:00,2264.46,2264.67,2262.83,2263.80,true
2026-04-23 07:30:00,2263.85,2265.14,2263.80,2265.07,true
2026-04-23 08:00:00,2265.08,2267.73,2265.06,2267.73,true
2026-04-23 08:30:00,2267.70,2276.13,2267.32,2274.52,true
2026-04-23 09:00:00,2274.45,2275.65,2272.55,2272.55,true
2026-04-23 09:30:00,2272.54,2280.29,2265.52,2270.99,true
2026-04-23 10:00:00,2271.15,2279.09,2261.86,2275.05,true
2026-04-23 10:30:00,2275.05,2279.21,2273.48,2278.28,true
2026-04-23 11:00:00,2278.29,2278.79,2278.04,2278.47,true
2026-04-23 11:30:00,2278.83,2287.58,2258.86,2287.31,true
2026-04-23 12:00:00,2287.22,2290.65,2276.33,2282.02,true
2026-04-23 12:30:00,2281.89,2282.08,2281.17,2281.67,true
2026-04-23 13:00:00,2281.15,2284.00,2280.75,2283.26,true
2026-04-23 13:30:00,2283.26,2284.93,2271.49,2272.74,true
2026-04-23 14:00:00,2272.74,2273.64,2262.00,2267.16,true
2026-04-23 14:30:00,2267.07,2278.38,2262.49,2277.11,true
2026-04-23 15:00:00,2277.01,2279.33,2271.21,2271.46,true
2026-04-23 15:30:00,2271.06,2273.30,2256.91,2261.70,true
2026-04-23 16:00:00,2261.70,2295.36,2233.05,2265.52,true
2026-04-23 16:30:00,2265.47,2277.28,2259.76,2261.73,true
2026-04-23 17:00:00,2261.63,2265.24,2257.00,2263.24,true
2026-04-23 17:30:00,2263.86,2279.53,2243.04,2260.64,true
2026-04-23 18:00:00,2261.18,2261.94,2259.90,2259.90,true
2026-04-23 18:30:00,2260.17,2261.47,2259.65,2261.06,true
2026-04-23 19:00:00,2260.97,2271.92,2255.90,2265.61,true
2026-04-23 19:30:00,2265.61,2265.93,2264.63,2264.94,true
2026-04-23 20:00:00,2264.60,2280.38,2262.28,2270.69,true
2026-04-23 20:30:00,2271.10,2276.88,2269.80,2276.18,true
2026-04-23 21:00:00,2275.85,2275.85,2270.62,2271.00,true
2026-04-23 21:30:00,2270.73,2271.47,2270.32,2271.17,true
2026-04-23 22:00:00,2271.04,2273.83,2270.47,2272.27,true
2026-04-23 22:30:00,2272.18,2272.33,2271.79,2272.11,true
2026-04-23 23:00:00,2271.88,2273.52,2269.70,2272.82,true
2026-04-23 23:30:00,2271.65,2272.68,2271.65,2272.14,true
2026-04-24 00:00:00,2272.14,2275.89,2271.23,2273.70,true
2026-04-24 00:30:00,2273.59,2273.82,2273.53,2273.76,true
2026-04-24 01:00:00,2273.68,2275.49,2268.48,2271.32,true
2026-04-24 01:30:00,2271.29,2272.88,2271.29,2272.69,true
2026-04-24 02:00:00,2272.63,2273.40,2269.46,2273.31,true
2026-04-24 02:30:00,2273.34,2288.77,2253.38,2276.16,true
2026-04-24 03:00:00,2276.22,2277.20,2272.97,2273.10,true
2026-04-24 03:30:00,2273.13,2273.35,2271.17,2271.43,true
2026-04-24 04:00:00,2271.93,2276.76,2269.98,2273.63,true
2026-04-24 04:30:00,2273.24,2273.64,2272.03,2272.81,true
2026-04-24 05:00:00,2272.97,2278.72,2263.31,2274.12,true
2026-04-24 05:30:00,2273.81,2274.67,2272.52,2274.49,true
2026-04-24 06:00:00,2274.66,2276.00,2271.67,2273.20,true
2026-04-24 06:30:00,2273.05,2273.13,2272.87,2272.98,true
2026-04-24 07:00:00,2272.81,2273.59,2271.36,2271.49,true
2026-04-24 07:30:00,2271.49,2272.31,2271.21,2271.94,true
2026-04-24 08:00:00,2271.97,2276.62,2271.97,2273.51,true
2026-04-24 08:30:00,2273.58,2275.87,2272.29,2273.22,true
2026-04-24 09:00:00,2273.22,2273.88,2271.04,2271.37,true
2026-04-24 09:30:00,2271.69,2273.12,2270.60,2272.70,true
2026-04-24 10:00:00,2272.78,2273.03,2267.86,2271.94,true
2026-04-24 10:30:00,2271.62,2272.80,2271.58,2272.70,true
2026-04-24 11:00:00,2272.68,2274.36,2261.39,2274.36,true
2026-04-24 11:30:00,2274.36,2286.00,2268.70,2276.09,true
2026-04-24 12:00:00,2275.83,2276.17,2274.75,2275.57,true
2026-04-24 12:30:00,2275.40,2275.95,2275.10,2275.51,true
2026-04-24 13:00:00,2275.57,2275.57,2273.35,2273.71,true
2026-04-24 13:30:00,2272.57,2273.05,2272.53,2272.72,true
2026-04-24 14:00:00,2272.74,2273.35,2271.08,2271.50,true
2026-04-24 14:30:00,2271.36,2273.82,2269.52,2272.17,true
2026-04-24 15:00:00,2272.22,2273.50,2271.50,2273.17,true
2026-04-24 15:30:00,2273.24,2273.86,2269.55,2270.79,true
2026-04-24 16:00:00,2271.04,2271.14,2270.45,2270.57,true
2026-04-24 16:30:00,2270.64,2296.21,2265.68,2281.40,true
2026-04-24 17:00:00,2281.21,2281.48,2281.11,2281.44,true
2026-04-24 17:30:00,2281.35,2281.58,2277.82,2278.85,true
2026-04-24 18:00:00,2278.85,2289.73,2278.48,2289.00,true
2026-04-24 18:30:00,2288.98,2291.47,2287.22,2288.25,true
2026-04-24 19:00:00,2288.33,2292.61,2287.67,2290.72,true
2026-04-24 19:30:00,2290.66,2290.99,2289.85,2290.03,true
2026-04-24 20:00:00,2289.95,2289.95,2284.11,2285.72,true
2026-04-24 20:30:00,2285.43,2286.59,2284.90,2285.90,true
2026-04-24 21:00:00,2286.04,2286.25,2282.24,2284.73,true
2026-04-24 21:30:00,2284.86,2284.86,2278.86,2281.66,true
2026-04-24 22:00:00,2281.75,2281.94,2278.86,2280.41,true
2026-04-24 22:30:00,2280.30,2283.35,2277.50,2282.45,true
2026-04-24 23:00:00,2282.40,2283.63,2281.33,2283.48,true
2026-04-24 23:30:00,2283.52,2284.76,2280.70,2281.83,true
2026-04-27 00:00:00,2291.11,2291.14,2291.07,2291.07,true
2026-04-27 00:30:00,2291.12,2291.31,2290.55,2290.61,true
2026-04-27 01:00:00,2290.45,2292.24,2287.59,2288.29,true
2026-04-27 01:30:00,2288.09,2288.61,2287.98,2288.53,true
2026-04-27 02:00:00,2288.47,2289.02,2288.23,2288.86,true
2026-04-27 02:30:00,2289.15,2292.70,2288.47,2290.56,true
2026-04-27 03:00:00,2290.27,2299.94,2285.28,2288.73,true
2026-04-27 03:30:00,2288.74,2292.54,2286.70,2287.16,true
2026-04-27 04:00:00,2287.00,2291.34,2286.52,2287.57,true
2026-04-27 04:30:00,2287.56,2291.12,2287.40,2290.44,true
2026-04-27 05:00:00,2290.28,2296.90,2278.24,2295.38,true
2026-04-27 05:30:00,2295.17,2296.24,2292.83,2293.08,true
2026-04-27 06:00:00,2293.45,2293.95,2293.35,2293.80,true
2026-04-27 06:30:00,2293.79,2295.30,2293.38,2295.30,true
2026-04-27 07:00:00,2295.16,2296.73,2294.92,2296.34,true
2026-04-27 07:30:00,2296.28,2297.67,2294.07,2294.61,true
2026-04-27 08:00:00,2294.57,2299.55,2285.63,2292.59,true
2026-04-27 08:30:00,2292.63,2293.46,2288.45,2291.14,true
2026-04-27 09:00:00,2291.30,2292.52,2287.92,2289.50,true
2026-04-27 09:30:00,2289.39,2293.99,2288.45,2293.28,true
2026-04-27 10:00:00,2293.30,2296.48,2292.08,2294.41,true
2026-04-27 10:30:00,2294.22,2296.06,2292.67,2294.85,true
2026-04-27 11:00:00,2294.80,2295.09,2294.30,2294.62,true
2026-04-27 11:30:00,2294.90,2298.41,2292.08,2296.59,true
2026-04-27 12:00:00,2296.00,2296.04,2295.49,2295.52,true
2026-04-27 12:30:00,2295.53,2295.58,2295.43,2295.47,true
2026-04-27 13:00:00,2295.17,2298.83,2292.78,2297.00,true
2026-04-27 13:30:00,2297.05,2297.89,2296.88,2297.69,true
2026-04-27 14:00:00,2297.68,2298.14,2297.64,2297.86,true
2026-04-27 14:30:00,2297.91,2299.76,2296.85,2299.67,true
2026-04-27 15:00:00,2299.67,2300.52,2298.51,2298.57,true
2026-04-27 15:30:00,2298.49,2304.82,2296.62,2302.32,true
2026-04-27 16:00:00,2302.33,2302.96,2297.12,2297.76,true
2026-04-27 16:30:00,2297.91,2305.64,2297.90,2304.76,true
2026-04-27 17:00:00,2304.58,2313.64,2303.10,2309.54,true
2026-04-27 17:30:00,2309.77,2312.10,2300.20,2302.80,true
2026-04-27 18:00:00,2302.97,2303.82,2302.65,2303.64,true
2026-04-27 18:30:00,2303.71,2311.17,2297.78,2308.07,true
2026-04-27 19:00:00,2308.00,2309.79,2299.38,2306.97,true
2026-04-27 19:30:00,2306.97,2308.10,2305.21,2305.29,true
2026-04-27 20:00:00,2305.15,2306.53,2305.01,2306.53,true
2026-04-27 20:30:00,2306.52,2316.24,2296.07,2303.66,true
2026-04-27 21:00:00,2303.70,2304.07,2300.01,2304.00,true
2026-04-27 21:30:00,2304.00,2304.54,2302.86,2303.19,true
2026-04-27 22:00:00,2303.55,2306.74,2300.53,2302.40,true
2026-04-27 22:30:00,2302.81,2303.22,2302.67,2303.10,true
2026-04-27 23:00:00,2303.12,2306.57,2299.89,2302.18,true
2026-04-27 23:30:00,2302.10,2302.52,2300.15,2300.82,true
2026-04-28 00:00:00,2300.79,2303.30,2300.42,2303.30,true
2026-04-28 00:30:00,2303.38,2306.01,2299.99,2304.71,true
2026-04-28 02:00:00,2304.69,2311.07,2288.92,2307.11,true
2026-04-28 02:30:00,2307.26,2315.72,2304.33,2308.05,true
2026-04-28 03:00:00,2307.81,2315.34,2307.76,2315.34,true
2026-04-28 03:30:00,2315.14,2329.17,2313.62,2326.67,true
2026-04-28 04:00:00,2326.77,2346.86,2309.02,2321.54,true
2026-04-28 04:30:00,2321.51,2349.11,2307.51,2324.62,true
2026-04-28 05:00:00,2324.85,2327.10,2324.07,2326.45,true
2026-04-28 05:30:00,2325.93,2326.03,2324.40,2325.61,true
2026-04-28 06:00:00,2325.79,2337.82,2325.79,2333.37,true
2026-04-28 06:30:00,2333.76,2343.73,2332.32,2337.21,true
2026-04-28 07:00:00,2336.31,2339.88,2323.03,2334.22,true
2026-04-28 07:30:00,2333.91,2335.68,2319.69,2326.90,true
2026-04-28 08:00:00,2326.90,2345.47,2299.71,2340.35,true
2026-04-28 08:30:00,2340.18,2341.94,2338.27,2341.94,true
2026-04-28 09:00:00,2342.09,2344.54,2341.82,2343.44,true
2026-04-28 09:30:00,2343.44,2363.28,2322.04,2338.02,true
2026-04-28 10:00:00,2337.98,2338.27,2336.90,2337.18,true
2026-04-28 10:30:00,2337.23,2342.26,2331.72,2338.48,true
2026-04-28 11:00:00,2338.35,2344.02,2332.79,2337.28,true
2026-04-28 11:30:00,2337.37,2339.24,2335.53,2337.71,true
2026-04-28 12:00:00,2338.00,2338.06,2337.74,2337.91,true
2026-04-28 12:30:00,2336.56,2340.69,2325.93,2334.60,true
2026-04-28 13:00:00,2334.42,2338.22,2327.25,2332.48,true
2026-04-28 13:30:00,2332.43,2339.30,2326.14,2337.81,true
2026-04-28 14:00:00,2338.07,2339.66,2332.65,2333.31,true
2026-04-28 14:30:00,2338.20,2339.24,2336.59,2338.77,true
2026-04-28 15:00:00,2337.48,2347.03,2336.44,2346.62,true
2026-04-28 15:30:00,2346.62,2347.15,2344.57,2345.85,true
2026-04-28 16:00:00,2346.03,2347.79,2345.95,2347.66,true
2026-04-28 16:30:00,2347.61,2347.96,2346.87,2346.91,true
2026-04-28 17:00:00,2346.78,2349.34,2337.55,2345.00,true
2026-04-28 17:30:00,2344.08,2352.52,2342.11,2349.39,true
2026-04-28 18:00:00,2349.42,2358.57,2349.02,2355.34,true
2026-04-28 18:30:00,2355.17,2368.94,2354.84,2364.77,true
2026-04-28 19:00:00,2364.45,2365.24,2357.93,2362.94,true
2026-04-28 19:30:00,2362.90,2363.45,2360.03,2360.07,true
2026-04-28 20:00:00,2359.78,2366.02,2357.77,2365.89,true
2026-04-28 20:30:00,2366.24,2367.52,2366.06,2367.26,true
2026-04-28 21:00:00,2366.96,2366.96,2356.21,2357.89,true
2026-04-28 21:30:00,2358.02,2359.09,2353.22,2356.02,true
2026-04-28 22:00:00,2356.10,2357.49,2356.05,2357.46,true
2026-04-28 22:30:00,2357.37,2357.69,2354.92,2356.70,true
2026-04-28 23:00:00,2356.79,2357.40,2356.18,2357.26,true
2026-04-28 23:30:00,2356.98,2357.19,2356.62,2356.73,true
2026-04-29 01:00:00,2356.38,2358.52,2356.30,2358.52,true
2026-04-29 01:30:00,2358.54,2358.99,2352.52,2355.05,true
2026-04-29 02:00:00,2355.05,2357.56,2353.83,2357.39,true
2026-04-29 02:30:00,2357.34,2357.89,2355.03,2356.43,true
2026-04-29 03:00:00,2356.24,2357.72,2355.04,2355.36,true
2026-04-29 03:30:00,2355.32,2357.82,2347.37,2349.08,true
2026-04-29 04:00:00,2348.95,2357.72,2346.84,2355.19,true
2026-04-29 04:30:00,2355.25,2355.53,2352.58,2353.07,true
2026-04-29 05:00:00,2353.12,2355.88,2352.80,2355.65,true
2026-04-29 05:30:00,2355.63,2356.76,2350.34,2352.20,true
2026-04-29 06:00:00,2352.31,2353.46,2352.21,2353.09,true
2026-04-29 06:30:00,2353.08,2353.14,2352.96,2352.98,true
2026-04-29 07:00:00,2353.02,2361.91,2346.83,2358.57,true
2026-04-29 07:30:00,2358.59,2359.56,2358.44,2359.03,true
2026-04-29 08:00:00,2358.87,2359.14,2358.52,2358.77,true
2026-04-29 08:30:00,2358.79,2365.83,2357.16,2363.38,true
2026-04-29 09:00:00,2363.33,2365.17,2362.99,2364.23,true
2026-04-29 09:30:00,2364.25,2369.14,2364.25,2368.42,true
2026-04-29 10:00:00,2368.44,2368.90,2364.06,2364.40,true
2026-04-29 10:30:00,2364.35,2366.22,2358.57,2360.90,true
2026-04-29 11:00:00,2361.00,2364.07,2357.31,2363.67,true
2026-04-29 11:30:00,2363.62,2364.49,2360.50,2362.58,true
2026-04-29 12:00:00,2362.78,2371.41,2362.78,2369.74,true
2026-04-29 12:30:00,2369.73,2374.15,2369.67,2372.47,true
2026-04-29 13:00:00,2372.52,2385.17,2368.91,2382.28,true
2026-04-29 13:30:00,2382.29,2384.23,2380.69,2382.59,true
2026-04-29 14:00:00,2382.35,2385.25,2378.29,2383.80,true
2026-04-29 14:30:00,2383.83,2383.93,2381.06,2382.41,true
2026-04-29 15:00:00,2382.29,2382.64,2377.48,2377.95,true
2026-04-29 15:30:00,2377.99,2379.18,2357.61,2365.04,true
2026-04-29 16:00:00,2364.96,2364.96,2358.97,2361.16,true
2026-04-29 16:30:00,2361.09,2372.21,2356.85,2369.44,true
2026-04-29 17:00:00,2370.14,2373.62,2365.64,2366.48,true
2026-04-29 17:30:00,2366.10,2366.79,2363.83,2363.84,true
2026-04-29 18:00:00,2363.90,2363.90,2362.17,2362.17,true
2026-04-29 18:30:00,2362.27,2366.65,2352.81,2365.23,true
2026-04-29 19:00:00,2365.07,2371.75,2363.91,2369.45,true
2026-04-29 19:30:00,2369.70,2370.86,2368.79,2368.84,true
2026-04-29 20:00:00,2368.93,2368.93,2362.47,2364.29,true
2026-04-29 20:30:00,2363.98,2364.88,2361.25,2361.53,true
2026-04-29 21:00:00,2361.59,2362.07,2361.55,2361.81,true
2026-04-29 21:30:00,2361.75,2363.40,2358.88,2362.84,true
2026-04-29 22:00:00,2363.05,2364.80,2362.61,2364.54,true
2026-04-29 22:30:00,2364.66,2377.46,2363.38,2363.62,true
2026-04-29 23:00:00,2363.62,2366.90,2363.24,2365.75,true
2026-04-29 23:30:00,2365.39,2366.15,2365.21,2366.11,true
2026-04-30 01:00:00,2369.48,2373.86,2362.43,2366.84,true
2026-04-30 01:30:00,2366.50,2369.00,2364.55,2365.72,true
2026-04-30 02:00:00,2365.67,2365.90,2365.43,2365.89,true
2026-04-30 02:30:00,2364.85,2365.94,2364.83,2365.49,true
2026-04-30 03:00:00,2365.41,2367.58,2364.48,2366.09,true
2026-04-30 03:30:00,2366.25,2367.61,2362.56,2365.63,true
2026-04-30 04:00:00,2365.64,2366.61,2365.23,2365.92,true
2026-04-30 04:30:00,2365.90,2370.91,2365.90,2370.78,true
2026-04-30 05:00:00,2370.87,2371.27,2370.37,2370.54,true
2026-04-30 05:30:00,2370.52,2372.59,2365.93,2366.13,true
2026-04-30 06:00:00,2366.11,2366.15,2366.11,2366.14,true
2026-04-30 06:30:00,2366.23,2366.39,2353.75,2364.65,true
2026-04-30 07:00:00,2364.67,2370.73,2360.78,2370.54,true
2026-04-30 07:30:00,2370.55,2380.70,2343.11,2378.52,true
2026-04-30 08:00:00,2378.65,2378.85,2378.02,2378.22,true
2026-04-30 08:30:00,2378.40,2382.17,2370.53,2380.89,true
2026-04-30 09:00:00,2380.92,2381.30,2379.08,2379.84,true
2026-04-30 09:30:00,2379.82,2379.99,2371.13,2375.29,true
2026-04-30 10:00:00,2375.04,2375.56,2374.55,2375.41,true
2026-04-30 10:30:00,2375.62,2383.41,2374.74,2380.57,true
2026-04-30 11:00:00,2380.46,2380.73,2378.05,2378.06,true
2026-04-30 11:30:00,2378.08,2378.17,2377.19,2377.28,true
2026-04-30 12:00:00,2377.56,2377.61,2377.02,2377.36,true
2026-04-30 12:30:00,2377.32,2377.59,2372.18,2372.92,true
2026-04-30 13:00:00,2373.39,2378.19,2373.23,2377.56,true
2026-04-30 13:30:00,2377.56,2378.23,2377.55,2378.22,true
2026-04-30 14:00:00,2378.22,2392.37,2378.22,2385.94,true
2026-04-30 14:30:00,2385.88,2393.96,2372.14,2379.31,true
2026-04-30 15:00:00,2379.82,2379.87,2379.74,2379.75,true
2026-04-30 15:30:00,2379.96,2386.41,2378.27,2386.09,true
2026-04-30 16:00:00,2386.11,2386.25,2384.63,2385.16,true
2026-04-30 16:30:00,2385.18,2389.11,2379.26,2388.98,true
2026-04-30 17:00:00,2389.02,2389.38,2385.95,2386.22,true
2026-04-30 17:30:00,2386.31,2388.09,2386.23,2387.31,true
2026-04-30 18:00:00,2387.31,2391.56,2387.28,2390.59,true
2026-04-30 18:30:00,2390.41,2390.47,2390.30,2390.31,true
2026-04-30 19:00:00,2390.16,2390.47,2380.73,2381.67,true
2026-04-30 19:30:00,2381.69,2387.39,2378.25,2382.60,true
2026-04-30 20:00:00,2382.56,2384.67,2382.56,2384.65,true
2026-04-30 20:30:00,2384.15,2390.22,2366.84,2377.12,true
2026-04-30 21:00:00,2377.15,2377.17,2376.13,2376.15,true
2026-04-30 21:30:00,2376.11,2377.79,2376.00,2377.50,true
2026-04-30 22:00:00,2377.58,2378.76,2377.40,2378.22,true
2026-04-30 22:30:00,2378.38,2384.61,2375.95,2384.11,true
2026-04-30 23:00:00,2384.09,2408.72,2320.56,2373.95,true
2026-04-30 23:30:00,2374.10,2374.59,2373.71,2373.83,true
2026-05-01 00:00:00,2373.49,2375.71,2370.13,2375.26,true
2026-05-01 00:30:00,2375.26,2376.25,2373.34,2375.95,true
2026-05-01 01:00:00,2376.06,2376.86,2374.52,2374.52,true
2026-05-01 01:30:00,2374.59,2374.63,2373.49,2373.92,true
2026-05-01 02:00:00,2373.57,2374.28,2372.94,2374.11,true
2026-05-01 02:30:00,2374.21,2378.28,2370.76,2376.28,true
2026-05-01 03:00:00,2376.29,2378.06,2375.78,2377.94,true
2026-05-01 03:30:00,2377.82,2380.67,2369.90,2380.08,true
2026-05-01 04:00:00,2380.16,2386.56,2377.46,2384.14,true
2026-05-01 04:30:00,2385.07,2385.51,2382.70,2383.05,true
2026-05-01 05:00:00,2382.63,2388.59,2374.03,2379.65,true
2026-05-01 05:30:00,2379.58,2379.94,2370.32,2370.45,true
2026-05-01 06:00:00,2370.54,2378.93,2366.91,2374.10,true
2026-05-01 06:30:00,2373.98,2375.45,2373.11,2373.22,true
2026-05-01 07:00:00,2373.22,2375.99,2371.32,2374.17,true
2026-05-01 07:30:00,2375.38,2381.52,2363.60,2376.55,true
2026-05-01 08:00:00,2376.76,2379.12,2375.01,2377.94,true
2026-05-01 08:30:00,2378.03,2378.13,2374.38,2375.02,true
2026-05-01 09:00:00,2375.00,2385.92,2371.94,2372.96,true
2026-05-01 09:30:00,2372.94,2375.54,2371.02,2374.03,true
2026-05-01 10:00:00,2373.89,2374.16,2372.51,2373.31,true
2026-05-01 10:30:00,2373.12,2373.37,2365.25,2372.62,true
2026-05-01 11:00:00,2372.61,2372.62,2372.29,2372.35,true
2026-05-01 11:30:00,2372.25,2376.63,2370.21,2370.74,true
2026-05-01 12:00:00,2370.73,2371.09,2369.24,2369.26,true
2026-05-01 12:30:00,2369.43,2369.78,2368.87,2369.27,true
2026-05-01 13:00:00,2369.32,2369.32,2369.28,2369.28,true
2026-05-01 13:30:00,2369.17,2369.47,2368.26,2368.44,true
2026-05-01 14:00:00,2368.50,2368.65,2368.50,2368.64,true
2026-05-01 14:30:00,2368.70,2375.03,2368.20,2373.18,true
2026-05-01 15:00:00,2373.61,2373.61,2349.09,2363.41,true
2026-05-01 15:30:00,2363.14,2369.73,2346.84,2361.04,true
2026-05-01 16:00:00,2361.04,2369.22,2356.83,2369.14,true
2026-05-01 16:30:00,2369.11,2379.41,2341.58,2353.52,true
2026-05-01 17:00:00,2352.00,2352.26,2330.82,2335.83,true
2026-05-01 17:30:00,2336.18,2337.25,2334.73,2335.22,true
2026-05-01 18:00:00,2335.33,2338.54,2334.26,2337.16,true
2026-05-01 18:30:00,2337.22,2339.44,2336.16,2339.13,true
2026-05-01 19:00:00,2339.31,2339.36,2339.23,2339.35,true
2026-05-01 19:30:00,2339.70,2340.17,2337.75,2338.61,true
2026-05-01 20:00:00,2338.61,2339.20,2337.65,2337.86,true
2026-05-01 20:30:00,2337.88,2341.34,2337.12,2340.78,true
2026-05-01 21:00:00,2341.04,2341.40,2333.36,2334.31,true
2026-05-01 21:30:00,2334.28,2341.12,2334.28,2338.48,true
2026-05-01 22:00:00,2338.46,2338.46,2329.91,2332.46,true
2026-05-01 22:30:00,2332.53,2332.89,2332.51,2332.75,true
2026-05-01 23:00:00,2332.75,2333.96,2329.51,2329.84,true
2026-05-01 23:30:00,2329.89,2331.95,2328.80,2331.84,true
2026-05-04 00:00:00,2330.71,2334.13,2327.55,2329.60,true
2026-05-04 00:30:00,2330.19,2331.15,2329.43,2331.09,true
2026-05-04 01:00:00,2331.38,2332.42,2331.03,2332.36,true
2026-05-04 01:30:00,2332.36,2333.09,2332.24,2332.71,true
2026-05-04 02:00:00,2332.79,2339.70,2325.61,2334.21,true
2026-05-04 02:30:00,2334.19,2335.00,2328.82,2332.19,true
2026-05-04 03:00:00,2332.11,2335.98,2331.98,2333.85,true
2026-05-04 03:30:00,2333.34,2333.63,2333.05,2333.56,true
2026-05-04 04:00:00,2333.54,2336.75,2327.63,2330.65,true
2026-05-04 04:30:00,2330.71,2330.81,2329.53,2330.53,true
2026-05-04 05:00:00,2330.40,2330.55,2330.18,2330.47,true
2026-05-04 05:30:00,2330.46,2331.11,2330.46,2330.82,true
2026-05-04 06:00:00,2330.83,2333.30,2329.69,2333.09,true
2026-05-04 06:30:00,2333.40,2333.56,2333.20,2333.53,true
2026-05-04 07:00:00,2333.49,2335.10,2333.12,2334.89,true
2026-05-04 07:30:00,2334.89,2350.09,2320.37,2337.09,true
2026-05-04 08:00:00,2337.03,2337.34,2332.95,2334.48,true
2026-05-04 08:30:00,2334.51,2336.62,2331.80,2336.37,true
2026-05-04 09:00:00,2336.31,2336.78,2330.03,2330.56,true
2026-05-04 09:30:00,2330.40,2335.24,2329.13,2333.98,true
2026-05-04 10:00:00,2333.90,2334.96,2331.88,2332.59,true
2026-05-04 10:30:00,2332.94,2333.84,2332.72,2333.75,true
2026-05-04 11:00:00,2333.79,2345.76,2325.93,2331.13,true
2026-05-04 11:30:00,2331.03,2331.14,2330.86,2330.97,true
2026-05-04 12:00:00,2331.51,2332.24,2330.43,2330.58,true
2026-05-04 12:30:00,2330.57,2334.07,2329.12,2329.23,true
2026-05-04 13:00:00,2329.29,2335.27,2325.97,2328.25,true
2026-05-04 13:30:00,2328.32,2328.97,2328.28,2328.92,true
2026-05-04 14:00:00,2328.92,2331.20,2327.82,2330.26,true
2026-05-04 14:30:00,2330.23,2335.30,2328.34,2333.92,true
2026-05-04 15:00:00,2334.49,2339.55,2333.85,2337.12,true
2026-05-04 15:30:00,2337.17,2337.90,2336.09,2336.66,true
2026-05-04 16:00:00,2336.90,2342.62,2336.52,2341.32,true
2026-05-04 16:30:00,2341.45,2342.82,2341.23,2342.05,true
2026-05-04 17:00:00,2342.10,2342.24,2342.09,2342.14,true
2026-05-04 17:30:00,2342.05,2346.76,2332.83,2338.35,true
2026-05-04 18:00:00,2338.39,2338.43,2337.73,2338.09,true
2026-05-04 18:30:00,2338.20,2341.22,2333.42,2336.25,true
2026-05-04 19:00:00,2336.16,2338.63,2335.56,2338.50,true
2026-05-04 19:30:00,2338.44,2341.74,2335.47,2336.41,true
2026-05-04 20:00:00,2336.40,2338.61,2332.44,2335.50,true
2026-05-04 20:30:00,2335.51,2337.46,2332.72,2334.01,true
2026-05-04 21:00:00,2334.01,2340.84,2326.21,2335.55,true
2026-05-04 21:30:00,2335.59,2336.48,2335.25,2336.27,true
2026-05-04 22:00:00,2336.60,2337.14,2336.60,2337.12,true
2026-05-04 22:30:00,2337.12,2337.12,2335.65,2336.46,true
2026-05-04 23:00:00,2336.42,2338.22,2336.11,2337.61,true
2026-05-04 23:30:00,2337.34,2338.02,2337.14,2337.79,true
2026-05-05 00:00:00,2337.77,2338.49,2336.72,2337.10,true
2026-05-05 00:30:00,2336.95,2354.22,2333.51,2340.21,true
2026-05-05 01:00:00,2340.49,2340.79,2336.86,2339.40,true
2026-05-05 01:30:00,2339.38,2350.73,2337.01,2347.75,true
2026-05-05 02:00:00,2347.76,2347.76,2342.88,2345.60,true
2026-05-05 02:30:00,2345.83,2359.71,2343.55,2354.29,true
2026-05-05 03:00:00,2354.48,2356.09,2354.48,2356.02,true
2026-05-05 03:30:00,2356.16,2361.55,2356.08,2361.09,true
2026-05-05 04:00:00,2361.28,2362.76,2361.24,2361.75,true
2026-05-05 04:30:00,2361.79,2361.80,2361.74,2361.77,true
2026-05-05 05:00:00,2362.01,2362.91,2359.63,2360.62,true
2026-05-05 05:30:00,2360.66,2364.84,2348.83,2357.11,true
2026-05-05 06:00:00,2357.03,2357.98,2356.32,2357.50,true
2026-05-05 06:30:00,2357.55,2357.60,2357.25,2357.27,true
2026-05-05 07:00:00,2357.15,2358.20,2354.82,2356.28,true
2026-05-05 07:30:00,2356.25,2356.25,2352.88,2354.65,true
2026-05-05 08:00:00,2354.72,2355.00,2350.94,2350.94,true
2026-05-05 08:30:00,2350.99,2351.19,2350.86,2351.15,true
2026-05-05 09:00:00,2351.17,2351.30,2348.29,2349.21,true
2026-05-05 09:30:00,2349.10,2349.10,2341.68,2341.85,true
2026-05-05 10:00:00,2341.87,2345.16,2334.40,2339.85,true
2026-05-05 10:30:00,2339.62,2344.44,2339.23,2343.93,true
2026-05-05 11:00:00,2343.98,2343.98,2341.73,2342.01,true
2026-05-05 11:30:00,2341.75,2343.31,2341.16,2343.31,true
2026-05-05 12:00:00,2343.07,2345.95,2340.11,2345.35,true
2026-05-05 12:30:00,2345.35,2345.78,2342.53,2342.77,true
2026-05-05 13:00:00,2342.92,2342.92,2299.23,2334.64,true
2026-05-05 13:30:00,2334.64,2334.66,2334.28,2334.29,true
2026-05-05 14:00:00,2334.30,2343.12,2327.80,2332.56,true
2026-05-05 14:30:00,2332.98,2335.27,2332.63,2335.22,true
2026-05-05 15:00:00,2335.43,2361.91,2323.28,2338.50,true
2026-05-05 15:30:00,2338.41,2339.84,2338.28,2338.90,true
2026-05-05 16:00:00,2339.09,2343.99,2334.25,2342.02,true
2026-05-05 16:30:00,2342.21,2343.33,2330.98,2333.39,true
2026-05-05 17:00:00,2333.27,2336.17,2320.32,2324.85,true
2026-05-05 17:30:00,2324.85,2334.64,2322.67,2331.51,true
2026-05-05 18:00:00,2331.51,2334.97,2320.79,2326.90,true
2026-05-05 18:30:00,2326.99,2328.01,2326.84,2327.91,true
2026-05-05 19:00:00,2326.78,2329.53,2323.92,2324.28,true
2026-05-05 19:30:00,2324.12,2324.79,2321.98,2322.36,true
2026-05-05 20:00:00,2322.23,2358.43,2281.02,2331.02,true
2026-05-05 20:30:00,2330.88,2333.05,2329.93,2331.58,true
2026-05-05 21:00:00,2331.74,2343.12,2331.28,2335.66,true
2026-05-05 21:30:00,2335.59,2345.81,2321.65,2340.46,true
2026-05-05 22:00:00,2340.98,2341.56,2338.03,2339.35,true
2026-05-05 22:30:00,2338.45,2340.75,2337.91,2338.29,true
2026-05-05 23:00:00,2338.34,2349.65,2334.43,2335.38,true
2026-05-05 23:30:00,2335.68,2337.28,2335.42,2337.20,true
2026-05-06 00:00:00,2337.26,2346.59,2335.35,2343.67,true
2026-05-06 00:30:00,2344.32,2344.33,2343.60,2343.61,true
2026-05-06 02:00:00,2343.44,2343.70,2343.32,2343.60,true
2026-05-06 02:30:00,2343.15,2343.15,2337.69,2340.13,true
2026-05-06 03:00:00,2340.13,2342.29,2337.69,2338.34,true
2026-05-06 03:30:00,2338.36,2342.32,2330.64,2334.96,true
2026-05-06 04:00:00,2334.96,2338.37,2332.31,2337.58,true
2026-05-06 04:30:00,2337.82,2340.92,2334.01,2334.65,true
2026-05-06 05:00:00,2334.83,2337.99,2324.30,2333.04,true
2026-05-06 05:30:00,2333.30,2341.87,2325.65,2330.61,true
2026-05-06 06:00:00,2330.61,2330.61,2330.34,2330.36,true
2026-05-06 06:30:00,2330.34,2331.40,2325.87,2327.63,true
2026-05-06 07:00:00,2327.49,2327.68,2326.68,2326.89,true
2026-05-06 07:30:00,2326.89,2327.36,2326.75,2327.10,true
2026-05-06 08:00:00,2327.13,2327.79,2324.18,2325.38,true
2026-05-06 08:30:00,2325.25,2328.58,2325.25,2327.48,true
2026-05-06 09:00:00,2327.40,2332.33,2324.46,2328.65,true
2026-05-06 09:30:00,2328.68,2330.42,2322.50,2326.67,true
2026-05-06 10:00:00,2326.95,2363.74,2315.32,2332.29,true
2026-05-06 10:30:00,2332.20,2335.42,2331.15,2332.55,true
2026-05-06 11:00:00,2332.84,2332.92,2331.21,2331.95,true
2026-05-06 11:30:00,2331.66,2335.50,2325.57,2335.50,true
2026-05-06 12:00:00,2335.41,2347.97,2334.23,2343.26,true
2026-05-06 12:30:00,2343.05,2343.58,2342.67,2343.49,true
2026-05-06 13:00:00,2343.74,2355.98,2340.28,2355.36,true
2026-05-06 13:30:00,2355.66,2355.66,2355.15,2355.18,true
2026-05-06 14:00:00,2355.18,2357.12,2345.58,2351.98,true
2026-05-06 14:30:00,2351.98,2401.26,2313.98,2357.21,true
2026-05-06 15:00:00,2357.31,2357.94,2347.84,2348.02,true
2026-05-06 15:30:00,2346.79,2354.34,2321.58,2336.82,true
2026-05-06 16:00:00,2336.82,2346.02,2335.24,2343.88,true
2026-05-06 16:30:00,2343.88,2382.08,2331.55,2351.40,true
2026-05-06 17:00:00,2350.75,2351.31,2345.87,2345.87,true
2026-05-06 17:30:00,2345.69,2350.21,2345.67,2350.21,true
2026-05-06 18:00:00,2350.04,2365.01,2316.61,2354.78,true
2026-05-06 18:30:00,2355.75,2357.77,2338.93,2350.10,true
2026-05-06 19:00:00,2350.10,2357.94,2328.82,2353.46,true
2026-05-06 19:30:00,2353.36,2357.01,2353.14,2355.04,true
2026-05-06 20:00:00,2355.09,2355.70,2353.80,2355.55,true
2026-05-06 20:30:00,2356.01,2356.04,2355.29,2355.55,true
2026-05-06 21:00:00,2354.67,2361.93,2350.31,2358.30,true
2026-05-06 21:30:00,2358.33,2359.92,2353.38,2354.72,true
2026-05-06 22:00:00,2353.86,2355.57,2350.13,2351.84,true
2026-05-06 22:30:00,2351.75,2355.59,2348.65,2354.96,true
2026-05-06 23:00:00,2355.10,2359.06,2352.79,2357.81,true
2026-05-06 23:30:00,2357.56,2357.67,2357.38,2357.42,true
2026-05-07 01:00:00,2358.71,2363.40,2357.28,2359.78,true
2026-05-07 01:30:00,2359.99,2359.99,2356.38,2359.16,true
2026-05-07 02:00:00,2360.13,2361.39,2358.99,2359.44,true
2026-05-07 02:30:00,2359.44,2361.04,2359.42,2360.63,true
2026-05-07 03:00:00,2360.76,2367.19,2340.50,2364.94,true
2026-05-07 03:30:00,2364.91,2370.35,2363.26,2369.14,true
2026-05-07 04:00:00,2369.14,2371.77,2366.86,2371.42,true
2026-05-07 04:30:00,2371.47,2373.01,2365.22,2368.78,true
2026-05-07 05:00:00,2368.63,2369.30,2368.55,2368.90,true
2026-05-07 05:30:00,2368.66,2370.21,2367.14,2368.50,true
2026-05-07 06:00:00,2368.70,2369.54,2367.28,2367.28,true
2026-05-07 06:30:00,2367.07,2368.46,2365.73,2367.60,true
2026-05-07 07:00:00,2367.39,2369.07,2367.05,2368.25,true
2026-05-07 07:30:00,2368.42,2375.25,2363.41,2367.67,true
2026-05-07 08:00:00,2367.57,2367.57,2360.59,2362.05,true
2026-05-07 08:30:00,2362.44,2362.51,2358.94,2359.35,true
2026-05-07 09:00:00,2359.35,2380.69,2346.58,2362.97,true
2026-05-07 09:30:00,2363.16,2377.62,2361.53,2371.34,true
2026-05-07 10:00:00,2369.93,2378.48,2358.37,2361.18,true
2026-05-07 10:30:00,2361.05,2364.76,2360.67,2364.21,true
2026-05-07 11:00:00,2364.25,2365.65,2364.03,2364.99,true
2026-05-07 11:30:00,2364.99,2368.09,2364.80,2367.93,true
2026-05-07 12:00:00,2368.51,2369.55,2368.04,2369.43,true
2026-05-07 12:30:00,2369.30,2373.07,2360.28,2373.07,true
2026-05-07 13:00:00,2373.07,2374.70,2372.67,2374.04,true
2026-05-07 13:30:00,2374.27,2374.37,2374.23,2374.37,true
2026-05-07 14:00:00,2373.46,2389.04,2360.31,2370.43,true
2026-05-07 14:30:00,2370.71,2378.14,2367.57,2373.39,true
2026-05-07 15:00:00,2373.31,2384.92,2372.70,2376.15,true
2026-05-07 15:30:00,2376.49,2385.57,2375.68,2384.57,true
2026-05-07 16:00:00,2384.49,2384.49,2380.34,2380.76,true
2026-05-07 16:30:00,2380.70,2381.53,2377.64,2379.27,true
2026-05-07 17:00:00,2381.02,2390.73,2380.97,2388.38,true
2026-05-07 17:30:00,2388.34,2412.93,2378.80,2384.30,true
2026-05-07 18:00:00,2384.38,2387.84,2377.68,2382.11,true
2026-05-07 18:30:00,2382.18,2385.09,2368.56,2379.03,true
2026-05-07 19:00:00,2378.53,2378.58,2378.35,2378.46,true
2026-05-07 19:30:00,2378.36,2388.76,2366.17,2375.11,true
2026-05-07 20:00:00,2375.06,2377.42,2374.95,2377.05,true
2026-05-07 20:30:00,2377.29,2379.66,2376.16,2379.26,true
2026-05-07 21:00:00,2379.45,2380.89,2377.31,2380.53,true
2026-05-07 21:30:00,2382.03,2382.85,2381.64,2382.85,true
2026-05-07 22:00:00,2382.81,2385.18,2382.47,2385.13,true
2026-05-07 22:30:00,2384.99,2385.57,2384.83,2385.54,true
2026-05-07 23:00:00,2385.29,2388.48,2384.16,2387.42,true
2026-05-07 23:30:00,2387.47,2387.98,2386.22,2386.47,true
2026-05-08 00:00:00,2386.47,2395.81,2372.46,2384.75,true
2026-05-08 00:30:00,2384.75,2384.79,2384.51,2384.65,true
2026-05-08 02:00:00,2382.46,2383.08,2380.05,2381.69,true
2026-05-08 02:30:00,2381.76,2388.62,2379.82,2379.82,true
2026-05-08 03:00:00,2379.68,2385.90,2377.75,2381.77,true
2026-05-08 03:30:00,2381.88,2381.93,2381.87,2381.91,true
2026-05-08 04:00:00,2381.54,2389.13,2358.97,2376.23,true
2026-05-08 04:30:00,2376.23,2388.75,2373.99,2381.68,true
2026-05-08 05:00:00,2381.60,2383.00,2380.48,2382.12,true
2026-05-08 05:30:00,2381.09,2385.05,2371.95,2378.19,true
2026-05-08 06:00:00,2378.13,2386.38,2378.13,2378.86,true
2026-05-08 06:30:00,2378.77,2380.34,2378.77,2379.34,true
2026-05-08 07:00:00,2379.32,2380.57,2379.17,2380.45,true
2026-05-08 07:30:00,2380.35,2381.73,2378.44,2379.47,true
2026-05-08 08:00:00,2379.47,2380.00,2373.58,2375.56,true
2026-05-08 08:30:00,2374.90,2393.71,2367.05,2377.38,true
2026-05-08 09:00:00,2377.27,2381.66,2376.78,2380.39,true
2026-05-08 09:30:00,2380.68,2381.19,2380.56,2380.61,true
2026-05-08 10:00:00,2380.73,2380.73,2377.52,2379.24,true
2026-05-08 10:30:00,2378.87,2385.77,2372.69,2376.69,true
2026-05-08 11:00:00,2377.86,2383.14,2377.37,2379.93,true
2026-05-08 11:30:00,2380.00,2380.96,2379.96,2380.96,true
2026-05-08 12:00:00,2380.82,2395.97,2376.20,2392.19,true
2026-05-08 12:30:00,2392.25,2392.61,2392.22,2392.47,true
2026-05-08 13:00:00,2391.67,2399.05,2390.96,2395.92,true
2026-05-08 13:30:00,2395.84,2395.93,2394.76,2394.88,true
2026-05-08 14:00:00,2394.85,2406.19,2392.58,2400.21,true
2026-05-08 14:30:00,2400.39,2403.43,2400.39,2401.45,true
2026-05-08 15:00:00,2401.69,2402.09,2401.08,2401.30,true
2026-05-08 15:30:00,2401.27,2404.08,2383.94,2385.58,true
2026-05-08 16:00:00,2386.24,2388.03,2384.29,2384.82,true
2026-05-08 16:30:00,2384.78,2387.42,2378.19,2386.99,true
2026-05-08 17:00:00,2387.11,2391.23,2385.28,2390.83,true
2026-05-08 17:30:00,2390.77,2395.07,2385.90,2394.77,true
2026-05-08 18:00:00,2394.78,2400.24,2394.54,2399.34,true
2026-05-08 18:30:00,2399.29,2408.45,2396.64,2401.19,true
2026-05-08 19:00:00,2401.10,2401.92,2397.27,2401.89,true
2026-05-08 19:30:00,2401.98,2402.08,2401.79,2401.79,true
2026-05-08 20:00:00,2401.88,2401.90,2401.30,2401.68,true
2026-05-08 20:30:00,2401.03,2403.31,2398.01,2400.45,true
2026-05-08 21:00:00,2400.44,2400.48,2398.49,2400.29,true
2026-05-08 21:30:00,2400.20,2410.51,2399.89,2408.50,true
2026-05-08 22:00:00,2408.53,2421.13,2406.99,2412.12,true
2026-05-08 22:30:00,2411.69,2438.81,2389.59,2398.18,true
2026-05-08 23:00:00,2398.11,2400.59,2394.59,2396.92,true
2026-05-08 23:30:00,2398.21,2398.92,2397.63,2397.67,true
2026-05-11 02:00:00,2422.49,2422.60,2418.71,2419.54,true
2026-05-11 02:30:00,2419.29,2420.01,2418.69,2419.94,true
2026-05-11 03:00:00,2419.97,2427.07,2413.85,2425.33,true
2026-05-11 03:30:00,2425.13,2425.80,2421.58,2422.14,true
2026-05-11 04:00:00,2422.09,2436.89,2422.09,2436.59,true
2026-05-11 04:30:00,2438.95,2447.40,2436.66,2444.17,true
2026-05-11 05:00:00,2444.39,2444.39,2440.95,2441.58,true
2026-05-11 05:30:00,2441.51,2441.64,2440.54,2440.69,true
2026-05-11 06:00:00,2440.89,2449.14,2439.48,2446.90,true
2026-05-11 06:30:00,2447.18,2449.17,2417.63,2445.52,true
2026-05-11 07:00:00,2446.01,2448.02,2445.53,2447.33,true
2026-05-11 07:30:00,2447.36,2452.84,2430.19,2449.39,true
2026-05-11 08:00:00,2449.48,2453.28,2449.34,2451.35,true
2026-05-11 08:30:00,2451.33,2456.73,2451.11,2454.07,true
2026-05-11 09:00:00,2453.86,2454.07,2453.52,2453.83,true
2026-05-11 09:30:00,2453.85,2454.82,2452.41,2452.41,true
2026-05-11 10:00:00,2452.69,2476.11,2452.69,2471.35,true
2026-05-11 10:30:00,2470.82,2471.84,2470.59,2471.32,true
2026-05-11 11:00:00,2471.32,2474.81,2465.03,2472.05,true
2026-05-11 11:30:00,2471.98,2479.97,2470.40,2478.55,true
2026-05-11 12:00:00,2478.61,2480.52,2478.55,2479.77,true
2026-05-11 12:30:00,2479.43,2491.25,2477.31,2480.66,true
2026-05-11 13:00:00,2480.37,2484.60,2479.47,2484.21,true
2026-05-11 13:30:00,2483.83,2487.22,2469.56,2476.90,true
2026-05-11 14:00:00,2476.72,2488.51,2475.22,2484.86,true
2026-05-11 14:30:00,2484.85,2489.56,2480.73,2480.81,true
2026-05-11 15:00:00,2480.90,2492.48,2479.76,2489.56,true
2026-05-11 15:30:00,2489.46,2515.83,2489.46,2510.87,true
2026-05-11 16:00:00,2511.00,2512.41,2500.56,2505.51,true
2026-05-11 16:30:00,2505.57,2505.61,2493.55,2494.92,true
2026-05-11 17:00:00,2494.77,2502.45,2491.11,2493.55,true
2026-05-11 17:30:00,2493.61,2501.46,2477.91,2496.75,true
2026-05-11 18:00:00,2496.43,2500.33,2489.82,2494.44,true
2026-05-11 18:30:00,2494.22,2498.10,2492.10,2497.57,true
2026-05-11 19:00:00,2497.57,2502.01,2479.45,2492.18,true
2026-05-11 19:30:00,2492.69,2494.17,2492.67,2494.14,true
2026-05-11 20:00:00,2494.10,2497.13,2492.99,2496.89,true
2026-05-11 20:30:00,2496.96,2498.50,2494.08,2495.57,true
2026-05-11 21:00:00,2494.60,2494.78,2491.71,2493.14,true
2026-05-11 21:30:00,2493.11,2495.86,2491.25,2494.58,true
2026-05-11 22:00:00,2494.76,2495.92,2494.76,2495.59,true
2026-05-11 22:30:00,2495.74,2495.83,2494.26,2494.46,true
2026-05-11 23:00:00,2494.26,2499.18,2490.19,2492.84,true
2026-05-11 23:30:00,2492.76,2506.88,2488.91,2490.62,true
2026-05-12 00:00:00,2490.77,2491.09,2488.24,2488.76,true
2026-05-12 00:30:00,2489.28,2492.32,2477.32,2485.25,true
2026-05-12 02:00:00,2486.17,2505.01,2481.46,2484.35,true
2026-05-12 02:30:00,2484.26,2485.72,2482.77,2483.61,true
2026-05-12 03:00:00,2482.64,2483.82,2482.04,2483.18,true
2026-05-12 03:30:00,2483.26,2483.39,2481.95,2482.31,true
2026-05-12 04:00:00,2482.28,2482.28,2480.12,2480.92,true
2026-05-12 04:30:00,2480.82,2485.34,2480.82,2484.67,true
2026-05-12 05:00:00,2484.88,2486.21,2484.78,2485.87,true
2026-05-12 05:30:00,2486.11,2487.20,2482.49,2484.12,true
2026-05-12 06:00:00,2484.02,2486.80,2478.51,2484.81,true
2026-05-12 06:30:00,2485.25,2486.50,2484.97,2485.75,true
2026-05-12 07:00:00,2485.78,2486.45,2485.61,2486.42,true
2026-05-12 07:30:00,2486.35,2486.64,2484.70,2485.01,true
2026-05-12 08:00:00,2485.09,2487.45,2483.84,2486.14,true
2026-05-12 08:30:00,2486.21,2489.93,2468.19,2483.86,true
2026-05-12 09:00:00,2483.83,2484.55,2480.30,2481.67,true
2026-05-12 09:30:00,2480.65,2481.41,2475.37,2479.61,true
2026-05-12 10:00:00,2479.66,2482.22,2478.18,2481.34,true
2026-05-12 10:30:00,2481.43,2481.63,2479.40,2481.19,true
2026-05-12 11:00:00,2481.13,2491.07,2477.50,2483.69,true
2026-05-12 11:30:00,2483.44,2485.77,2480.95,2481.62,true
2026-05-12 12:00:00,2481.23,2485.86,2472.59,2482.34,true
2026-05-12 12:30:00,2482.29,2482.29,2479.89,2480.97,true
2026-05-12 13:00:00,2481.01,2481.01,2472.67,2472.78,true
2026-05-12 13:30:00,2472.82,2476.63,2470.91,2476.13,true
2026-05-12 14:00:00,2475.87,2475.92,2475.50,2475.54,true
2026-05-12 14:30:00,2475.54,2476.29,2465.62,2473.35,true
2026-05-12 15:00:00,2473.42,2475.08,2466.44,2469.44,true
2026-05-12 15:30:00,2469.29,2471.25,2469.01,2469.02,true
2026-05-12 16:00:00,2469.07,2472.20,2469.01,2472.07,true
2026-05-12 16:30:00,2472.66,2473.22,2471.75,2471.82,true
2026-05-12 17:00:00,2471.82,2472.00,2471.49,2471.52,true
2026-05-12 17:30:00,2471.50,2472.03,2471.17,2471.92,true
2026-05-12 18:00:00,2472.09,2472.52,2468.38,2468.99,true
2026-05-12 18:30:00,2468.87,2469.65,2466.91,2469.54,true
2026-05-12 19:00:00,2469.54,2470.80,2466.99,2467.44,true
2026-05-12 19:30:00,2467.03,2467.45,2459.27,2462.96,true
2026-05-12 20:00:00,2463.29,2477.55,2426.62,2456.33,true
2026-05-12 20:30:00,2456.49,2482.05,2442.65,2458.62,true
2026-05-12 21:00:00,2457.21,2462.24,2427.79,2452.04,true
2026-05-12 21:30:00,2451.85,2453.07,2449.45,2449.79,true
2026-05-12 22:00:00,2449.83,2472.93,2414.73,2453.88,true
2026-05-12 22:30:00,2453.88,2458.20,2451.64,2454.73,true
2026-05-12 23:00:00,2454.86,2458.60,2448.70,2452.91,true
2026-05-12 23:30:00,2452.58,2454.46,2450.44,2453.67,true
2026-05-13 00:00:00,2454.57,2456.12,2451.60,2451.88,true
2026-05-13 00:30:00,2452.05,2469.83,2439.93,2448.01,true
2026-05-13 02:00:00,2452.03,2454.15,2451.45,2452.72,true
2026-05-13 02:30:00,2452.91,2456.39,2451.26,2454.76,true
2026-05-13 03:00:00,2456.40,2457.44,2455.29,2456.13,true
2026-05-13 03:30:00,2456.66,2458.56,2454.95,2456.97,true
2026-05-13 04:00:00,2457.01,2459.71,2456.25,2458.59,true
2026-05-13 04:30:00,2458.06,2460.44,2458.06,2458.81,true
2026-05-13 05:00:00,2458.61,2461.48,2457.99,2460.09,true
2026-05-13 05:30:00,2460.25,2460.58,2459.52,2459.85,true
2026-05-13 06:00:00,2459.94,2465.49,2458.29,2463.32,true
2026-05-13 06:30:00,2463.38,2463.72,2461.45,2461.45,true
2026-05-13 07:00:00,2461.45,2461.86,2452.24,2453.75,true
2026-05-13 07:30:00,2453.75,2460.11,2451.75,2455.64,true
2026-05-13 08:00:00,2455.68,2455.72,2451.65,2453.20,true
2026-05-13 08:30:00,2453.15,2456.49,2451.62,2456.41,true
2026-05-13 09:00:00,2456.36,2548.32,2447.61,2468.56,true
2026-05-13 09:30:00,2468.42,2470.73,2466.63,2469.09,true
2026-05-13 10:00:00,2468.95,2470.22,2468.49,2470.22,true
2026-05-13 10:30:00,2470.30,2470.95,2469.93,2470.46,true
2026-05-13 11:00:00,2470.52,2475.50,2465.35,2467.24,true
2026-05-13 11:30:00,2467.03,2467.77,2467.03,2467.30,true
2026-05-13 12:00:00,2467.33,2467.35,2467.29,2467.29,true
2026-05-13 12:30:00,2467.33,2468.26,2464.60,2465.76,true
2026-05-13 13:00:00,2465.76,2465.76,2463.89,2464.32,true
2026-05-13 13:30:00,2464.84,2471.15,2464.42,2470.84,true
2026-05-13 14:00:00,2472.07,2478.86,2471.57,2475.86,true
2026-05-13 14:30:00,2475.84,2476.04,2470.50,2471.35,true
2026-05-13 15:00:00,2471.46,2476.13,2457.55,2464.45,true
2026-05-13 15:30:00,2464.49,2479.43,2441.53,2454.49,true
2026-05-13 16:00:00,2454.49,2454.49,2446.77,2448.85,true
2026-05-13 16:30:00,2448.85,2457.77,2435.20,2452.28,true
2026-05-13 17:00:00,2452.28,2476.94,2443.50,2472.62,true
2026-05-13 17:30:00,2472.06,2472.95,2467.89,2469.56,true
2026-05-13 18:00:00,2469.68,2471.20,2469.18,2470.34,true
2026-05-13 18:30:00,2470.38,2477.49,2469.55,2477.48,true
2026-05-13 19:00:00,2477.70,2477.95,2476.95,2477.38,true
2026-05-13 19:30:00,2478.88,2480.17,2478.68,2479.57,true
2026-05-13 20:00:00,2479.67,2491.66,2477.62,2487.53,true
2026-05-13 20:30:00,2486.94,2487.80,2486.00,2487.32,true
2026-05-13 21:00:00,2487.10,2495.79,2480.76,2481.32,true
2026-05-13 21:30:00,2481.53,2482.99,2481.44,2482.96,true
2026-05-13 22:00:00,2483.94,2485.59,2476.97,2478.38,true
2026-05-13 22:30:00,2478.93,2491.40,2471.25,2487.56,true
2026-05-13 23:00:00,2487.35,2491.40,2483.94,2486.71,true
2026-05-13 23:30:00,2486.64,2488.53,2482.78,2484.55,true
2026-05-14 00:00:00,2483.90,2487.03,2482.90,2485.94,true
2026-05-14 00:30:00,2485.90,2491.67,2485.19,2490.74,true
2026-05-14 01:00:00,2490.94,2504.30,2487.94,2496.86,true
2026-05-14 02:00:00,2494.38,2496.95,2494.25,2495.89,true
2026-05-14 02:30:00,2495.59,2504.58,2493.69,2503.66,true
2026-05-14 03:00:00,2503.19,2503.19,2485.37,2486.31,true
2026-05-14 03:30:00,2486.13,2507.53,2479.55,2496.59,true
2026-05-14 04:00:00,2496.71,2530.12,2495.22,2522.67,true
2026-05-14 04:30:00,2522.16,2522.52,2519.70,2520.38,true
2026-05-14 05:00:00,2520.49,2526.14,2515.63,2521.42,true
2026-05-14 05:30:00,2521.21,2526.67,2515.71,2518.25,true
2026-05-14 06:00:00,2518.25,2523.66,2518.25,2520.97,true
2026-05-14 06:30:00,2520.97,2538.86,2518.76,2538.86,true
2026-05-14 07:00:00,2539.10,2547.22,2537.99,2541.77,true
2026-05-14 07:30:00,2541.70,2551.64,2481.33,2549.95,true
2026-05-14 08:00:00,2549.85,2551.64,2521.14,2536.15,true
2026-05-14 08:30:00,2537.43,2537.90,2522.71,2523.75,true
2026-05-14 09:00:00,2524.35,2526.99,2517.95,2526.73,true
2026-05-14 09:30:00,2526.70,2539.42,2526.70,2535.78,true
2026-05-14 10:00:00,2535.66,2545.87,2523.45,2528.80,true
2026-05-14 10:30:00,2528.76,2544.02,2412.23,2535.54,true
2026-05-14 11:00:00,2535.64,2536.32,2525.89,2530.63,true
2026-05-14 11:30:00,2531.28,2536.82,2527.57,2536.80,true
2026-05-14 12:00:00,2537.96,2550.64,2528.17,2534.59,true
2026-05-14 12:30:00,2534.63,2537.68,2534.47,2536.73,true
2026-05-14 13:00:00,2537.22,2543.80,2526.86,2534.63,true
2026-05-14 13:30:00,2532.61,2564.75,2532.61,2548.68,true
2026-05-14 14:00:00,2548.58,2550.46,2528.82,2540.74,true
2026-05-14 14:30:00,2539.95,2539.95,2539.65,2539.87,true
2026-05-14 15:00:00,2541.25,2541.55,2506.27,2520.68,true
2026-05-14 15:30:00,2520.09,2533.22,2516.99,2529.11,true
2026-05-14 16:00:00,2530.04,2533.76,2521.56,2527.30,true
2026-05-14 16:30:00,2526.90,2550.38,2520.76,2545.23,true
2026-05-14 17:00:00,2545.33,2577.64,2543.97,2565.23,true
2026-05-14 17:30:00,2565.44,2568.83,2560.37,2561.78,true
2026-05-14 18:00:00,2561.69,2575.20,2551.27,2568.86,true
2026-05-14 18:30:00,2568.77,2569.62,2559.52,2559.54,true
2026-05-14 19:00:00,2559.54,2584.72,2509.37,2572.23,true
2026-05-14 19:30:00,2572.23,2574.72,2571.89,2574.59,true
2026-05-14 20:00:00,2574.26,2580.27,2572.58,2577.64,true
2026-05-14 20:30:00,2577.59,2579.75,2576.66,2578.47,true
2026-05-14 21:00:00,2576.91,2579.41,2576.63,2577.93,true
2026-05-14 21:30:00,2577.62,2577.98,2573.84,2574.77,true
2026-05-14 22:00:00,2574.88,2575.56,2570.27,2571.12,true
2026-05-14 22:30:00,2571.13,2574.49,2569.75,2572.96,true
2026-05-14 23:00:00,2572.86,2575.68,2561.97,2564.93,true
2026-05-14 23:30:00,2564.81,2567.81,2557.23,2557.23,true
2026-05-15 01:00:00,2555.30,2558.87,2525.28,2547.96,true
2026-05-15 01:30:00,2547.61,2550.13,2542.17,2544.85,true
2026-05-15 02:00:00,2545.00,2553.91,2530.45,2546.88,true
2026-05-15 02:30:00,2546.19,2551.09,2545.03,2545.88,true
2026-05-15 03:00:00,2545.82,2547.54,2545.82,2547.25,true
2026-05-15 03:30:00,2547.83,2549.15,2544.13,2544.20,true
2026-05-15 04:00:00,2544.51,2545.81,2535.12,2535.81,true
2026-05-15 04:30:00,2535.83,2538.51,2530.19,2531.78,true
2026-05-15 05:00:00,2531.85,2531.92,2530.47,2531.17,true
2026-05-15 05:30:00,2531.58,2534.70,2531.20,2534.15,true
2026-05-15 06:00:00,2533.62,2537.50,2520.27,2537.50,true
2026-05-15 06:30:00,2537.25,2537.25,2536.11,2536.46,true
2026-05-15 07:00:00,2536.28,2536.79,2535.81,2536.69,true
2026-05-15 07:30:00,2536.68,2537.60,2533.15,2534.31,true
2026-05-15 08:00:00,2534.87,2540.31,2506.26,2530.70,true
2026-05-15 08:30:00,2531.10,2532.72,2531.08,2532.42,true
2026-05-15 09:00:00,2532.37,2533.72,2523.37,2525.38,true
2026-05-15 09:30:00,2525.38,2528.72,2523.89,2528.66,true
2026-05-15 10:00:00,2528.72,2531.36,2528.37,2531.26,true
2026-05-15 10:30:00,2530.50,2531.39,2529.76,2530.69,true
2026-05-15 11:00:00,2530.93,2533.33,2530.52,2532.04,true
2026-05-15 11:30:00,2531.39,2534.29,2530.78,2532.88,true
2026-05-15 12:00:00,2532.28,2537.10,2528.02,2535.99,true
2026-05-15 12:30:00,2536.02,2536.29,2524.24,2527.12,true
2026-05-15 13:00:00,2527.20,2529.12,2522.14,2525.46,true
2026-05-15 13:30:00,2525.46,2531.57,2504.59,2519.79,true
2026-05-15 14:00:00,2519.95,2521.28,2515.13,2515.94,true
2026-05-15 14:30:00,2515.84,2520.82,2515.84,2519.72,true
2026-05-15 15:00:00,2519.53,2520.34,2519.36,2520.11,true
2026-05-15 15:30:00,2520.06,2521.53,2518.04,2518.27,true
2026-05-15 16:00:00,2518.27,2521.01,2512.47,2512.89,true
2026-05-15 16:30:00,2513.17,2514.56,2508.20,2512.72,true
2026-05-15 17:00:00,2512.69,2512.84,2507.94,2508.80,true
2026-05-15 17:30:00,2508.82,2508.84,2503.98,2504.30,true
2026-05-15 18:00:00,2504.30,2504.76,2498.98,2499.10,true
2026-05-15 18:30:00,2498.44,2499.49,2496.32,2497.74,true
2026-05-15 19:00:00,2497.70,2497.80,2497.68,2497.80,true
2026-05-15 19:30:00,2497.71,2507.86,2496.88,2500.75,true
2026-05-15 20:00:00,2500.88,2508.59,2499.64,2504.48,true
2026-05-15 20:30:00,2504.42,2504.48,2504.33,2504.47,true
2026-05-15 21:00:00,2504.33,2505.64,2503.84,2505.39,true
2026-05-15 21:30:00,2505.91,2545.49,2498.98,2498.98,true
2026-05-15 22:00:00,2499.05,2500.83,2498.48,2499.85,true
2026-05-15 22:30:00,2499.45,2502.33,2487.26,2494.62,true
2026-05-15 23:00:00,2494.55,2496.82,2492.89,2495.87,true
2026-05-15 23:30:00,2495.85,2496.62,2495.04,2495.42,true
2026-05-18 01:00:00,2500.21,2501.06,2494.33,2496.64,true
2026-05-18 01:30:00,2496.97,2499.13,2492.23,2493.45,true
2026-05-18 02:00:00,2494.40,2496.00,2492.57,2495.28,true
2026-05-18 02:30:00,2493.11,2495.13,2492.09,2494.16,true
2026-05-18 03:00:00,2494.26,2497.75,2492.08,2492.25,true
2026-05-18 03:30:00,2492.28,2495.38,2484.23,2493.27,true
2026-05-18 04:00:00,2493.24,2493.81,2486.89,2489.24,true
2026-05-18 04:30:00,2489.30,2498.04,2489.30,2493.59,true
2026-05-18 05:00:00,2494.16,2494.84,2493.98,2494.82,true
2026-05-18 05:30:00,2494.89,2496.23,2494.57,2495.61,true
2026-05-18 06:00:00,2495.33,2499.40,2494.63,2498.85,true
2026-05-18 06:30:00,2498.97,2501.54,2498.06,2500.16,true
2026-05-18 07:00:00,2500.08,2502.20,2499.64,2501.04,true
2026-05-18 07:30:00,2500.93,2502.14,2497.56,2497.87,true
2026-05-18 08:00:00,2498.01,2498.09,2497.80,2497.81,true
2026-05-18 08:30:00,2497.86,2497.89,2497.36,2497.45,true
2026-05-18 09:00:00,2497.69,2499.92,2496.59,2498.24,true
2026-05-18 09:30:00,2498.20,2498.24,2497.69,2497.99,true
2026-05-18 10:00:00,2497.99,2498.35,2497.36,2497.45,true
2026-05-18 10:30:00,2497.45,2502.80,2496.07,2501.22,true
2026-05-18 11:00:00,2501.32,2504.79,2494.02,2496.02,true
2026-05-18 11:30:00,2496.21,2499.56,2496.06,2498.52,true
2026-05-18 12:00:00,2498.52,2498.60,2493.70,2496.87,true
2026-05-18 12:30:00,2496.85,2500.41,2496.71,2500.41,true
2026-05-18 13:00:00,2500.34,2502.51,2494.64,2497.34,true
2026-05-18 13:30:00,2497.28,2497.32,2497.19,2497.22,true
2026-05-18 14:00:00,2497.05,2503.20,2496.69,2502.20,true
2026-05-18 14:30:00,2502.25,2538.92,2410.84,2494.81,true
2026-05-18 15:00:00,2495.08,2495.08,2485.56,2486.76,true
2026-05-18 15:30:00,2487.22,2487.22,2484.71,2485.23,true
2026-05-18 16:00:00,2484.78,2490.84,2484.26,2490.72,true
2026-05-18 16:30:00,2491.30,2494.92,2490.43,2492.57,true
2026-05-18 17:00:00,2492.42,2515.05,2485.29,2493.97,true
2026-05-18 17:30:00,2494.41,2495.07,2493.95,2494.90,true
2026-05-18 18:00:00,2494.40,2501.73,2485.60,2492.20,true
2026-05-18 18:30:00,2491.74,2502.48,2487.64,2488.23,true
2026-05-18 19:30:00,2488.99,2501.59,2469.51,2493.00,true
2026-05-18 20:00:00,2492.90,2493.17,2491.90,2492.17,true
2026-05-18 20:30:00,2492.17,2503.54,2488.38,2494.17,true
2026-05-18 21:00:00,2494.82,2495.23,2493.65,2494.01,true
2026-05-18 21:30:00,2493.89,2494.58,2493.88,2494.50,true
2026-05-18 22:00:00,2494.56,2500.02,2487.70,2497.64,true
2026-05-18 22:30:00,2497.62,2498.49,2497.43,2498.35,true
2026-05-18 23:00:00,2498.48,2501.84,2496.75,2500.11,true
2026-05-18 23:30:00,2499.99,2500.29,2499.82,2500.25,true
2026-05-19 00:00:00,2500.22,2501.53,2499.34,2499.59,true
2026-05-19 00:30:00,2499.52,2501.86,2498.05,2500.01,true
2026-05-19 01:00:00,2499.96,2500.32,2499.96,2500.31,true
2026-05-19 01:30:00,2500.84,2501.73,2499.95,2500.46,true
2026-05-19 02:00:00,2499.64,2501.66,2497.71,2500.83,true
2026-05-19 02:30:00,2500.83,2502.05,2500.38,2500.48,true
2026-05-19 03:00:00,2500.34,2500.52,2500.01,2500.02,true
2026-05-19 03:30:00,2500.04,2500.90,2498.63,2499.03,true
2026-05-19 04:00:00,2499.20,2504.87,2496.21,2501.91,true
2026-05-19 04:30:00,2501.61,2506.59,2500.33,2503.57,true
2026-05-19 05:00:00,2503.50,2503.79,2500.22,2502.31,true
2026-05-19 05:30:00,2502.44,2503.04,2502.32,2502.86,true
2026-05-19 06:00:00,2502.91,2502.95,2502.90,2502.95,true
2026-05-19 06:30:00,2502.94,2508.51,2494.11,2504.15,true
2026-05-19 07:00:00,2501.90,2502.17,2501.26,2501.29,true
2026-05-19 07:30:00,2501.35,2501.46,2500.85,2500.85,true
2026-05-19 08:00:00,2500.84,2501.34,2500.83,2501.25,true
2026-05-19 08:30:00,2501.36,2502.16,2494.49,2498.66,true
2026-05-19 09:00:00,2498.56,2502.19,2497.23,2501.64,true
2026-05-19 09:30:00,2501.68,2502.58,2500.40,2501.50,true
2026-05-19 10:00:00,2501.47,2504.01,2500.89,2501.96,true
2026-05-19 10:30:00,2501.71,2503.23,2498.22,2500.04,true
2026-05-19 11:00:00,2500.24,2501.10,2495.64,2499.32,true
2026-05-19 11:30:00,2499.28,2499.33,2499.17,2499.19,true
2026-05-19 12:00:00,2499.17,2505.10,2497.24,2498.28,true
2026-05-19 12:30:00,2499.06,2499.66,2498.33,2499.27,true
2026-05-19 13:00:00,2498.60,2499.04,2498.31,2498.90,true
2026-05-19 13:30:00,2498.96,2498.99,2498.22,2498.46,true
2026-05-19 14:00:00,2498.44,2498.51,2498.41,2498.41,true
2026-05-19 14:30:00,2498.38,2499.59,2497.02,2499.20,true
2026-05-19 15:00:00,2499.14,2499.37,2494.31,2497.00,true
2026-05-19 15:30:00,2496.87,2498.35,2496.65,2498.02,true
2026-05-19 16:00:00,2498.08,2498.88,2498.08,2498.88,true
2026-05-19 16:30:00,2498.99,2501.99,2496.79,2497.19,true
2026-05-19 17:00:00,2497.24,2497.31,2492.37,2494.53,true
2026-05-19 17:30:00,2494.54,2496.70,2493.86,2495.45,true
2026-05-19 18:00:00,2495.42,2499.86,2493.94,2497.50,true
2026-05-19 18:30:00,2497.67,2502.20,2479.80,2494.45,true
2026-05-19 19:00:00,2494.48,2494.84,2489.76,2491.97,true
2026-05-19 19:30:00,2491.99,2492.01,2491.76,2491.86,true
2026-05-19 20:00:00,2491.65,2492.24,2490.44,2491.41,true
2026-05-19 20:30:00,2491.67,2492.91,2488.55,2492.46,true
2026-05-19 21:00:00,2492.56,2494.45,2491.07,2491.45,true
2026-05-19 21:30:00,2491.45,2491.47,2491.42,2491.43,true
2026-05-19 22:00:00,2491.37,2491.49,2489.62,2491.13,true
2026-05-19 22:30:00,2490.51,2491.57,2489.25,2491.52,true
2026-05-19 23:00:00,2491.61,2491.78,2491.52,2491.78,true
2026-05-19 23:30:00,2491.88,2492.02,2491.79,2491.99,true
2026-05-20 01:00:00,2491.10,2492.43,2488.69,2488.93,true
2026-05-20 01:30:00,2489.02,2491.78,2489.02,2491.07,true
2026-05-20 02:00:00,2491.09,2491.82,2491.02,2491.82,true
2026-05-20 02:30:00,2491.70,2492.58,2489.90,2491.90,true
2026-05-20 03:00:00,2491.85,2491.95,2489.45,2489.79,true
2026-05-20 03:30:00,2491.53,2491.60,2491.08,2491.20,true
2026-05-20 04:00:00,2491.24,2491.83,2483.05,2484.97,true
2026-05-20 04:30:00,2484.72,2485.94,2482.58,2482.88,true
2026-05-20 05:00:00,2482.90,2484.47,2482.40,2483.65,true
2026-05-20 05:30:00,2483.61,2483.75,2483.60,2483.71,true
2026-05-20 06:00:00,2483.69,2484.81,2483.69,2484.35,true
2026-05-20 06:30:00,2484.42,2485.84,2483.34,2485.13,true
2026-05-20 07:00:00,2485.09,2485.09,2484.47,2484.63,true
2026-05-20 07:30:00,2484.61,2486.71,2481.34,2483.88,true
2026-05-20 08:00:00,2483.78,2484.77,2483.34,2483.97,true
2026-05-20 08:30:00,2483.94,2484.60,2482.73,2482.87,true
2026-05-20 09:00:00,2482.87,2485.03,2482.09,2484.23,true
2026-05-20 09:30:00,2484.23,2484.73,2483.36,2483.59,true
2026-05-20 10:00:00,2483.58,2490.77,2479.83,2482.77,true
2026-05-20 10:30:00,2482.69,2483.04,2480.76,2480.94,true
2026-05-20 11:00:00,2480.92,2482.13,2480.81,2481.75,true
2026-05-20 11:30:00,2481.74,2482.10,2481.34,2481.35,true
2026-05-20 12:00:00,2481.33,2484.42,2480.23,2482.88,true
2026-05-20 12:30:00,2482.98,2495.74,2482.98,2485.32,true
2026-05-20 13:00:00,2485.38,2487.41,2485.31,2486.38,true
2026-05-20 13:30:00,2486.67,2486.67,2486.08,2486.48,true
2026-05-20 14:00:00,2486.53,2486.55,2486.25,2486.25,true
2026-05-20 14:30:00,2486.50,2486.90,2484.68,2485.71,true
2026-05-20 15:00:00,2485.67,2490.30,2483.42,2489.71,true
2026-05-20 15:30:00,2489.63,2500.48,2488.06,2495.86,true
2026-05-20 16:00:00,2495.97,2498.18,2488.43,2491.26,true
2026-05-20 16:30:00,2491.22,2493.71,2491.18,2492.05,true
2026-05-20 17:00:00,2492.39,2494.25,2490.04,2492.86,true
2026-05-20 17:30:00,2493.03,2498.55,2490.82,2496.54,true
2026-05-20 18:00:00,2496.52,2512.63,2487.67,2491.57,true
2026-05-20 18:30:00,2491.59,2491.74,2488.83,2488.97,true
2026-05-20 19:00:00,2489.39,2495.07,2489.32,2494.18,true
2026-05-20 19:30:00,2493.91,2495.10,2490.74,2492.67,true
2026-05-20 20:00:00,2492.50,2496.51,2491.81,2496.29,true
2026-05-20 20:30:00,2496.17,2500.30,2484.76,2494.99,true
2026-05-20 21:00:00,2495.08,2498.42,2493.05,2494.21,true
2026-05-20 21:30:00,2494.53,2497.63,2493.61,2497.20,true
2026-05-20 22:00:00,2497.20,2498.63,2496.81,2498.28,true
2026-05-20 22:30:00,2498.38,2498.79,2497.89,2497.90,true
2026-05-20 23:00:00,2498.25,2501.63,2497.29,2499.21,true
2026-05-20 23:30:00,2499.07,2499.07,2496.68,2497.62,true
2026-05-21 01:00:00,2500.02,2503.69,2493.46,2501.67,true
2026-05-21 01:30:00,2501.40,2502.96,2501.21,2502.96,true
2026-05-21 02:00:00,2502.73,2503.48,2500.28,2500.72,true
2026-05-21 02:30:00,2500.65,2503.26,2498.67,2501.26,true
2026-05-21 03:00:00,2500.39,2503.14,2498.13,2501.21,true
2026-05-21 03:30:00,2501.25,2501.39,2500.39,2501.39,true
2026-05-21 04:00:00,2501.29,2503.60,2500.26,2503.03,true
2026-05-21 04:30:00,2502.94,2505.86,2500.13,2500.65,true
2026-05-21 05:00:00,2500.58,2502.77,2499.72,2500.87,true
2026-05-21 05:30:00,2501.33,2504.91,2500.76,2503.22,true
2026-05-21 06:00:00,2503.34,2503.35,2503.29,2503.30,true
2026-05-21 06:30:00,2503.97,2504.43,2503.76,2504.24,true
2026-05-21 07:00:00,2504.33,2504.33,2502.28,2502.97,true
2026-05-21 07:30:00,2503.01,2503.52,2502.91,2503.14,true
2026-05-21 08:00:00,2503.25,2503.65,2502.13,2502.16,true
2026-05-21 08:30:00,2501.70,2509.82,2499.09,2506.27,true
2026-05-21 09:00:00,2506.20,2509.46,2503.85,2509.14,true
2026-05-21 09:30:00,2509.16,2519.95,2483.99,2512.88,true
2026-05-21 10:00:00,2512.91,2513.50,2510.06,2510.74,true
2026-05-21 10:30:00,2510.84,2518.44,2508.09,2513.88,true
2026-05-21 11:00:00,2513.76,2519.27,2511.69,2517.31,true
2026-05-21 11:30:00,2517.38,2519.11,2517.31,2519.11,true
2026-05-21 12:00:00,2519.13,2519.49,2516.41,2516.73,true
2026-05-21 12:30:00,2516.73,2517.87,2516.35,2516.52,true
2026-05-21 13:00:00,2516.58,2517.74,2512.92,2517.58,true
2026-05-21 13:30:00,2517.48,2522.24,2515.66,2518.65,true
2026-05-21 14:00:00,2518.64,2518.91,2514.53,2515.75,true
2026-05-21 14:30:00,2515.62,2515.87,2515.62,2515.82,true
2026-05-21 15:00:00,2515.77,2516.13,2511.07,2511.35,true
2026-05-21 15:30:00,2511.27,2514.92,2504.36,2505.71,true
2026-05-21 16:00:00,2505.71,2509.34,2505.71,2508.33,true
2026-05-21 16:30:00,2509.20,2510.68,2504.66,2508.11,true
2026-05-21 17:00:00,2508.14,2508.50,2506.23,2506.95,true
2026-05-21 17:30:00,2506.63,2507.09,2502.71,2503.93,true
2026-05-21 18:00:00,2504.02,2504.42,2499.87,2501.20,true
2026-05-21 18:30:00,2501.38,2505.31,2497.76,2502.00,true
2026-05-21 19:00:00,2502.20,2505.09,2500.71,2503.14,true
2026-05-21 19:30:00,2503.18,2504.13,2501.88,2504.13,true
2026-05-21 20:00:00,2504.25,2505.59,2502.77,2503.70,true
2026-05-21 20:30:00,2503.66,2505.00,2502.21,2503.28,true
2026-05-21 21:00:00,2503.64,2504.03,2495.38,2500.10,true
2026-05-21 21:30:00,2500.19,2500.19,2499.98,2499.98,true
2026-05-21 22:00:00,2499.77,2499.92,2498.70,2499.07,true
2026-05-21 22:30:00,2499.02,2499.89,2495.05,2498.64,true
2026-05-21 23:00:00,2498.67,2503.29,2495.57,2500.31,true
2026-05-21 23:30:00,2500.17,2515.56,2465.94,2504.06,true
2026-05-22 00:00:00,2503.63,2510.01,2501.89,2504.29,true
2026-05-22 00:30:00,2504.07,2504.58,2503.89,2504.54,true
2026-05-22 01:00:00,2504.27,2504.53,2504.08,2504.42,true
2026-05-22 01:30:00,2504.46,2504.49,2504.27,2504.30,true
2026-05-22 02:00:00,2504.22,2505.11,2503.67,2503.71,true
2026-05-22 02:30:00,2503.99,2505.16,2503.07,2505.09,true
2026-05-22 03:00:00,2505.09,2509.09,2504.83,2506.92,true
2026-05-22 03:30:00,2506.92,2506.92,2504.92,2506.26,true
2026-05-22 04:00:00,2506.26,2506.42,2505.44,2506.02,true
2026-05-22 04:30:00,2505.99,2507.71,2505.81,2506.81,true
2026-05-22 05:00:00,2507.83,2508.40,2507.23,2508.16,true
2026-05-22 05:30:00,2507.51,2508.33,2504.00,2505.50,true
2026-05-22 06:00:00,2505.80,2506.39,2504.29,2504.39,true
2026-05-22 06:30:00,2504.39,2504.39,2501.77,2501.83,true
2026-05-22 07:00:00,2501.82,2503.12,2501.30,2503.11,true
2026-05-22 07:30:00,2503.03,2509.77,2502.21,2502.29,true
2026-05-22 08:00:00,2502.41,2502.41,2502.14,2502.21,true
2026-05-22 08:30:00,2502.27,2502.27,2499.64,2499.90,true
2026-05-22 09:00:00,2499.80,2500.05,2499.56,2499.71,true
2026-05-22 09:30:00,2499.67,2500.35,2499.57,2500.20,true
2026-05-22 10:00:00,2500.21,2500.45,2499.22,2499.71,true
2026-05-22 10:30:00,2499.76,2500.12,2498.72,2498.72,true
2026-05-22 11:00:00,2498.63,2505.95,2498.11,2504.49,true
2026-05-22 11:30:00,2504.48,2506.64,2502.09,2503.19,true
2026-05-22 12:00:00,2503.26,2506.76,2500.84,2505.52,true
2026-05-22 12:30:00,2505.28,2505.78,2504.34,2505.07,true
2026-05-22 13:00:00,2505.06,2509.69,2496.57,2506.05,true
2026-05-22 13:30:00,2505.83,2506.32,2504.21,2505.02,true
2026-05-22 14:00:00,2504.52,2505.28,2503.83,2505.14,true
2026-05-22 14:30:00,2505.30,2507.25,2505.11,2506.14,true
2026-05-22 15:00:00,2506.14,2508.71,2505.53,2507.54,true
2026-05-22 15:30:00,2507.52,2518.25,2506.27,2511.97,true
2026-05-22 16:00:00,2512.14,2513.19,2508.29,2510.33,true
2026-05-22 16:30:00,2510.39,2512.67,2508.54,2510.79,true
2026-05-22 17:00:00,2510.60,2516.66,2508.24,2514.83,true
2026-05-22 17:30:00,2514.75,2516.05,2510.84,2511.75,true
2026-05-22 18:00:00,2511.93,2512.82,2510.52,2512.29,true
2026-05-22 18:30:00,2512.29,2514.10,2508.89,2513.86,true
2026-05-22 19:00:00,2514.06,2517.24,2513.82,2516.43,true
2026-05-22 19:30:00,2516.44,2518.17,2508.64,2517.09,true
2026-05-22 20:00:00,2515.91,2521.49,2507.21,2513.55,true
2026-05-22 20:30:00,2513.51,2516.42,2511.96,2515.95,true
2026-05-22 21:00:00,2516.02,2516.85,2514.45,2515.06,true
2026-05-22 21:30:00,2515.10,2515.47,2515.07,2515.23,true
2026-05-22 22:00:00,2515.17,2516.36,2513.37,2516.08,true
2026-05-22 22:30:00,2516.00,2520.00,2513.86,2514.08,true
2026-05-22 23:00:00,2514.19,2514.93,2512.63,2514.67,true
2026-05-22 23:30:00,2514.56,2514.98,2514.15,2514.32,true
2026-05-25 01:00:00,2512.64,2513.30,2510.59,2511.85,true
2026-05-25 01:30:00,2511.80,2520.62,2510.81,2515.34,true
2026-05-25 02:00:00,2515.18,2515.18,2511.10,2512.80,true
2026-05-25 02:30:00,2512.77,2512.78,2508.82,2509.88,true
2026-05-25 03:00:00,2509.77,2515.12,2503.35,2514.15,true
2026-05-25 03:30:00,2514.23,2514.40,2511.19,2511.50,true
2026-05-25 04:00:00,2511.43,2514.90,2510.75,2514.78,true
2026-05-25 04:30:00,2514.85,2518.58,2514.60,2517.91,true
2026-05-25 05:00:00,2517.92,2518.85,2515.18,2515.72,true
2026-05-25 05:30:00,2516.02,2525.13,2510.05,2513.67,true
2026-05-25 06:00:00,2514.59,2514.72,2514.31,2514.68,true
2026-05-25 06:30:00,2514.24,2514.63,2511.87,2512.96,true
2026-05-25 07:00:00,2512.93,2513.59,2512.80,2513.52,true
2026-05-25 07:30:00,2513.45,2513.52,2513.18,2513.32,true
2026-05-25 08:00:00,2513.29,2513.29,2512.50,2512.56,true
2026-05-25 08:30:00,2512.52,2512.52,2506.23,2507.50,true
2026-05-25 09:00:00,2507.50,2508.09,2505.50,2506.81,true
2026-05-25 09:30:00,2506.96,2508.14,2505.38,2505.64,true
2026-05-25 10:00:00,2505.65,2517.98,2503.43,2509.76,true
2026-05-25 10:30:00,2509.73,2522.50,2500.38,2506.37,true
2026-05-25 11:00:00,2506.12,2506.84,2504.84,2505.07,true
2026-05-25 11:30:00,2504.79,2505.24,2504.71,2505.09,true
2026-05-25 12:00:00,2505.09,2505.38,2505.05,2505.38,true
2026-05-25 12:30:00,2505.38,2506.76,2499.60,2502.19,true
2026-05-25 13:00:00,2502.26,2503.89,2500.15,2501.86,true
2026-05-25 13:30:00,2501.88,2505.88,2498.85,2504.39,true
2026-05-25 14:00:00,2504.29,2511.61,2503.95,2509.03,true
2026-05-25 14:30:00,2509.03,2511.53,2486.29,2500.25,true
2026-05-25 15:00:00,2500.50,2503.36,2495.98,2496.60,true
2026-05-25 15:30:00,2496.51,2500.93,2495.71,2500.48,true
2026-05-25 16:00:00,2500.38,2500.51,2500.32,2500.49,true
2026-05-25 16:30:00,2500.95,2501.06,2488.99,2498.33,true
2026-05-25 17:00:00,2498.40,2506.27,2498.40,2502.87,true
2026-05-25 17:30:00,2502.89,2508.80,2495.25,2504.33,true
2026-05-25 18:00:00,2503.87,2510.12,2503.04,2509.35,true
2026-05-25 18:30:00,2509.19,2536.40,2505.82,2516.90,true
2026-05-25 19:00:00,2517.24,2521.45,2515.70,2520.69,true
2026-05-25 19:30:00,2520.69,2520.70,2520.66,2520.68,true
2026-05-25 20:00:00,2520.58,2521.71,2517.91,2519.52,true
2026-05-25 20:30:00,2519.36,2519.56,2518.73,2519.18,true
2026-05-25 21:00:00,2519.01,2521.93,2514.41,2517.13,true
2026-05-25 21:30:00,2516.84,2517.86,2511.72,2512.82,true
2026-05-25 22:00:00,2512.52,2528.71,2510.72,2514.53,true
2026-05-25 22:30:00,2514.36,2522.56,2511.03,2521.02,true
2026-05-25 23:00:00,2521.14,2575.39,2508.78,2517.02,true
2026-05-25 23:30:00,2517.29,2518.60,2516.41,2518.57,true
2026-05-26 00:00:00,2518.71,2524.89,2518.49,2522.83,true
2026-05-26 00:30:00,2522.88,2543.56,2514.61,2525.07,true
2026-05-26 02:00:00,2526.37,2529.21,2526.16,2528.95,true
2026-05-26 02:30:00,2528.81,2528.84,2528.79,2528.83,true
2026-05-26 03:00:00,2528.83,2540.49,2509.64,2527.13,true
2026-05-26 03:30:00,2526.36,2527.55,2526.02,2526.70,true
2026-05-26 04:00:00,2526.74,2530.61,2523.54,2528.59,true
2026-05-26 04:30:00,2528.77,2533.19,2516.14,2527.76,true
2026-05-26 05:00:00,2527.81,2528.08,2527.78,2527.99,true
2026-05-26 05:30:00,2527.64,2532.92,2527.00,2529.42,true
2026-05-26 06:00:00,2529.36,2537.68,2500.73,2531.69,true
2026-05-26 06:30:00,2531.59,2533.36,2530.44,2533.32,true
2026-05-26 07:00:00,2533.42,2533.74,2533.24,2533.66,true
2026-05-26 07:30:00,2532.42,2545.07,2522.11,2533.72,true
2026-05-26 08:00:00,2533.72,2536.20,2532.22,2534.39,true
2026-05-26 08:30:00,2534.50,2534.50,2531.78,2534.00,true
2026-05-26 09:00:00,2534.60,2538.68,2530.69,2535.28,true
2026-05-26 09:30:00,2535.38,2535.87,2533.02,2534.09,true
2026-05-26 10:00:00,2534.44,2536.08,2534.09,2535.05,true
2026-05-26 10:30:00,2535.19,2546.94,2534.66,2538.39,true
2026-05-26 11:00:00,2538.65,2540.10,2537.31,2539.22,true
2026-05-26 11:30:00,2539.17,2541.15,2535.90,2536.86,true
2026-05-26 12:00:00,2536.70,2543.02,2535.89,2540.55,true
2026-05-26 12:30:00,2540.83,2544.16,2538.88,2542.15,true
2026-05-26 13:00:00,2542.20,2553.26,2538.96,2544.57,true
2026-05-26 13:30:00,2544.53,2549.93,2543.14,2546.33,true
2026-05-26 14:00:00,2546.98,2548.14,2546.32,2547.42,true
2026-05-26 14:30:00,2547.40,2547.40,2547.34,2547.36,true
2026-05-26 15:00:00,2547.20,2549.93,2537.81,2545.08,true
2026-05-26 15:30:00,2545.03,2546.79,2544.62,2545.80,true
2026-05-26 16:00:00,2545.00,2579.65,2541.36,2549.09,true
2026-05-26 16:30:00,2549.41,2554.21,2539.87,2550.56,true
2026-05-26 17:00:00,2550.34,2552.55,2549.22,2551.84,true
2026-05-26 17:30:00,2553.00,2554.04,2550.43,2552.64,true
2026-05-26 18:00:00,2552.64,2555.53,2531.06,2549.97,true
2026-05-26 18:30:00,2549.97,2551.13,2546.82,2548.77,true
2026-05-26 19:00:00,2548.66,2553.70,2539.39,2546.14,true
2026-05-26 19:30:00,2546.14,2557.18,2544.87,2547.79,true
2026-05-26 20:00:00,2547.60,2551.22,2547.57,2549.01,true
2026-05-26 20:30:00,2549.20,2551.53,2548.75,2550.49,true
2026-05-26 21:00:00,2550.53,2551.85,2550.06,2551.34,true
2026-05-26 21:30:00,2551.01,2551.46,2548.96,2549.28,true
2026-05-26 22:00:00,2549.18,2556.10,2534.64,2546.67,true
2026-05-26 22:30:00,2546.98,2552.60,2541.21,2552.43,true
2026-05-26 23:00:00,2552.61,2553.41,2552.45,2553.35,true
2026-05-26 23:30:00,2552.17,2554.03,2552.09,2553.43,true
2026-05-27 01:00:00,2552.22,2553.35,2552.20,2552.97,true
2026-05-27 01:30:00,2553.05,2554.87,2552.90,2554.14,true
2026-05-27 02:00:00,2554.08,2554.22,2553.65,2553.75,true
2026-05-27 02:30:00,2553.82,2558.01,2549.68,2552.30,true
2026-05-27 03:00:00,2553.16,2553.86,2553.07,2553.38,true
2026-05-27 03:30:00,2553.40,2553.50,2552.77,2553.00,true
2026-05-27 04:00:00,2552.85,2552.86,2552.36,2552.70,true
2026-05-27 04:30:00,2553.06,2553.70,2551.66,2551.77,true
2026-05-27 05:00:00,2551.83,2551.84,2551.83,2551.84,true
2026-05-27 05:30:00,2551.53,2551.94,2550.61,2551.29,true
2026-05-27 06:00:00,2551.29,2551.49,2550.99,2550.99,true
2026-05-27 06:30:00,2551.22,2551.28,2551.21,2551.23,true
2026-05-27 07:00:00,2551.44,2552.77,2548.74,2551.04,true
2026-05-27 07:30:00,2550.97,2554.12,2549.49,2550.08,true
2026-05-27 08:00:00,2549.96,2558.10,2539.98,2548.91,true
2026-05-27 08:30:00,2549.29,2550.67,2547.84,2550.04,true
2026-05-27 09:00:00,2549.95,2552.53,2548.87,2552.21,true
2026-05-27 09:30:00,2552.31,2553.14,2550.64,2551.06,true
2026-05-27 10:00:00,2551.05,2551.64,2549.13,2549.50,true
2026-05-27 10:30:00,2549.70,2551.80,2547.02,2550.71,true
2026-05-27 11:00:00,2550.61,2552.93,2549.30,2549.55,true
2026-05-27 11:30:00,2549.53,2551.31,2549.21,2550.29,true
2026-05-27 12:00:00,2550.37,2550.92,2549.44,2550.80,true
2026-05-27 12:30:00,2550.71,2552.01,2549.47,2550.23,true
2026-05-27 13:00:00,2550.10,2550.21,2550.01,2550.21,true
2026-05-27 13:30:00,2550.15,2552.28,2547.00,2552.12,true
2026-05-27 14:00:00,2552.52,2552.55,2551.64,2551.70,true
2026-05-27 14:30:00,2551.69,2551.93,2548.32,2550.10,true
2026-05-27 15:00:00,2550.19,2551.40,2550.03,2551.40,true
2026-05-27 15:30:00,2551.51,2579.22,2544.15,2562.24,true
2026-05-27 16:00:00,2562.12,2562.90,2560.35,2560.82,true
2026-05-27 16:30:00,2560.68,2563.81,2560.56,2563.44,true
2026-05-27 17:00:00,2563.66,2566.69,2559.74,2564.99,true
2026-05-27 17:30:00,2564.75,2569.31,2562.84,2568.26,true
2026-05-27 18:00:00,2568.37,2576.29,2564.11,2570.91,true
2026-05-27 18:30:00,2570.97,2571.55,2568.95,2570.10,true
2026-05-27 19:00:00,2570.10,2573.17,2569.46,2572.43,true
2026-05-27 19:30:00,2572.42,2574.78,2570.64,2574.61,true
2026-05-27 20:00:00,2574.60,2575.44,2573.26,2573.67,true
2026-05-27 20:30:00,2573.59,2575.01,2570.38,2572.91,true
2026-05-27 21:00:00,2572.97,2574.25,2570.90,2571.52,true
2026-05-27 21:30:00,2571.50,2577.72,2571.50,2572.90,true
2026-05-27 22:00:00,2572.45,2574.04,2571.18,2573.87,true
2026-05-27 22:30:00,2573.86,2580.31,2567.26,2572.58,true
2026-05-27 23:00:00,2572.64,2572.65,2572.54,2572.55,true
2026-05-27 23:30:00,2572.76,2572.92,2571.75,2571.92,true
2026-05-28 00:00:00,2571.89,2574.96,2570.46,2573.49,true
2026-05-28 00:30:00,2573.40,2575.11,2573.18,2573.81,true
2026-05-28 02:00:00,2572.71,2597.82,2568.73,2574.51,true
2026-05-28 02:30:00,2574.31,2576.01,2573.79,2575.65,true
2026-05-28 03:00:00,2575.61,2576.08,2574.37,2574.66,true
2026-05-28 03:30:00,2574.74,2579.21,2570.82,2576.24,true
2026-05-28 04:00:00,2576.53,2582.20,2575.77,2578.96,true
2026-05-28 04:30:00,2578.27,2585.62,2576.94,2578.90,true
2026-05-28 05:00:00,2578.99,2582.92,2577.15,2581.51,true
2026-05-28 05:30:00,2581.45,2584.61,2578.00,2584.00,true
2026-05-28 06:00:00,2584.33,2584.82,2583.86,2584.76,true
2026-05-28 06:30:00,2584.69,2584.73,2584.57,2584.62,true
2026-05-28 07:00:00,2584.62,2586.77,2583.40,2586.47,true
2026-05-28 07:30:00,2586.51,2587.12,2580.45,2581.85,true
2026-05-28 08:00:00,2581.92,2582.18,2581.80,2582.11,true
2026-05-28 08:30:00,2582.11,2582.99,2581.95,2582.94,true
2026-05-28 09:00:00,2583.16,2593.68,2576.89,2593.40,true
2026-05-28 09:30:00,2593.34,2593.46,2590.92,2592.30,true
2026-05-28 10:00:00,2592.46,2594.80,2591.82,2593.63,true
2026-05-28 10:30:00,2593.52,2594.98,2584.87,2587.58,true
2026-05-28 11:00:00,2587.30,2591.23,2587.01,2590.48,true
2026-05-28 11:30:00,2590.41,2593.56,2584.26,2587.91,true
2026-05-28 12:00:00,2587.94,2597.86,2587.86,2593.88,true
2026-05-28 12:30:00,2593.91,2594.21,2592.28,2592.69,true
2026-05-28 13:00:00,2592.70,2601.07,2585.39,2591.77,true
2026-05-28 13:30:00,2591.68,2592.16,2590.28,2591.40,true
2026-05-28 14:00:00,2591.39,2591.39,2590.00,2590.68,true
2026-05-28 14:30:00,2590.47,2591.48,2589.23,2591.43,true
2026-05-28 15:00:00,2591.37,2597.26,2589.53,2590.49,true
2026-05-28 15:30:00,2590.46,2590.77,2590.46,2590.69,true
2026-05-28 16:00:00,2590.43,2595.91,2588.60,2591.16,true
2026-05-28 16:30:00,2591.12,2597.55,2588.80,2594.58,true
2026-05-28 17:00:00,2594.58,2596.19,2591.11,2593.02,true
2026-05-28 17:30:00,2591.24,2592.99,2589.66,2592.25,true
2026-05-28 18:00:00,2592.14,2595.28,2591.79,2594.93,true
2026-05-28 18:30:00,2595.03,2597.37,2594.62,2597.02,true
2026-05-28 19:00:00,2597.12,2597.15,2596.57,2596.63,true
2026-05-28 19:30:00,2596.74,2602.24,2585.74,2597.73,true
2026-05-28 20:00:00,2597.81,2601.83,2597.76,2600.92,true
2026-05-28 20:30:00,2600.37,2600.82,2599.14,2599.16,true
2026-05-28 21:00:00,2599.76,2600.74,2598.86,2600.73,true
2026-05-28 21:30:00,2600.85,2601.76,2597.90,2599.62,true
2026-05-28 22:00:00,2599.65,2599.65,2597.96,2598.90,true
2026-05-28 22:30:00,2598.78,2598.82,2598.61,2598.64,true
2026-05-28 23:00:00,2598.60,2599.29,2597.95,2598.98,true
2026-05-28 23:30:00,2599.16,2600.71,2597.26,2597.50,true
2026-05-29 00:00:00,2597.53,2598.66,2597.10,2598.55,true
2026-05-29 00:30:00,2598.66,2598.66,2598.62,2598.62,true
2026-05-29 01:00:00,2598.47,2601.32,2598.34,2600.53,true
2026-05-29 01:30:00,2600.46,2600.91,2597.82,2598.34,true
2026-05-29 02:00:00,2596.53,2597.41,2594.36,2595.46,true
2026-05-29 02:30:00,2595.36,2598.00,2594.60,2596.03,true
2026-05-29 03:00:00,2595.93,2597.36,2594.05,2597.06,true
2026-05-29 03:30:00,2596.95,2599.91,2593.24,2598.52,true
2026-05-29 04:00:00,2599.20,2599.76,2598.05,2598.26,true
2026-05-29 04:30:00,2598.24,2605.39,2598.24,2601.35,true
2026-05-29 05:00:00,2601.59,2606.66,2588.51,2595.24,true
2026-05-29 05:30:00,2595.24,2598.37,2594.81,2598.09,true
2026-05-29 06:00:00,2598.10,2598.10,2598.02,2598.02,true
2026-05-29 06:30:00,2597.99,2600.42,2597.82,2600.42,true
2026-05-29 07:00:00,2600.42,2602.19,2596.28,2599.77,true
2026-05-29 07:30:00,2599.75,2600.24,2599.18,2600.19,true
2026-05-29 08:00:00,2600.34,2606.52,2600.15,2603.73,true
2026-05-29 08:30:00,2603.73,2604.59,2602.28,2602.92,true
2026-05-29 09:00:00,2603.56,2603.58,2599.85,2601.36,true
2026-05-29 09:30:00,2601.19,2603.13,2600.74,2602.76,true
2026-05-29 10:00:00,2602.92,2605.32,2597.56,2603.68,true
2026-05-29 10:30:00,2603.68,2613.66,2582.84,2599.20,true
2026-05-29 11:00:00,2599.61,2602.00,2584.17,2598.71,true
2026-05-29 11:30:00,2598.66,2599.13,2591.85,2595.73,true
2026-05-29 12:00:00,2595.61,2597.28,2594.25,2596.02,true
2026-05-29 12:30:00,2596.06,2596.35,2588.96,2594.21,true
2026-05-29 13:00:00,2594.39,2594.51,2594.11,2594.31,true
2026-05-29 13:30:00,2594.14,2599.57,2594.11,2597.83,true
2026-05-29 14:00:00,2599.35,2608.95,2591.97,2596.27,true
2026-05-29 14:30:00,2596.08,2596.30,2595.98,2596.12,true
2026-05-29 15:00:00,2596.12,2597.22,2592.48,2593.37,true
2026-05-29 15:30:00,2594.05,2594.74,2592.95,2593.31,true
2026-05-29 16:00:00,2593.48,2595.55,2592.51,2594.24,true
2026-05-29 16:30:00,2594.34,2603.13,2593.54,2596.50,true
2026-05-29 17:00:00,2596.56,2596.57,2596.31,2596.34,true
2026-05-29 17:30:00,2596.70,2596.71,2596.25,2596.29,true
2026-05-29 18:00:00,2596.23,2597.82,2596.23,2597.72,true
2026-05-29 18:30:00,2597.71,2597.75,2597.65,2597.65,true
2026-05-29 19:00:00,2597.76,2598.31,2596.75,2597.07,true
2026-05-29 19:30:00,2596.98,2597.72,2596.83,2597.19,true
2026-05-29 20:00:00,2597.25,2602.96,2584.57,2595.63,true
2026-05-29 20:30:00,2595.60,2597.05,2591.88,2596.22,true
2026-05-29 21:00:00,2596.22,2599.16,2596.22,2598.70,true
2026-05-29 21:30:00,2599.10,2599.64,2598.93,2599.51,true
2026-05-29 22:00:00,2599.54,2600.40,2598.27,2599.54,true
2026-05-29 22:30:00,2599.58,2601.82,2598.11,2599.98,true
2026-05-29 23:00:00,2600.00,2600.13,2600.00,2600.09,true
2026-05-29 23:30:00,2600.20,2600.47,2599.21,2599.79,true
2026-06-01 01:00:00,2599.47,2602.26,2596.43,2599.96,true
2026-06-01 01:30:00,2599.77,2600.26,2595.18,2597.82,true
2026-06-01 02:00:00,2597.69,2601.19,2596.40,2599.15,true
2026-06-01 02:30:00,2598.98,2615.29,2596.22,2606.58,true
2026-06-01 03:00:00,2606.68,2624.62,2576.21,2596.55,true
2026-06-01 03:30:00,2596.59,2603.93,2587.12,2593.01,true
2026-06-01 04:00:00,2593.04,2593.04,2592.59,2592.60,true
2026-06-01 04:30:00,2592.94,2598.72,2592.32,2598.40,true
2026-06-01 05:00:00,2598.40,2600.93,2595.53,2600.30,true
2026-06-01 05:30:00,2600.37,2600.38,2600.20,2600.20,true
2026-06-01 06:00:00,2600.02,2600.12,2597.87,2597.87,true
2026-06-01 06:30:00,2597.84,2621.34,2587.54,2601.05,true
2026-06-01 07:00:00,2600.77,2602.54,2593.31,2602.04,true
2026-06-01 07:30:00,2601.77,2603.95,2601.72,2603.95,true
2026-06-01 08:00:00,2603.81,2608.36,2601.97,2607.65,true
2026-06-01 08:30:00,2607.70,2610.12,2607.42,2609.77,true
2026-06-01 09:00:00,2611.12,2617.44,2599.54,2615.19,true
2026-06-01 09:30:00,2614.68,2616.33,2612.27,2615.21,true
2026-06-01 10:00:00,2614.55,2621.84,2606.51,2608.19,true
2026-06-01 10:30:00,2608.10,2608.43,2608.08,2608.27,true
2026-06-01 11:00:00,2608.42,2613.26,2604.96,2610.86,true
2026-06-01 11:30:00,2610.87,2611.10,2604.15,2605.10,true
2026-06-01 12:00:00,2603.14,2603.53,2597.20,2599.35,true
2026-06-01 12:30:00,2599.29,2599.35,2599.28,2599.33,true
2026-06-01 13:00:00,2599.15,2606.70,2583.74,2600.59,true
2026-06-01 13:30:00,2600.80,2606.08,2598.47,2605.53,true
2026-06-01 14:00:00,2605.00,2607.79,2603.01,2604.42,true
2026-06-01 14:30:00,2604.61,2608.57,2603.91,2607.87,true
2026-06-01 15:00:00,2608.00,2608.31,2606.21,2606.78,true
2026-06-01 15:30:00,2606.84,2607.40,2584.04,2588.07,true
2026-06-01 16:00:00,2588.02,2597.59,2586.63,2594.32,true
2026-06-01 16:30:00,2594.66,2595.52,2592.71,2595.10,true
2026-06-01 17:00:00,2594.98,2604.42,2581.87,2585.96,true
2026-06-01 17:30:00,2586.00,2594.55,2585.53,2594.33,true
2026-06-01 18:00:00,2594.42,2606.64,2594.28,2598.67,true
2026-06-01 18:30:00,2598.68,2599.80,2594.63,2596.69,true
2026-06-01 19:00:00,2596.60,2600.99,2593.74,2599.26,true
2026-06-01 19:30:00,2599.28,2601.96,2599.09,2600.60,true
2026-06-01 20:00:00,2600.57,2604.23,2600.54,2603.41,true
2026-06-01 20:30:00,2603.76,2603.76,2595.33,2598.41,true
2026-06-01 21:00:00,2598.28,2599.15,2597.28,2597.28,true
2026-06-01 21:30:00,2597.16,2599.22,2596.87,2598.43,true
2026-06-01 22:00:00,2598.43,2598.58,2596.68,2596.85,true
2026-06-01 22:30:00,2596.51,2597.81,2596.44,2597.72,true
2026-06-01 23:00:00,2597.45,2599.16,2596.57,2598.67,true
2026-06-01 23:30:00,2598.71,2600.27,2595.33,2599.10,true
2026-06-02 01:00:00,2606.45,2607.75,2602.86,2605.61,true
2026-06-02 01:30:00,2605.63,2607.11,2605.44,2606.37,true
2026-06-02 02:00:00,2606.43,2607.72,2606.26,2607.23,true
2026-06-02 02:30:00,2607.23,2609.03,2605.92,2608.47,true
2026-06-02 03:00:00,2608.30,2609.08,2604.86,2606.57,true
2026-06-02 03:30:00,2606.58,2606.58,2606.56,2606.57,true
2026-06-02 04:00:00,2606.49,2607.64,2605.74,2607.22,true
2026-06-02 04:30:00,2607.19,2610.44,2606.87,2609.50,true
2026-06-02 05:00:00,2609.50,2611.05,2606.64,2608.64,true
2026-06-02 05:30:00,2608.46,2611.64,2607.39,2610.74,true
2026-06-02 06:00:00,2610.74,2610.94,2610.68,2610.93,true
2026-06-02 06:30:00,2611.02,2619.53,2592.11,2613.37,true
2026-06-02 07:00:00,2613.38,2613.73,2612.19,2612.95,true
2026-06-02 07:30:00,2612.93,2614.44,2612.48,2613.21,true
2026-06-02 08:00:00,2612.99,2615.11,2612.15,2613.88,true
2026-06-02 08:30:00,2613.93,2615.40,2610.49,2612.43,true
2026-06-02 09:00:00,2611.97,2615.72,2607.22,2614.56,true
2026-06-02 09:30:00,2614.56,2617.56,2614.40,2617.44,true
2026-06-02 10:00:00,2617.38,2617.63,2617.36,2617.60,true
2026-06-02 10:30:00,2617.62,2618.59,2616.05,2616.63,true
2026-06-02 11:00:00,2616.90,2617.52,2613.86,2616.04,true
2026-06-02 11:30:00,2615.90,2657.60,2612.15,2618.81,true
2026-06-02 12:00:00,2619.03,2622.97,2618.91,2620.63,true
2026-06-02 12:30:00,2619.84,2622.29,2613.32,2619.38,true
2026-06-02 13:00:00,2619.46,2624.33,2617.10,2621.11,true
2026-06-02 13:30:00,2621.89,2623.46,2620.54,2620.72,true
2026-06-02 14:00:00,2620.85,2626.21,2613.21,2617.80,true
2026-06-02 14:30:00,2618.13,2618.73,2617.99,2618.52,true
2026-06-02 15:00:00,2618.38,2620.13,2618.38,2620.12,true
2026-06-02 15:30:00,2620.22,2620.67,2620.07,2620.31,true
2026-06-02 16:00:00,2620.31,2624.34,2619.37,2623.44,true
2026-06-02 16:30:00,2623.70,2628.20,2622.68,2626.34,true
2026-06-02 17:00:00,2626.11,2627.88,2624.98,2625.55,true
2026-06-02 17:30:00,2625.53,2625.53,2621.81,2623.94,true
2026-06-02 18:00:00,2624.11,2625.51,2624.10,2625.24,true
2026-06-02 18:30:00,2625.21,2626.80,2623.30,2626.37,true
2026-06-02 19:00:00,2626.62,2627.95,2626.52,2627.52,true
2026-06-02 19:30:00,2627.48,2627.61,2624.34,2624.57,true
2026-06-02 20:00:00,2624.79,2625.36,2623.69,2623.69,true
2026-06-02 20:30:00,2623.67,2623.68,2622.09,2622.18,true
2026-06-02 21:00:00,2622.25,2622.87,2620.98,2621.70,true
2026-06-02 21:30:00,2621.64,2621.64,2620.30,2620.36,true
2026-06-02 22:00:00,2620.36,2620.36,2616.12,2617.79,true
2026-06-02 22:30:00,2617.52,2619.91,2616.95,2618.97,true
2026-06-02 23:00:00,2619.11,2619.91,2616.93,2618.24,true
2026-06-02 23:30:00,2618.29,2619.73,2617.85,2619.73,true
2026-06-03 01:00:00,2620.87,2623.85,2620.60,2623.68,true
2026-06-03 01:30:00,2623.91,2648.35,2620.96,2635.53,true
2026-06-03 02:00:00,2635.56,2636.58,2630.77,2630.89,true
2026-06-03 02:30:00,2630.67,2631.34,2620.18,2623.20,true
2026-06-03 03:00:00,2623.14,2637.11,2621.29,2631.34,true
2026-06-03 03:30:00,2631.29,2633.88,2631.29,2633.07,true
2026-06-03 04:00:00,2633.17,2637.73,2631.94,2637.25,true
2026-06-03 04:30:00,2637.34,2638.10,2634.47,2636.20,true
2026-06-03 05:00:00,2636.28,2638.89,2635.94,2638.86,true
2026-06-03 05:30:00,2638.82,2641.30,2631.42,2634.29,true
2026-06-03 06:00:00,2634.83,2634.84,2634.78,2634.84,true
2026-06-03 06:30:00,2634.84,2641.26,2628.48,2630.37,true
2026-06-03 07:00:00,2630.66,2631.53,2620.38,2625.51,true
2026-06-03 07:30:00,2625.39,2643.07,2608.07,2638.96,true
2026-06-03 08:00:00,2638.98,2646.58,2636.97,2645.80,true
2026-06-03 08:30:00,2645.85,2661.06,2594.06,2659.69,true
2026-06-03 09:00:00,2659.52,2663.01,2658.01,2660.70,true
2026-06-03 09:30:00,2660.50,2666.21,2658.66,2662.53,true
2026-06-03 10:00:00,2662.67,2673.91,2651.63,2653.25,true
2026-06-03 10:30:00,2653.29,2655.37,2652.32,2654.32,true
2026-06-03 11:00:00,2654.43,2686.24,2654.16,2658.84,true
2026-06-03 11:30:00,2658.13,2659.74,2656.35,2659.70,true
2026-06-03 12:00:00,2660.12,2677.66,2540.13,2668.54,true
2026-06-03 12:30:00,2668.11,2671.50,2666.29,2669.02,true
2026-06-03 13:00:00,2669.02,2669.75,2657.02,2657.43,true
2026-06-03 13:30:00,2657.29,2658.95,2656.10,2658.45,true
2026-06-03 14:00:00,2658.31,2658.57,2644.77,2648.00,true
2026-06-03 14:30:00,2648.75,2699.25,2610.24,2658.14,true
2026-06-03 15:00:00,2657.92,2662.87,2655.20,2660.72,true
2026-06-03 15:30:00,2660.60,2672.55,2654.20,2670.92,true
2026-06-03 16:00:00,2669.93,2669.96,2669.93,2669.96,true
2026-06-03 16:30:00,2670.58,2695.20,2659.54,2664.91,true
2026-06-03 17:00:00,2664.76,2666.12,2643.34,2650.84,true
2026-06-03 17:30:00,2650.65,2674.11,2650.65,2663.92,true
2026-06-03 18:00:00,2663.69,2706.98,2656.48,2658.88,true
2026-06-03 18:30:00,2659.25,2682.65,2622.47,2664.85,true
2026-06-03 19:00:00,2665.14,2670.39,2664.57,2666.56,true
2026-06-03 19:30:00,2667.19,2668.21,2666.18,2666.82,true
2026-06-03 20:00:00,2667.02,2673.48,2665.73,2672.92,true
2026-06-03 20:30:00,2672.36,2676.93,2656.38,2665.51,true
2026-06-03 21:00:00,2665.07,2667.88,2665.02,2667.70,true
2026-06-03 21:30:00,2666.77,2682.35,2660.01,2679.45,true
2026-06-03 22:00:00,2679.91,2683.34,2676.84,2682.24,true
2026-06-03 22:30:00,2682.22,2686.01,2678.74,2684.80,true
2026-06-03 23:00:00,2684.72,2685.23,2681.47,2682.32,true
2026-06-03 23:30:00,2681.91,2689.77,2674.50,2688.43,true
2026-06-04 00:00:00,2688.51,2698.13,2683.26,2683.52,true
2026-06-04 00:30:00,2683.63,2693.05,2680.45,2689.40,true
2026-06-04 01:00:00,2689.37,2695.53,2686.41,2693.92,true
2026-06-04 01:30:00,2693.94,2694.15,2693.18,2693.22,true
2026-06-04 02:00:00,2692.65,2693.81,2692.09,2693.57,true
2026-06-04 02:30:00,2693.55,2699.85,2677.95,2692.35,true
2026-06-04 03:00:00,2692.52,2693.77,2677.19,2679.11,true
2026-06-04 03:30:00,2679.34,2681.13,2678.05,2680.35,true
2026-06-04 04:00:00,2680.23,2681.73,2679.84,2681.72,true
2026-06-04 04:30:00,2681.92,2685.96,2659.63,2668.00,true
2026-06-04 05:00:00,2669.19,2675.80,2667.04,2675.69,true
2026-06-04 05:30:00,2675.69,2676.42,2670.80,2673.04,true
2026-06-04 06:00:00,2672.63,2676.98,2671.88,2674.90,true
2026-06-04 06:30:00,2675.26,2677.69,2674.84,2676.76,true
2026-06-04 07:00:00,2676.86,2677.96,2676.67,2677.34,true
2026-06-04 07:30:00,2677.82,2678.39,2676.13,2677.63,true
2026-06-04 08:00:00,2677.63,2682.72,2675.14,2682.29,true
2026-06-04 08:30:00,2684.15,2684.52,2683.78,2683.82,true
2026-06-04 09:00:00,2683.82,2688.97,2679.65,2685.97,true
2026-06-04 09:30:00,2685.97,2693.27,2684.50,2689.63,true
2026-06-04 10:00:00,2689.57,2721.23,2681.51,2705.77,true
2026-06-04 10:30:00,2705.97,2713.62,2705.73,2712.73,true
2026-06-04 11:00:00,2712.86,2732.21,2698.73,2721.91,true
2026-06-04 11:30:00,2722.07,2749.32,2702.98,2716.88,true
2026-06-04 12:00:00,2717.28,2734.52,2708.67,2727.46,true
2026-06-04 12:30:00,2726.14,2734.29,2725.83,2733.45,true
2026-06-04 13:00:00,2733.50,2733.52,2732.28,2732.78,true
2026-06-04 13:30:00,2732.76,2764.89,2720.08,2736.83,true
2026-06-04 14:00:00,2737.02,2747.12,2730.90,2745.68,true
2026-06-04 14:30:00,2745.88,2751.26,2741.93,2743.40,true
2026-06-04 15:00:00,2743.02,2765.83,2723.64,2736.77,true
2026-06-04 15:30:00,2735.49,2739.49,2718.26,2721.83,true
2026-06-04 16:00:00,2721.64,2730.77,2715.83,2728.51,true
2026-06-04 16:30:00,2728.36,2751.83,2725.87,2739.32,true
2026-06-04 17:00:00,2739.64,2752.00,2739.16,2751.24,true
2026-06-04 17:30:00,2751.57,2757.73,2751.57,2756.99,true
2026-06-04 18:00:00,2757.06,2760.15,2746.99,2748.42,true
2026-06-04 18:30:00,2748.13,2762.17,2747.87,2752.71,true
2026-06-04 19:00:00,2753.23,2754.95,2744.50,2748.60,true
2026-06-04 19:30:00,2748.67,2756.98,2746.89,2750.83,true
2026-06-04 20:00:00,2750.83,2752.09,2750.83,2751.47,true
2026-06-04 20:30:00,2751.04,2769.17,2751.04,2755.90,true
2026-06-04 21:00:00,2756.58,2758.71,2753.54,2753.54,true
2026-06-04 21:30:00,2753.67,2805.48,2712.41,2759.63,true
2026-06-04 22:00:00,2762.48,2764.19,2760.18,2760.18,true
2026-06-04 22:30:00,2760.26,2823.52,2684.84,2752.15,true
2026-06-04 23:00:00,2752.51,2752.86,2751.06,2751.12,true
2026-06-04 23:30:00,2750.93,2754.56,2750.64,2753.50,true
2026-06-05 01:00:00,2710.11,2721.43,2710.11,2721.35,true
2026-06-05 01:30:00,2721.50,2722.52,2721.48,2721.83,true
2026-06-05 02:00:00,2722.29,2730.04,2713.41,2715.24,true
2026-06-05 02:30:00,2715.28,2739.97,2682.69,2711.33,true
2026-06-05 03:00:00,2710.09,2711.78,2704.48,2710.74,true
2026-06-05 03:30:00,2711.62,2724.61,2703.71,2713.98,true
2026-06-05 04:00:00,2712.62,2714.55,2697.82,2700.55,true
2026-06-05 04:30:00,2699.75,2699.99,2699.09,2699.45,true
2026-06-05 05:00:00,2706.13,2712.50,2705.32,2708.91,true
2026-06-05 05:30:00,2708.83,2709.53,2708.83,2709.42,true
2026-06-05 06:00:00,2709.53,2731.08,2699.58,2712.68,true
2026-06-05 06:30:00,2713.53,2718.81,2713.53,2715.39,true
2026-06-05 07:00:00,2715.31,2715.95,2701.80,2703.27,true
2026-06-05 07:30:00,2704.11,2710.23,2702.70,2707.52,true
2026-06-05 08:00:00,2707.65,2712.55,2691.87,2698.51,true
2026-06-05 08:30:00,2698.40,2700.16,2698.18,2698.78,true
2026-06-05 09:00:00,2698.97,2716.27,2674.50,2689.44,true
2026-06-05 09:30:00,2689.07,2695.09,2665.27,2673.85,true
2026-06-05 10:00:00,2676.68,2676.94,2672.35,2673.38,true
2026-06-05 10:30:00,2673.35,2676.09,2667.13,2669.52,true
2026-06-05 11:00:00,2669.55,2670.54,2669.49,2670.48,true
2026-06-05 11:30:00,2670.06,2682.11,2669.70,2681.15,true
2026-06-05 12:00:00,2681.35,2681.42,2661.63,2665.84,true
2026-06-05 12:30:00,2665.91,2666.08,2661.23,2664.58,true
2026-06-05 13:00:00,2664.52,2666.61,2664.50,2665.42,true
2026-06-05 13:30:00,2664.96,2667.31,2663.61,2665.53,true
2026-06-05 14:00:00,2665.49,2672.47,2655.57,2672.47,true
2026-06-05 14:30:00,2674.12,2678.08,2666.37,2670.79,true
2026-06-05 15:00:00,2670.59,2672.44,2670.23,2671.77,true
2026-06-05 15:30:00,2672.21,2680.00,2666.51,2678.01,true
2026-06-05 16:00:00,2677.51,2740.65,2676.87,2728.84,true
2026-06-05 16:30:00,2729.32,2779.49,2718.95,2758.11,true
2026-06-08 00:30:00,2750.46,2762.12,2749.97,2752.08,true
2026-06-08 01:00:00,2751.97,2782.57,2718.46,2755.37,true
2026-06-08 01:30:00,2755.31,2759.09,2751.90,2757.99,true
2026-06-08 02:00:00,2758.19,2759.89,2754.53,2754.53,true
2026-06-08 02:30:00,2753.87,2762.83,2741.84,2759.35,true
2026-06-08 03:00:00,2760.81,2772.47,2760.81,2765.67,true
2026-06-08 03:30:00,2765.56,2771.41,2765.56,2769.67,true
2026-06-08 04:00:00,2768.99,2774.18,2764.29,2765.60,true
2026-06-08 04:30:00,2765.46,2777.39,2752.75,2761.54,true
2026-06-08 05:00:00,2761.15,2767.57,2745.75,2762.25,true
2026-06-08 05:30:00,2761.86,2768.80,2758.55,2766.90,true
2026-06-08 06:00:00,2766.79,2769.56,2729.99,2747.86,true
2026-06-08 06:30:00,2747.86,2756.80,2745.60,2755.35,true
2026-06-08 07:00:00,2755.22,2755.76,2755.00,2755.68,true
2026-06-08 07:30:00,2755.52,2756.12,2750.50,2754.92,true
2026-06-08 08:00:00,2753.68,2775.35,2734.26,2758.79,true
2026-06-08 08:30:00,2758.06,2760.78,2757.92,2760.06,true
2026-06-08 09:00:00,2759.96,2760.01,2759.84,2760.01,true
2026-06-08 09:30:00,2760.08,2779.71,2754.65,2768.17,true
2026-06-08 10:00:00,2768.37,2776.24,2740.76,2743.52,true
2026-06-08 10:30:00,2743.75,2743.75,2742.09,2742.73,true
2026-06-08 11:00:00,2745.20,2750.44,2736.27,2740.58,true
2026-06-08 11:30:00,2740.35,2741.20,2740.25,2740.75,true
2026-06-08 12:00:00,2740.91,2751.22,2740.79,2743.89,true
2026-06-08 12:30:00,2743.98,2750.85,2742.96,2750.61,true
2026-06-08 13:00:00,2750.73,2752.92,2736.26,2739.51,true
2026-06-08 13:30:00,2739.16,2749.05,2738.74,2739.16,true
2026-06-08 14:00:00,2739.33,2741.38,2734.23,2737.33,true
2026-06-08 14:30:00,2737.10,2740.25,2735.56,2738.46,true
2026-06-08 15:00:00,2738.31,2742.47,2734.31,2734.56,true
2026-06-08 15:30:00,2732.81,2749.23,2718.48,2721.27,true
2026-06-08 16:00:00,2722.41,2722.73,2722.27,2722.56,true
2026-06-08 16:30:00,2721.45,2722.48,2721.31,2722.41,true
2026-06-08 17:00:00,2722.64,2739.02,2707.73,2713.34,true
2026-06-08 17:30:00,2713.43,2714.51,2703.68,2710.70,true
2026-06-08 18:00:00,2710.66,2710.66,2701.98,2703.39,true
2026-06-08 18:30:00,2703.29,2703.48,2678.02,2695.15,true
2026-06-08 19:00:00,2695.24,2728.90,2683.75,2711.87,true
2026-06-08 19:30:00,2711.29,2754.60,2695.51,2707.62,true
2026-06-08 20:00:00,2706.53,2706.93,2698.99,2702.86,true
2026-06-08 20:30:00,2703.40,2704.01,2697.46,2698.42,true
2026-06-08 21:00:00,2699.01,2702.27,2697.58,2701.08,true
2026-06-08 21:30:00,2701.02,2701.24,2700.36,2700.45,true
2026-06-08 22:00:00,2700.50,2701.95,2700.47,2701.65,true
2026-06-08 22:30:00,2701.72,2702.13,2701.65,2701.93,true
2026-06-08 23:00:00,2704.22,2706.65,2704.22,2705.65,true
2026-06-08 23:30:00,2706.13,2710.11,2696.53,2703.59,true
2026-06-09 01:00:00,2703.65,2703.77,2699.56,2699.89,true
2026-06-09 01:30:00,2699.99,2710.97,2695.63,2696.72,true
2026-06-09 02:00:00,2696.79,2701.83,2694.53,2698.97,true
2026-06-09 02:30:00,2698.90,2702.38,2698.90,2700.96,true
2026-06-09 03:00:00,2700.96,2705.51,2698.62,2704.32,true
2026-06-09 03:30:00,2703.78,2703.83,2703.47,2703.58,true
2026-06-09 04:00:00,2703.85,2705.63,2701.68,2704.89,true
2026-06-09 04:30:00,2705.24,2705.52,2703.83,2704.49,true
2026-06-09 05:00:00,2704.57,2705.31,2699.18,2699.67,true
2026-06-09 05:30:00,2699.76,2703.15,2689.43,2693.66,true
2026-06-09 06:00:00,2694.59,2694.77,2693.51,2694.10,true
2026-06-09 06:30:00,2694.33,2694.76,2694.33,2694.59,true
2026-06-09 07:00:00,2694.60,2694.68,2694.53,2694.57,true
2026-06-09 07:30:00,2694.55,2695.07,2694.52,2695.07,true
2026-06-09 08:00:00,2695.40,2700.19,2692.73,2697.57,true
2026-06-09 08:30:00,2697.54,2697.75,2697.35,2697.49,true
2026-06-09 09:00:00,2696.77,2697.60,2695.29,2695.41,true
2026-06-09 09:30:00,2696.18,2698.07,2692.84,2693.73,true
2026-06-09 10:00:00,2693.78,2712.67,2693.74,2698.93,true
2026-06-09 10:30:00,2698.65,2703.58,2687.18,2688.67,true
2026-06-09 11:00:00,2688.66,2689.74,2681.29,2684.32,true
2026-06-09 11:30:00,2684.32,2688.08,2678.85,2681.27,true
2026-06-09 12:00:00,2681.15,2681.15,2674.34,2677.71,true
2026-06-09 12:30:00,2677.58,2692.38,2676.63,2690.22,true
2026-06-09 13:00:00,2690.40,2692.89,2686.55,2688.54,true
2026-06-09 13:30:00,2688.63,2689.77,2687.03,2687.79,true
2026-06-09 14:00:00,2686.85,2689.13,2684.68,2685.90,true
2026-06-09 14:30:00,2685.92,2686.77,2685.92,2686.70,true
2026-06-09 15:00:00,2686.94,2702.79,2686.94,2690.88,true
2026-06-09 15:30:00,2690.87,2693.03,2683.88,2688.71,true
2026-06-09 16:00:00,2688.69,2689.67,2683.72,2684.06,true
2026-06-09 16:30:00,2684.06,2686.50,2676.73,2679.83,true
2026-06-09 17:00:00,2680.45,2685.71,2680.28,2685.05,true
2026-06-09 17:30:00,2684.49,2698.15,2668.64,2680.21,true
2026-06-09 18:00:00,2680.71,2689.10,2666.38,2685.10,true
2026-06-09 18:30:00,2684.63,2700.43,2684.33,2696.32,true
2026-06-09 19:00:00,2696.63,2717.13,2668.37,2701.34,true
2026-06-09 19:30:00,2701.24,2704.71,2700.08,2704.60,true
2026-06-09 20:00:00,2704.64,2704.78,2704.57,2704.74,true
2026-06-09 20:30:00,2704.74,2727.86,2682.85,2720.77,true
2026-06-09 21:00:00,2720.81,2720.81,2710.31,2712.89,true
2026-06-09 21:30:00,2712.93,2712.95,2709.29,2709.37,true
2026-06-09 22:00:00,2709.18,2709.94,2708.34,2708.54,true
2026-06-09 22:30:00,2708.54,2710.66,2707.48,2709.79,true
2026-06-09 23:00:00,2710.13,2711.59,2710.13,2710.55,true
2026-06-09 23:30:00,2710.83,2712.42,2709.64,2709.64,true
2026-06-10 01:00:00,2709.75,2718.97,2705.23,2712.10,true
2026-06-10 01:30:00,2712.04,2722.77,2704.94,2711.05,true
2026-06-10 02:00:00,2710.69,2721.73,2700.39,2701.25,true
2026-06-10 02:30:00,2701.25,2704.18,2696.24,2697.01,true
2026-06-10 03:00:00,2697.22,2701.31,2696.57,2698.65,true
2026-06-10 03:30:00,2698.71,2707.26,2694.16,2695.62,true
2026-06-10 04:00:00,2695.62,2696.17,2676.53,2685.19,true
2026-06-10 04:30:00,2683.14,2688.07,2682.82,2687.58,true
2026-06-10 05:00:00,2687.08,2687.43,2686.98,2687.17,true
2026-06-10 05:30:00,2687.18,2708.33,2687.18,2699.72,true
2026-06-10 06:00:00,2699.50,2699.51,2699.30,2699.34,true
2026-06-10 06:30:00,2699.40,2700.38,2699.37,2700.25,true
2026-06-10 07:00:00,2700.25,2700.95,2700.23,2700.95,true
2026-06-10 07:30:00,2700.99,2703.37,2699.03,2703.04,true
2026-06-10 08:00:00,2703.08,2761.04,2665.39,2695.89,true
2026-06-10 08:30:00,2696.31,2698.29,2694.12,2694.99,true
2026-06-10 09:00:00,2695.48,2695.64,2695.47,2695.57,true
2026-06-10 09:30:00,2695.32,2695.32,2679.16,2687.94,true
2026-06-10 10:00:00,2687.98,2688.01,2685.73,2687.54,true
2026-06-10 10:30:00,2687.61,2692.38,2685.64,2689.90,true
2026-06-10 11:00:00,2690.08,2694.95,2686.86,2693.73,true
2026-06-10 11:30:00,2693.77,2699.05,2690.17,2690.81,true
2026-06-10 12:00:00,2690.04,2694.63,2683.75,2685.89,true
2026-06-10 12:30:00,2685.96,2686.08,2685.81,2685.87,true
2026-06-10 13:00:00,2685.62,2686.30,2684.77,2685.99,true
2026-06-10 13:30:00,2686.22,2751.09,2661.47,2691.72,true
2026-06-10 14:00:00,2690.33,2691.93,2690.31,2690.61,true
2026-06-10 14:30:00,2690.61,2694.22,2690.61,2691.15,true
2026-06-10 15:00:00,2690.68,2690.68,2683.43,2684.09,true
2026-06-10 15:30:00,2683.05,2684.54,2679.18,2680.14,true
2026-06-10 16:00:00,2680.28,2680.28,2668.22,2670.39,true
2026-06-10 16:30:00,2670.48,2703.84,2663.00,2689.56,true
2026-06-10 17:00:00,2689.30,2695.93,2686.59,2694.33,true
2026-06-10 17:30:00,2694.24,2698.59,2694.20,2696.54,true
2026-06-10 18:00:00,2696.62,2696.77,2689.14,2689.32,true
2026-06-10 18:30:00,2690.44,2690.62,2688.75,2689.02,true
2026-06-10 19:00:00,2689.12,2689.12,2674.39,2681.68,true
2026-06-10 19:30:00,2681.68,2682.15,2680.35,2680.61,true
2026-06-10 20:00:00,2680.69,2680.93,2670.35,2674.49,true
2026-06-10 20:30:00,2674.87,2677.46,2674.63,2676.97,true
2026-06-10 21:00:00,2676.93,2677.57,2675.63,2676.09,true
2026-06-10 21:30:00,2676.21,2678.72,2659.29,2662.33,true
2026-06-10 22:00:00,2659.77,2667.51,2659.77,2662.41,true
2026-06-10 22:30:00,2662.55,2663.36,2662.45,2663.20,true
2026-06-10 23:00:00,2662.64,2664.77,2662.62,2663.79,true
2026-06-10 23:30:00,2663.59,2703.63,2647.57,2660.51,true
2026-06-11 00:00:00,2662.35,2662.71,2660.53,2660.98,true
2026-06-11 00:30:00,2661.12,2661.34,2660.71,2660.73,true
2026-06-11 01:00:00,2660.65,2660.75,2651.92,2654.25,true
2026-06-11 01:30:00,2654.00,2659.57,2653.33,2655.87,true
2026-06-11 02:00:00,2655.87,2661.26,2654.56,2659.97,true
2026-06-11 02:30:00,2659.96,2660.74,2652.96,2657.56,true
2026-06-11 03:00:00,2657.79,2670.85,2651.63,2651.85,true
2026-06-11 03:30:00,2651.49,2657.51,2646.82,2648.41,true
2026-06-11 04:00:00,2648.44,2650.16,2648.44,2650.11,true
2026-06-11 04:30:00,2650.14,2667.71,2640.06,2645.52,true
2026-06-11 05:00:00,2646.39,2649.62,2645.73,2648.63,true
2026-06-11 05:30:00,2648.73,2661.20,2625.04,2650.60,true
2026-06-11 06:00:00,2650.74,2650.84,2650.67,2650.71,true
2026-06-11 06:30:00,2650.87,2654.89,2650.75,2651.83,true
2026-06-11 07:00:00,2651.67,2656.31,2647.03,2653.99,true
2026-06-11 07:30:00,2654.11,2656.50,2653.58,2655.87,true
2026-06-11 08:00:00,2655.87,2660.18,2654.30,2658.50,true
2026-06-11 08:30:00,2658.47,2659.57,2658.06,2659.41,true
2026-06-11 09:00:00,2659.44,2663.57,2656.76,2663.32,true
2026-06-11 09:30:00,2663.22,2664.40,2661.26,2663.61,true
2026-06-11 10:00:00,2664.19,2671.75,2664.19,2670.33,true
2026-06-11 10:30:00,2670.11,2675.82,2669.26,2669.26,true
2026-06-11 11:00:00,2669.32,2675.69,2659.92,2666.58,true
2026-06-11 11:30:00,2666.54,2667.74,2666.48,2667.67,true
2026-06-11 12:00:00,2667.69,2675.46,2665.91,2671.05,true
2026-06-11 12:30:00,2671.09,2671.12,2671.02,2671.05,true
2026-06-11 13:00:00,2671.02,2673.24,2659.86,2664.60,true
2026-06-11 13:30:00,2664.28,2665.81,2663.33,2665.05,true
2026-06-11 14:00:00,2665.46,2667.60,2654.93,2658.26,true
2026-06-11 14:30:00,2658.07,2659.16,2652.33,2653.86,true
2026-06-11 15:00:00,2653.91,2655.20,2653.82,2654.00,true
2026-06-11 15:30:00,2654.08,2654.30,2638.02,2644.21,true
2026-06-11 16:00:00,2644.21,2654.39,2641.46,2647.12,true
2026-06-11 16:30:00,2647.18,2651.95,2642.80,2650.90,true
2026-06-11 17:00:00,2650.93,2705.24,2618.45,2629.77,true
2026-06-11 17:30:00,2630.05,2632.75,2626.94,2632.57,true
2026-06-11 18:00:00,2633.57,2663.21,2613.29,2627.60,true
2026-06-11 18:30:00,2627.33,2630.51,2624.09,2629.24,true
2026-06-11 19:00:00,2628.58,2628.71,2626.66,2626.79,true
2026-06-11 19:30:00,2626.10,2627.43,2617.56,2625.26,true
2026-06-11 20:00:00,2625.27,2648.62,2528.18,2603.25,true
2026-06-11 20:30:00,2604.48,2608.27,2601.72,2607.07,true
2026-06-11 21:00:00,2607.22,2619.50,2586.20,2592.95,true
2026-06-11 21:30:00,2592.85,2594.53,2586.96,2588.17,true
2026-06-11 22:00:00,2588.26,2597.56,2529.46,2593.16,true
2026-06-11 22:30:00,2592.94,2607.12,2583.45,2587.75,true
2026-06-11 23:00:00,2587.81,2588.95,2586.57,2586.81,true
2026-06-11 23:30:00,2584.79,2584.79,2580.61,2582.62,true
2026-06-12 01:00:00,2574.71,2586.67,2552.95,2577.70,true
2026-06-12 01:30:00,2577.87,2581.56,2576.53,2580.17,true
2026-06-12 02:00:00,2578.18,2585.07,2559.65,2580.70,true
2026-06-12 02:30:00,2580.37,2580.75,2577.86,2579.31,true
2026-06-12 03:00:00,2578.63,2602.50,2566.82,2582.48,true
2026-06-12 03:30:00,2582.48,2582.62,2582.40,2582.58,true
2026-06-12 04:00:00,2582.38,2585.78,2581.10,2585.10,true
2026-06-12 04:30:00,2585.10,2585.84,2581.91,2583.71,true
2026-06-12 05:00:00,2584.33,2591.19,2573.42,2578.26,true
2026-06-12 05:30:00,2578.29,2579.91,2578.29,2579.90,true
2026-06-12 06:00:00,2579.77,2581.45,2579.73,2581.45,true
2026-06-12 06:30:00,2581.34,2581.68,2580.54,2581.05,true
2026-06-12 07:00:00,2582.06,2582.21,2580.83,2581.89,true
2026-06-12 07:30:00,2581.80,2584.50,2578.52,2582.72,true
2026-06-12 08:00:00,2582.34,2582.84,2582.24,2582.65,true
2026-06-12 08:30:00,2582.03,2582.32,2580.56,2580.97,true
2026-06-12 09:00:00,2580.20,2580.63,2577.99,2578.11,true
2026-06-12 09:30:00,2578.34,2582.63,2570.93,2575.35,true
2026-06-12 10:00:00,2575.36,2582.79,2559.54,2578.44,true
2026-06-12 10:30:00,2576.53,2576.68,2576.11,2576.24,true
2026-06-12 11:00:00,2576.46,2576.87,2575.74,2576.07,true
2026-06-12 11:30:00,2576.01,2590.47,2564.66,2574.23,true
2026-06-12 12:00:00,2574.86,2575.60,2572.05,2574.26,true
2026-06-12 12:30:00,2574.26,2574.38,2573.76,2573.87,true
2026-06-12 13:00:00,2576.07,2576.77,2575.75,2576.73,true
2026-06-12 13:30:00,2576.93,2578.13,2576.90,2577.97,true
2026-06-12 14:00:00,2577.97,2577.97,2577.94,2577.94,true
2026-06-12 14:30:00,2577.31,2598.60,2565.75,2588.82,true
2026-06-12 15:00:00,2588.85,2588.86,2588.55,2588.67,true
2026-06-12 15:30:00,2588.60,2589.65,2584.59,2584.94,true
2026-06-12 16:00:00,2584.90,2585.22,2584.10,2584.21,true
2026-06-12 16:30:00,2584.22,2584.94,2567.58,2579.97,true
2026-06-12 17:00:00,2580.09,2583.84,2575.47,2576.11,true
2026-06-12 17:30:00,2576.11,2585.12,2558.24,2578.67,true
2026-06-12 18:00:00,2577.41,2578.89,2576.02,2578.83,true
2026-06-12 18:30:00,2578.86,2579.23,2578.86,2579.09,true
2026-06-12 19:00:00,2579.13,2580.29,2575.64,2575.64,true
2026-06-12 19:30:00,2575.53,2576.25,2575.23,2576.24,true
2026-06-12 20:00:00,2576.05,2578.37,2575.83,2577.28,true
2026-06-12 20:30:00,2577.25,2577.43,2577.05,2577.07,true
2026-06-12 21:00:00,2577.26,2577.27,2572.76,2573.40,true
2026-06-12 21:30:00,2573.42,2580.81,2572.89,2578.05,true
2026-06-12 22:00:00,2578.18,2580.41,2572.78,2573.00,true
2026-06-12 22:30:00,2572.95,2572.97,2571.73,2572.10,true
2026-06-12 23:00:00,2572.41,2572.66,2572.03,2572.04,true
2026-06-12 23:30:00,2572.14,2572.14,2570.25,2570.73,true
2026-06-15 01:00:00,2572.42,2572.45,2571.78,2572.18,true
2026-06-15 01:30:00,2571.87,2575.77,2571.87,2574.60,true
2026-06-15 02:00:00,2574.59,2579.92,2574.31,2575.53,true
2026-06-15 02:30:00,2575.52,2575.52,2573.13,2573.25,true
2026-06-15 03:00:00,2573.16,2574.04,2568.17,2571.84,true
2026-06-15 03:30:00,2571.95,2572.02,2571.90,2572.02,true
2026-06-15 04:00:00,2571.88,2579.61,2571.02,2575.79,true
2026-06-15 04:30:00,2575.96,2577.08,2575.73,2576.97,true
2026-06-15 05:00:00,2576.49,2581.76,2576.36,2580.18,true
2026-06-15 05:30:00,2580.09,2580.36,2578.28,2578.74,true
2026-06-15 06:00:00,2578.69,2580.22,2577.14,2577.14,true
2026-06-15 06:30:00,2577.11,2577.95,2576.84,2577.81,true
2026-06-15 07:00:00,2578.08,2578.66,2572.50,2573.60,true
2026-06-15 07:30:00,2573.64,2574.30,2573.13,2573.95,true
2026-06-15 08:00:00,2573.93,2575.93,2567.53,2571.88,true
2026-06-15 08:30:00,2571.88,2573.39,2571.69,2572.79,true
2026-06-15 09:00:00,2572.75,2572.75,2572.70,2572.71,true
2026-06-15 09:30:00,2572.82,2572.91,2559.69,2571.24,true
2026-06-15 10:00:00,2570.90,2573.37,2568.67,2569.82,true
2026-06-15 10:30:00,2569.95,2571.82,2568.02,2571.12,true
2026-06-15 11:00:00,2571.20,2571.29,2567.89,2568.32,true
2026-06-15 11:30:00,2568.26,2568.28,2568.23,2568.27,true
2026-06-15 12:00:00,2568.49,2569.40,2566.45,2567.28,true
2026-06-15 12:30:00,2567.14,2569.21,2560.22,2568.67,true
2026-06-15 13:00:00,2568.63,2568.89,2566.11,2567.63,true
2026-06-15 13:30:00,2567.33,2578.16,2559.94,2564.16,true
2026-06-15 14:00:00,2564.11,2564.52,2557.89,2562.81,true
2026-06-15 14:30:00,2562.97,2567.51,2543.24,2561.32,true
2026-06-15 15:00:00,2560.93,2595.31,2525.23,2568.18,true
2026-06-15 15:30:00,2568.36,2576.57,2561.22,2571.98,true
2026-06-15 16:00:00,2571.95,2573.77,2568.75,2569.77,true
2026-06-15 16:30:00,2570.58,2576.77,2569.36,2573.77,true
2026-06-15 17:00:00,2573.49,2582.08,2572.32,2579.38,true
2026-06-15 17:30:00,2579.52,2582.44,2574.75,2582.38,true
2026-06-15 18:00:00,2582.38,2588.33,2570.70,2584.67,true
2026-06-15 18:30:00,2584.65,2584.68,2584.48,2584.58,true
2026-06-15 19:00:00,2584.43,2585.40,2580.52,2585.06,true
2026-06-15 19:30:00,2584.86,2585.07,2584.53,2585.00,true
2026-06-15 20:00:00,2582.96,2584.92,2582.07,2583.87,true
2026-06-15 20:30:00,2583.01,2585.74,2582.47,2583.68,true
2026-06-15 21:00:00,2583.64,2583.74,2583.01,2583.14,true
2026-06-15 21:30:00,2582.88,2584.25,2582.55,2583.97,true
2026-06-15 22:00:00,2583.95,2583.96,2583.92,2583.94,true
2026-06-15 22:30:00,2583.82,2583.82,2583.34,2583.35,true
2026-06-15 23:00:00,2583.46,2583.47,2583.42,2583.44,true
2026-06-15 23:30:00,2583.44,2587.53,2579.96,2584.57,true
2026-06-16 00:00:00,2584.51,2584.60,2584.43,2584.46,true
2026-06-16 00:30:00,2584.19,2586.63,2583.35,2584.72,true
2026-06-16 01:00:00,2584.92,2584.99,2579.59,2581.12,true
2026-06-16 01:30:00,2581.06,2581.16,2580.75,2580.85,true
2026-06-16 02:00:00,2580.78,2586.63,2580.59,2584.68,true
2026-06-16 02:30:00,2584.47,2591.02,2579.64,2579.75,true
2026-06-16 03:00:00,2579.58,2579.61,2579.03,2579.03,true
2026-06-16 03:30:00,2578.98,2579.86,2575.50,2576.28,true
2026-06-16 04:00:00,2576.01,2583.90,2575.32,2582.17,true
2026-06-16 04:30:00,2581.96,2581.98,2581.71,2581.88,true
2026-06-16 05:00:00,2581.86,2582.97,2579.24,2582.90,true
2026-06-16 05:30:00,2582.94,2583.07,2581.91,2582.02,true
2026-06-16 06:00:00,2581.92,2591.05,2575.54,2582.80,true
2026-06-16 06:30:00,2582.83,2583.68,2582.64,2583.42,true
2026-06-16 07:00:00,2583.34,2583.62,2581.74,2582.25,true
2026-06-16 07:30:00,2582.21,2582.31,2581.68,2581.76,true
2026-06-16 08:00:00,2581.79,2582.31,2581.74,2582.11,true
2026-06-16 08:30:00,2582.07,2589.94,2579.32,2583.65,true
2026-06-16 09:00:00,2583.66,2583.66,2575.28,2580.57,true
2026-06-16 09:30:00,2580.53,2582.42,2578.60,2581.16,true
2026-06-16 10:00:00,2581.42,2585.09,2577.82,2583.55,true
2026-06-16 10:30:00,2583.55,2584.05,2582.58,2582.87,true
2026-06-16 11:00:00,2582.74,2588.08,2578.23,2580.11,true
2026-06-16 11:30:00,2580.20,2580.81,2578.50,2579.32,true
2026-06-16 12:00:00,2579.12,2579.19,2579.12,2579.15,true
2026-06-16 12:30:00,2579.25,2579.38,2578.12,2579.04,true
2026-06-16 13:00:00,2580.70,2581.07,2577.33,2577.98,true
2026-06-16 13:30:00,2578.13,2581.21,2573.89,2576.92,true
2026-06-16 14:00:00,2576.94,2577.96,2576.44,2576.44,true
2026-06-16 14:30:00,2576.50,2578.52,2576.50,2578.31,true
2026-06-16 15:00:00,2578.40,2578.43,2575.20,2575.77,true
2026-06-16 15:30:00,2576.08,2599.29,2562.53,2589.54,true
2026-06-16 16:00:00,2589.77,2591.01,2586.83,2590.21,true
2026-06-16 16:30:00,2590.21,2618.67,2581.96,2600.04,true
2026-06-16 17:00:00,2601.25,2602.61,2600.77,2602.54,true
2026-06-16 17:30:00,2602.44,2617.30,2599.38,2616.92,true
2026-06-16 18:00:00,2616.45,2616.56,2614.15,2615.20,true
2026-06-16 18:30:00,2615.63,2618.09,2612.99,2614.08,true
2026-06-16 19:00:00,2614.20,2614.54,2614.12,2614.46,true
2026-06-16 19:30:00,2614.35,2614.35,2608.00,2609.80,true
2026-06-16 20:00:00,2609.81,2611.97,2605.52,2605.79,true
2026-06-16 20:30:00,2605.49,2607.10,2604.68,2605.13,true
2026-06-16 21:00:00,2605.11,2628.64,2591.35,2607.33,true
2026-06-16 21:30:00,2607.19,2607.85,2604.80,2605.92,true
2026-06-16 22:00:00,2605.92,2606.90,2601.91,2604.12,true
2026-06-16 22:30:00,2604.26,2604.49,2601.04,2601.72,true
2026-06-16 23:00:00,2601.74,2603.64,2584.19,2596.10,true
2026-06-16 23:30:00,2596.07,2596.38,2596.00,2596.27,true
2026-06-17 01:00:00,2592.55,2608.86,2590.81,2606.87,true
2026-06-17 01:30:00,2606.82,2609.30,2604.80,2607.43,true
2026-06-17 02:00:00,2607.50,2613.61,2603.16,2612.35,true
2026-06-17 02:30:00,2612.55,2612.62,2611.11,2611.19,true
2026-06-17 03:00:00,2611.24,2616.05,2610.91,2616.04,true
2026-06-17 03:30:00,2616.22,2618.76,2605.31,2607.21,true
2026-06-17 04:00:00,2607.01,2616.48,2601.75,2615.12,true
2026-06-17 04:30:00,2614.95,2615.25,2607.74,2609.17,true
2026-06-17 05:00:00,2609.15,2616.07,2593.17,2612.17,true
2026-06-17 05:30:00,2611.97,2614.24,2610.04,2614.24,true
2026-06-17 06:00:00,2614.93,2620.92,2614.37,2618.92,true
2026-06-17 06:30:00,2618.68,2618.78,2611.49,2615.10,true
2026-06-17 07:00:00,2615.27,2615.27,2610.70,2612.19,true
2026-06-17 07:30:00,2612.35,2612.59,2611.80,2611.95,true
2026-06-17 08:00:00,2611.74,2614.36,2611.74,2614.03,true
2026-06-17 08:30:00,2614.17,2641.90,2612.89,2623.32,true
2026-06-17 09:00:00,2623.39,2623.65,2619.38,2620.02,true
2026-06-17 09:30:00,2619.97,2634.44,2585.42,2608.37,true
2026-06-17 10:00:00,2607.54,2610.36,2604.56,2605.08,true
2026-06-17 10:30:00,2604.61,2606.64,2596.98,2597.45,true
2026-06-17 11:00:00,2598.60,2598.60,2594.76,2597.32,true
2026-06-17 11:30:00,2597.64,2606.74,2597.59,2602.84,true
2026-06-17 12:00:00,2602.85,2609.11,2601.50,2607.83,true
2026-06-17 12:30:00,2607.77,2614.14,2607.56,2613.77,true
2026-06-17 13:00:00,2614.09,2637.27,2598.85,2636.41,true
2026-06-17 13:30:00,2635.52,2642.64,2624.34,2629.23,true
2026-06-17 14:00:00,2629.34,2637.04,2617.27,2622.37,true
2026-06-17 14:30:00,2622.10,2632.35,2612.11,2626.52,true
2026-06-17 15:00:00,2626.68,2634.91,2608.32,2609.37,true
2026-06-17 15:30:00,2609.35,2610.74,2608.72,2610.73,true
2026-06-17 16:00:00,2610.59,2611.40,2610.58,2611.08,true
2026-06-17 16:30:00,2610.56,2623.19,2609.12,2618.74,true
2026-06-17 17:00:00,2618.86,2619.97,2605.86,2614.72,true
2026-06-17 17:30:00,2614.72,2617.04,2604.33,2613.90,true
2026-06-17 18:00:00,2613.88,2633.24,2594.38,2627.56,true
2026-06-17 18:30:00,2627.56,2629.44,2607.97,2617.92,true
2026-06-17 19:00:00,2617.64,2623.90,2617.52,2623.23,true
2026-06-17 19:30:00,2623.63,2650.99,2614.39,2635.64,true
2026-06-17 20:00:00,2635.64,2636.21,2632.80,2633.50,true
2026-06-17 20:30:00,2633.47,2642.92,2630.69,2642.92,true
2026-06-17 21:00:00,2642.84,2647.36,2628.82,2636.81,true
2026-06-17 21:30:00,2636.87,2648.49,2636.09,2647.48,true
2026-06-17 22:00:00,2645.61,2648.65,2641.88,2643.19,true
2026-06-17 22:30:00,2643.03,2643.16,2635.47,2636.35,true
2026-06-17 23:00:00,2636.28,2636.28,2608.25,2631.98,true
2026-06-17 23:30:00,2632.00,2632.00,2626.14,2627.36,true
2026-06-18 00:00:00,2626.85,2629.94,2619.27,2622.92,true
2026-06-18 00:30:00,2622.61,2624.35,2621.79,2622.95,true
2026-06-18 02:00:00,2623.06,2639.87,2606.44,2612.29,true
2026-06-18 02:30:00,2611.97,2611.97,2608.73,2609.27,true
2026-06-18 03:00:00,2609.50,2611.46,2605.33,2605.73,true
2026-06-18 03:30:00,2606.05,2607.87,2597.04,2601.90,true
2026-06-18 04:00:00,2601.82,2607.89,2598.47,2605.51,true
2026-06-18 04:30:00,2605.84,2647.10,2605.71,2624.66,true
2026-06-18 05:00:00,2624.95,2632.02,2621.30,2630.37,true
2026-06-18 05:30:00,2629.42,2632.31,2620.77,2624.13,true
2026-06-18 06:00:00,2624.13,2629.56,2622.26,2624.13,true
2026-06-18 06:30:00,2624.13,2633.87,2623.85,2633.29,true
2026-06-18 07:00:00,2633.42,2638.02,2633.33,2637.93,true
2026-06-18 07:30:00,2637.85,2644.44,2635.08,2642.09,true
2026-06-18 08:00:00,2642.10,2642.62,2640.91,2641.75,true
2026-06-18 08:30:00,2641.74,2648.21,2618.90,2631.18,true
2026-06-18 09:00:00,2631.21,2631.25,2623.48,2623.71,true
2026-06-18 09:30:00,2623.29,2623.29,2619.20,2620.74,true
2026-06-18 10:00:00,2620.78,2621.83,2605.37,2607.81,true
2026-06-18 10:30:00,2607.81,2615.99,2607.81,2615.15,true
2026-06-18 11:00:00,2615.66,2623.86,2581.46,2594.84,true
2026-06-18 11:30:00,2594.92,2616.94,2591.68,2614.86,true
2026-06-18 12:00:00,2615.13,2615.34,2615.04,2615.34,true
2026-06-18 12:30:00,2615.60,2615.64,2609.32,2609.99,true
2026-06-18 13:00:00,2610.08,2610.54,2610.03,2610.45,true
2026-06-18 13:30:00,2610.56,2611.66,2603.64,2604.02,true
2026-06-18 14:00:00,2603.60,2630.46,2570.98,2572.35,true
2026-06-18 14:30:00,2572.65,2582.66,2564.52,2576.78,true
2026-06-18 15:00:00,2576.59,2576.91,2576.52,2576.78,true
2026-06-18 15:30:00,2576.78,2579.73,2572.39,2572.49,true
2026-06-18 16:00:00,2571.95,2585.27,2569.64,2579.42,true
2026-06-18 16:30:00,2579.42,2594.42,2577.93,2592.62,true
2026-06-18 17:00:00,2593.36,2607.52,2492.13,2548.62,true
2026-06-18 17:30:00,2548.27,2549.39,2547.09,2547.43,true
2026-06-18 18:00:00,2548.42,2557.49,2546.44,2555.24,true
2026-06-18 18:30:00,2554.90,2604.07,2552.80,2559.37,true
2026-06-18 19:00:00,2558.93,2565.41,2546.53,2555.85,true
2026-06-18 19:30:00,2555.60,2555.60,2546.33,2549.42,true
2026-06-18 20:00:00,2550.65,2581.50,2548.86,2564.01,true
2026-06-18 20:30:00,2563.75,2567.23,2563.11,2566.69,true
2026-06-18 21:00:00,2566.69,2571.34,2565.55,2569.95,true
2026-06-18 21:30:00,2570.28,2604.01,2558.97,2566.09,true
2026-06-18 22:00:00,2566.10,2578.67,2558.13,2575.02,true
2026-06-18 22:30:00,2575.73,2623.22,2558.40,2611.09,true
2026-06-18 23:00:00,2608.19,2610.58,2604.21,2607.28,true
2026-06-18 23:30:00,2606.81,2614.79,2606.44,2611.36,true
2026-06-19 01:00:00,2610.14,2616.95,2585.22,2606.91,true
2026-06-19 01:30:00,2606.17,2608.50,2594.99,2602.21,true
2026-06-19 02:00:00,2602.29,2603.46,2602.16,2602.69,true
2026-06-19 02:30:00,2602.43,2613.17,2601.61,2606.94,true
2026-06-19 03:00:00,2606.53,2611.82,2589.06,2605.20,true
2026-06-19 03:30:00,2605.55,2605.92,2605.49,2605.90,true
2026-06-19 04:00:00,2605.71,2626.86,2592.33,2608.06,true
2026-06-19 04:30:00,2607.77,2630.65,2602.17,2604.73,true
2026-06-19 05:00:00,2605.38,2605.75,2605.07,2605.70,true
2026-06-19 05:30:00,2605.73,2609.46,2604.75,2609.07,true
2026-06-19 06:00:00,2607.42,2613.40,2607.31,2610.66,true
2026-06-19 06:30:00,2611.51,2620.52,2610.92,2619.93,true
2026-06-19 07:00:00,2619.44,2621.41,2613.38,2617.10,true
2026-06-19 07:30:00,2617.35,2620.88,2610.23,2614.73,true
2026-06-19 08:00:00,2614.73,2617.58,2614.73,2616.40,true
2026-06-19 08:30:00,2616.72,2624.37,2612.40,2620.71,true
2026-06-19 09:00:00,2620.63,2628.80,2617.76,2622.35,true
2026-06-19 09:30:00,2622.10,2640.06,2559.88,2626.43,true
2026-06-19 10:00:00,2626.43,2627.12,2621.25,2624.37,true
2026-06-19 10:30:00,2625.31,2628.77,2612.75,2623.17,true
2026-06-19 11:00:00,2623.22,2626.32,2619.46,2625.43,true
2026-06-19 11:30:00,2625.52,2626.96,2617.88,2620.54,true
2026-06-19 12:00:00,2620.26,2622.84,2605.64,2618.54,true
2026-06-19 12:30:00,2618.95,2626.04,2618.95,2622.82,true
2026-06-19 13:00:00,2622.86,2623.49,2621.73,2622.05,true
2026-06-19 13:30:00,2621.44,2623.82,2620.40,2623.24,true
2026-06-19 14:00:00,2622.98,2624.20,2622.98,2623.32,true
2026-06-19 14:30:00,2623.33,2623.40,2622.73,2622.82,true
2026-06-19 15:00:00,2622.78,2623.67,2612.82,2613.09,true
2026-06-19 15:30:00,2613.09,2637.27,2593.82,2594.79,true
2026-06-19 16:00:00,2594.91,2603.21,2594.20,2602.67,true
2026-06-19 16:30:00,2602.30,2604.12,2602.27,2604.06,true
2026-06-19 17:00:00,2603.40,2620.61,2602.50,2619.58,true
2026-06-19 17:30:00,2619.50,2636.50,2619.30,2634.84,true
2026-06-19 18:00:00,2635.21,2635.44,2632.95,2633.60,true
2026-06-19 18:30:00,2633.24,2638.66,2632.79,2637.96,true
2026-06-19 19:00:00,2637.84,2638.81,2637.42,2638.81,true
2026-06-19 19:30:00,2639.50,2640.42,2625.95,2634.75,true
2026-06-19 20:00:00,2634.92,2636.47,2628.49,2629.92,true
2026-06-19 20:30:00,2629.61,2639.81,2605.35,2633.74,true
2026-06-19 21:00:00,2633.74,2635.75,2620.89,2631.68,true
2026-06-19 21:30:00,2631.42,2647.58,2597.75,2635.46,true
2026-06-19 22:00:00,2635.44,2636.78,2616.12,2628.37,true
2026-06-19 22:30:00,2628.35,2630.35,2628.26,2629.76,true
2026-06-19 23:00:00,2630.00,2634.32,2628.82,2629.27,true
2026-06-19 23:30:00,2629.34,2632.80,2621.76,2625.82,true
